cik,ticker,source,entity_name
1090872,A,fundamentals,
1675149,AA,fundamentals,
1708646,AAAU,fundamentals,
2034334,AACB,fundamentals,
2034334,AACBR,current,Artius II Acquisition Inc.
2034334,AACBU,current,Artius II Acquisition Inc.
2092897,AACI,fundamentals,
2092897,AACIU,current,Armada Acquisition Corp. III
2092897,AACIW,current,Armada Acquisition Corp. III
2099906,AACO,fundamentals,
2099906,AACOU,current,Abony Acquisition Corp. I
2099906,AACOW,current,Abony Acquisition Corp. I
2102123,AACP,fundamentals,
2102123,AACPU,current,Apogee Acquisition Corp
6201,AAL,fundamentals,
8177,AAME,fundamentals,
1748824,AAMI,fundamentals,
1158114,AAOI,fundamentals,
824142,AAON,fundamentals,
1158449,AAP,fundamentals,
1134982,AAPI,fundamentals,
320193,AAPL,fundamentals,
1672571,AAQL,fundamentals,
1774857,AARD,fundamentals,
930245,AASP,fundamentals,
1500217,AAT,fundamentals,
943034,AATC,fundamentals,
1756390,AAWH,fundamentals,
825313,AB,fundamentals,
1576873,ABAT,fundamentals,
1551152,ABBV,fundamentals,
351569,ABCB,fundamentals,
1703057,ABCL,fundamentals,
20639,ABCP,fundamentals,
318306,ABEO,fundamentals,
1144980,ABG,fundamentals,
1095146,ABIT,fundamentals,
771497,ABM,fundamentals,
815094,ABMD,delisted_seed,ABIOMED INC
1559720,ABNB,fundamentals,
1576885,ABOS,fundamentals,
1893219,ABPO,fundamentals,
1893219,ABPWW,current,"Abpro Holdings, Inc."
1253986,ABR,fundamentals,
1253986,ABR-PD,current,ARBOR REALTY TRUST INC
1253986,ABR-PE,current,ARBOR REALTY TRUST INC
1253986,ABR-PF,current,ARBOR REALTY TRUST INC
1672688,ABSI,fundamentals,
1800,ABT,fundamentals,
1755953,ABTC,fundamentals,
1447028,ABUS,fundamentals,
1173313,ABVC,fundamentals,
1814287,ABX,fundamentals,
1814287,ABXL,current,"Abacus Global Management, Inc."
1739445,ACA,fundamentals,
2096900,ACAA,fundamentals,
2096900,ACAAU,current,Averin Capital Acquisition Corp.
2096900,ACAAW,current,Averin Capital Acquisition Corp.
1070494,ACAD,fundamentals,
1781726,ACAT,fundamentals,
1622996,ACBM,fundamentals,
712034,ACCO,fundamentals,
843006,ACCS,fundamentals,
1881487,ACDC,fundamentals,
1698991,ACEL,fundamentals,
1720580,ACET,fundamentals,
880984,ACFN,fundamentals,
947484,ACGL,fundamentals,
947484,ACGLN,current,ARCH CAPITAL GROUP LTD.
947484,ACGLO,current,ARCH CAPITAL GROUP LTD.
1642122,ACGP,fundamentals,
75252,ACH,fundamentals,
1520697,ACHC,fundamentals,
1824502,ACHR,fundamentals,
1824502,ACHR-WT,current,Archer Aviation Inc.
949858,ACHV,fundamentals,
1646972,ACI,fundamentals,
1401521,ACIC,fundamentals,
935036,ACIW,fundamentals,
1113232,ACLS,fundamentals,
1786205,ACLX,fundamentals,
868857,ACM,fundamentals,
1680062,ACMR,fundamentals,
1467373,ACN,fundamentals,
715579,ACNB,fundamentals,
95953,ACNT,fundamentals,
1655923,ACOG,fundamentals,
1635077,ACON,fundamentals,
1635077,ACONW,current,"Aclarion, Inc."
1133116,ACPS,fundamentals,
1860484,ACQC,fundamentals,
1332551,ACR,fundamentals,
1332551,ACR-PC,current,ACRES Commercial Realty Corp.
1332551,ACR-PD,current,ACRES Commercial Realty Corp.
1529377,ACRE,fundamentals,
773717,ACRG,fundamentals,
1584618,ACRL,fundamentals,
1557746,ACRS,fundamentals,
1781174,ACRV,fundamentals,
1823529,ACT,fundamentals,
934549,ACTG,fundamentals,
1652935,ACTU,fundamentals,
2098,ACU,fundamentals,
1850767,ACUT,fundamentals,
1637873,ACVA,fundamentals,
1736243,ACXP,fundamentals,
821130,AD,fundamentals,
2083002,ADAC,fundamentals,
2083002,ADACU,current,American Drive Acquisition Co
2083002,ADACW,current,American Drive Acquisition Co
1273685,ADAM,fundamentals,
1273685,ADAMG,current,"ADAMAS TRUST, INC."
1273685,ADAMH,current,"ADAMAS TRUST, INC."
1273685,ADAMI,current,"ADAMAS TRUST, INC."
1273685,ADAML,current,"ADAMAS TRUST, INC."
1273685,ADAMM,current,"ADAMAS TRUST, INC."
1273685,ADAMN,current,"ADAMAS TRUST, INC."
1273685,ADAMO,current,"ADAMAS TRUST, INC."
1273685,ADAMZ,current,"ADAMAS TRUST, INC."
1621227,ADAPY,fundamentals,
796343,ADBE,fundamentals,
917251,ADC,fundamentals,
917251,ADC-PA,current,AGREE REALTY CORP
1771910,ADCT,fundamentals,
1803696,ADEA,fundamentals,
2006986,ADGM,fundamentals,
6281,ADI,fundamentals,
1160420,ADIA,fundamentals,
1513525,ADIL,fundamentals,
7084,ADM,fundamentals,
1368514,ADMA,fundamentals,
1171008,ADMG,fundamentals,
1588014,ADMQ,fundamentals,
849401,ADMT,fundamentals,
1744494,ADNH,fundamentals,
1670541,ADNT,fundamentals,
8670,ADP,fundamentals,
1478320,ADPT,fundamentals,
769397,ADSK,fundamentals,
1703056,ADT,fundamentals,
1420924,ADTI,fundamentals,
926282,ADTN,fundamentals,
1726711,ADTX,fundamentals,
1468328,ADUS,fundamentals,
1776661,ADV,fundamentals,
1941029,ADVB,fundamentals,
1852016,AEAE,fundamentals,
1852016,AEAEU,current,AltEnergy Acquisition Corp
1852016,AEAEW,current,AltEnergy Acquisition Corp
2083689,AEAQ,fundamentals,
2083689,AEAQU,current,Activate Energy Acquisition Corp.
2083689,AEAQW,current,Activate Energy Acquisition Corp.
2048519,AEBI,fundamentals,
1002910,AEE,fundamentals,
1040470,AEHR,fundamentals,
1750106,AEI,fundamentals,
927003,AEIS,fundamentals,
882291,AEMD,fundamentals,
1823584,AENT,fundamentals,
1823584,AENTW,current,ALLIANCE ENTERTAINMENT HOLDING CORP
919012,AEO,fundamentals,
1837607,AEON,fundamentals,
4904,AEP,fundamentals,
1605331,AERA,fundamentals,
879911,AERG,fundamentals,
879911,AERGP,current,"APPLIED ENERGETICS, INC."
1853044,AERT,fundamentals,
1853044,AERTW,current,"Aeries Technology, Inc."
874761,AES,fundamentals,
1984060,AESI,fundamentals,
2082526,AESP,fundamentals,
2082526,AESPU,current,Aeon Acquisition I Corp.
764630,AETN,fundamentals,
1789029,AEVA,fundamentals,
2079173,AEXA,fundamentals,
1362190,AEYE,fundamentals,
1823406,AFBI,fundamentals,
1822523,AFCG,fundamentals,
1042046,AFG,fundamentals,
1042046,AFGB,current,AMERICAN FINANCIAL GROUP INC
1042046,AFGC,current,AMERICAN FINANCIAL GROUP INC
1042046,AFGD,current,AMERICAN FINANCIAL GROUP INC
1042046,AFGE,current,AMERICAN FINANCIAL GROUP INC
1979005,AFJK,fundamentals,
1979005,AFJKR,current,"Aimei Health Technology Co., Ltd."
1979005,AFJKU,current,"Aimei Health Technology Co., Ltd."
4977,AFL,fundamentals,
1820953,AFRM,fundamentals,
880266,AGCO,fundamentals,
1098972,AGEN,fundamentals,
1109262,AGGI,fundamentals,
1109262,AGGID,current,"BILI Social International, Inc."
2009312,AGH,current,Aureus Greenway Holdings Inc
1156041,AGIG,fundamentals,
1439222,AGIO,fundamentals,
1831097,AGL,fundamentals,
1673504,AGLY,fundamentals,
845877,AGM,fundamentals,
845877,AGM-A,current,FEDERAL AGRICULTURAL MORTGAGE CORP
845877,AGM-PD,current,FEDERAL AGRICULTURAL MORTGAGE CORP
845877,AGM-PE,current,FEDERAL AGRICULTURAL MORTGAGE CORP
845877,AGM-PF,current,FEDERAL AGRICULTURAL MORTGAGE CORP
845877,AGM-PG,current,FEDERAL AGRICULTURAL MORTGAGE CORP
845877,AGM-PH,current,FEDERAL AGRICULTURAL MORTGAGE CORP
845877,AGM-PI,current,FEDERAL AGRICULTURAL MORTGAGE CORP
850693,AGN,delisted_seed,ALLERGAN INC
1423689,AGNC,fundamentals,
1423689,AGNCL,current,AGNC Investment Corp.
1423689,AGNCM,current,AGNC Investment Corp.
1423689,AGNCN,current,AGNC Investment Corp.
1423689,AGNCO,current,AGNC Investment Corp.
1423689,AGNCP,current,AGNC Investment Corp.
1423689,AGNCZ,current,AGNC Investment Corp.
1495932,AGNT,fundamentals,
1273813,AGO,fundamentals,
1446159,AGPU,fundamentals,
1415311,AGQ,fundamentals,
1514443,AGSS,fundamentals,
1603345,AGTX,fundamentals,
100591,AGX,fundamentals,
78749,AGYS,fundamentals,
1725255,AHCO,fundamentals,
1545236,AHII,fundamentals,
1267395,AHL-PD,fundamentals,
1267395,AHL-PE,current,ASPEN INSURANCE HOLDINGS LTD
1267395,AHL-PF,current,ASPEN INSURANCE HOLDINGS LTD
1304409,AHNRF,fundamentals,
1632970,AHR,fundamentals,
1338929,AHRO,fundamentals,
1569187,AHRT,fundamentals,
1569187,AHRT-PA,current,"AH Realty Trust, Inc."
1232582,AHT,fundamentals,
1232582,AHT-PD,current,ASHFORD HOSPITALITY TRUST INC
1232582,AHT-PF,current,ASHFORD HOSPITALITY TRUST INC
1232582,AHT-PG,current,ASHFORD HOSPITALITY TRUST INC
1232582,AHT-PH,current,ASHFORD HOSPITALITY TRUST INC
1232582,AHT-PI,current,ASHFORD HOSPITALITY TRUST INC
1577526,AI,fundamentals,
2096362,AIAI,fundamentals,
2070542,AIB,fundamentals,
1763329,AIBT,fundamentals,
1702015,AIDG,fundamentals,
1139685,AIDX,fundamentals,
1912582,AIEV,fundamentals,
1708341,AIFA,fundamentals,
862861,AIFC,fundamentals,
803578,AIFF,fundamentals,
5272,AIG,fundamentals,
1711012,AIHS,fundamentals,
2007587,AII,fundamentals,
2073553,AIIA,fundamentals,
2073553,AIIA-RI,current,AI Infrastructure Acquisition Corp.
2073553,AIIA-UN,current,AI Infrastructure Acquisition Corp.
946644,AIM,fundamentals,
1014763,AIMD,fundamentals,
1014763,AIMDW,current,"Ainos, Inc."
819793,AIN,fundamentals,
1774170,AIOT,fundamentals,
1667011,AIP,fundamentals,
1750,AIR,fundamentals,
1859199,AIRE,fundamentals,
1272842,AIRG,fundamentals,
1009891,AIRI,fundamentals,
1855474,AIRJ,fundamentals,
1855474,AIRJW,current,AirJoule Technologies Corp.
1927958,AIRO,fundamentals,
1870940,AIRS,fundamentals,
353184,AIRT,fundamentals,
353184,AIRTP,current,AIR T INC
1842566,AISP,fundamentals,
1842566,AISPW,current,"Airship AI Holdings, Inc."
109563,AIT,fundamentals,
1498148,AITX,fundamentals,
922864,AIV,fundamentals,
1460702,AIXC,fundamentals,
835662,AIXN,fundamentals,
1267238,AIZ,fundamentals,
1267238,AIZN,current,"ASSURANT, INC."
354190,AJG,fundamentals,
1865107,AKA,fundamentals,
1086222,AKAM,fundamentals,
1517022,AKBA,fundamentals,
899629,AKR,fundamentals,
2035832,AKTS,fundamentals,
1541157,AKTX,fundamentals,
1736297,ALAB,fundamentals,
915913,ALB,fundamentals,
915913,ALB-PA,current,ALBEMARLE CORP
1630212,ALBT,fundamentals,
3545,ALCO,fundamentals,
1901336,ALCUF,current,Alchemy Investments Acquisition Corp 1
1901336,ALCWF,current,Alchemy Investments Acquisition Corp 1
1901336,ALCY,current,Alchemy Investments Acquisition Corp 1
1901336,ALCYF,fundamentals,
1901336,ALCYU,current,Alchemy Investments Acquisition Corp 1
1901336,ALCYW,current,Alchemy Investments Acquisition Corp 1
1062506,ALDA,fundamentals,
2031561,ALDF,fundamentals,
2031561,ALDFU,current,Aldel Financial II Inc.
2031561,ALDFW,current,Aldel Financial II Inc.
1755101,ALDS,fundamentals,
1755101,ALDSD,current,APPlife Digital Solutions Inc
1341235,ALDX,fundamentals,
1653087,ALEC,fundamentals,
2010930,ALF,fundamentals,
2010930,ALFUU,current,Centurion Acquisition Corp.
2010930,ALFUW,current,Centurion Acquisition Corp.
897077,ALG,fundamentals,
866291,ALGM,fundamentals,
1097149,ALGN,fundamentals,
1799448,ALGS,fundamentals,
1362468,ALGT,fundamentals,
1317685,ALH,fundamentals,
1832466,ALHC,fundamentals,
2026767,ALIS,fundamentals,
2026767,ALISR,current,Calisa Acquisition Corp
2026767,ALISU,current,Calisa Acquisition Corp
1809104,ALIT,fundamentals,
766421,ALK,fundamentals,
1520262,ALKS,fundamentals,
1529274,ALKT,fundamentals,
899051,ALL,fundamentals,
899051,ALL-PB,current,ALLSTATE CORP
899051,ALL-PH,current,ALLSTATE CORP
899051,ALL-PI,current,ALLSTATE CORP
899051,ALL-PJ,current,ALLSTATE CORP
1579241,ALLE,fundamentals,
1737287,ALLO,fundamentals,
1860657,ALLR,fundamentals,
40729,ALLY,fundamentals,
2104204,ALMR,fundamentals,
1847367,ALMS,fundamentals,
1828805,ALMU,fundamentals,
46129,ALNT,fundamentals,
1178670,ALNY,fundamentals,
8146,ALOT,fundamentals,
2083989,ALOV,fundamentals,
2083989,ALOVU,current,"Aldabra 4 Liquidity Opportunity Vehicle, Inc."
2083989,ALOVW,current,"Aldabra 4 Liquidity Opportunity Vehicle, Inc."
1567900,ALOY,fundamentals,
1459200,ALRM,fundamentals,
903419,ALRS,fundamentals,
1865111,ALSAF,fundamentals,
1411207,ALSN,fundamentals,
1865111,ALSTF,current,Alpha Star Acquisition Corp
1865111,ALSUF,current,Alpha Star Acquisition Corp
1865111,ALSWF,current,Alpha Star Acquisition Corp
1326190,ALT,fundamentals,
1642365,ALTB,fundamentals,
1759824,ALTG,fundamentals,
1759824,ALTG-PA,current,ALTA EQUIPMENT GROUP INC.
1838615,ALTI,fundamentals,
778164,ALTO,fundamentals,
775057,ALTX,fundamentals,
2041493,ALUB,fundamentals,
2041493,ALUB-UN,current,Alussa Energy Acquisition Corp. II
2041493,ALUB-WT,current,Alussa Energy Acquisition Corp. II
1964979,ALUR,fundamentals,
1964979,ALURW,current,"ALLURION TECHNOLOGIES, INC."
1034670,ALV,fundamentals,
3499,ALX,fundamentals,
899866,ALXN,delisted_seed,ALEXION PHARMACEUTICALS INC
1810182,ALXO,fundamentals,
1677077,ALZN,fundamentals,
1623925,AM,fundamentals,
1823608,AMAL,fundamentals,
2112457,AMAN,fundamentals,
6951,AMAT,fundamentals,
1280263,AMBA,fundamentals,
1494558,AMBO,fundamentals,
1500412,AMBQ,fundamentals,
1411579,AMC,fundamentals,
1748790,AMCCF,current,Amcor plc
1937891,AMCI,fundamentals,
1748790,AMCR,fundamentals,
1514991,AMCX,fundamentals,
2488,AMD,fundamentals,
1037868,AME,fundamentals,
896262,AMED,delisted_seed,AMEDISYS INC
96664,AMFN,fundamentals,
1004434,AMG,fundamentals,
318154,AMGN,fundamentals,
1562401,AMH,fundamentals,
1562401,AMH-PG,current,American Homes 4 Rent
1562401,AMH-PH,current,American Homes 4 Rent
1617867,AMIX,fundamentals,
19617,AMJB,current,JPMORGAN CHASE & CO
1047127,AMKR,fundamentals,
1356371,AMLM,fundamentals,
1658551,AMLX,fundamentals,
1142750,AMN,fundamentals,
1862463,AMOD,fundamentals,
1862463,AMODW,current,"ALPHA MODUS HOLDINGS, INC."
820027,AMP,fundamentals,
1518461,AMPG,fundamentals,
1518461,AMPGR,current,"AmpliTech Group, Inc."
1518461,AMPGZ,current,"AmpliTech Group, Inc."
1297184,AMPH,fundamentals,
1866692,AMPL,fundamentals,
1899287,AMPX,fundamentals,
1899287,AMPX-WT,current,"Amprius Technologies, Inc."
1533924,AMPY,fundamentals,
1704715,AMR,fundamentals,
1488139,AMRC,fundamentals,
897448,AMRN,fundamentals,
1723128,AMRX,fundamentals,
2035989,AMRZ,fundamentals,
744825,AMS,fundamentals,
880807,AMSC,fundamentals,
1018979,AMSF,fundamentals,
1851491,AMSS,fundamentals,
1807166,AMST,fundamentals,
1053507,AMT,fundamentals,
1734342,AMTB,fundamentals,
2011286,AMTM,fundamentals,
738214,AMTX,fundamentals,
794619,AMWD,fundamentals,
1393584,AMWL,fundamentals,
1880343,AMZE,fundamentals,
1018724,AMZN,fundamentals,
350698,AN,fundamentals,
1370053,ANAB,fundamentals,
821026,ANDE,fundamentals,
2065708,ANDG,fundamentals,
50104,ANDV,delisted_seed,ANDEAVOR
1815974,ANEB,fundamentals,
1596532,ANET,fundamentals,
1018840,ANF,fundamentals,
1039828,ANG-PD,fundamentals,
1705110,ANGI,fundamentals,
1275187,ANGO,fundamentals,
1865200,ANGX,fundamentals,
898437,ANIK,fundamentals,
1023024,ANIP,fundamentals,
715446,ANIX,fundamentals,
1781629,ANKM,fundamentals,
1845123,ANNA,fundamentals,
1845123,ANNAW,current,"AleAnna, Inc."
1528115,ANNX,fundamentals,
1999480,ANRO,fundamentals,
1854149,ANSC,fundamentals,
1854149,ANSCU,current,Agriculture & Natural Solutions Acquisition Corp
1854149,ANSCW,current,Agriculture & Natural Solutions Acquisition Corp
1880438,ANTX,fundamentals,
1570132,ANVI,fundamentals,
1477845,ANVS,fundamentals,
1591956,ANY,fundamentals,
1766478,AOMD,current,"Angel Oak Mortgage REIT, Inc."
1766478,AOMN,current,"Angel Oak Mortgage REIT, Inc."
1766478,AOMR,fundamentals,
315293,AON,fundamentals,
784199,AORT,fundamentals,
91142,AOS,fundamentals,
1387467,AOSL,fundamentals,
1808997,AOUT,fundamentals,
352991,AOXY,fundamentals,
6176,AP,fundamentals,
1841666,APA,fundamentals,
2043630,APAC,fundamentals,
2043630,APACR,current,StoneBridge Acquisition II Corp
2043630,APACU,current,StoneBridge Acquisition II Corp
1517302,APAM,fundamentals,
2080921,APC,fundamentals,
1070050,APCX,fundamentals,
1070050,APCXW,current,AppTech Payments Corp.
2969,APD,fundamentals,
1201792,APEI,fundamentals,
1796209,APG,fundamentals,
1974640,APGE,fundamentals,
820313,APH,fundamentals,
1490054,APHD,fundamentals,
1771995,APHP,fundamentals,
1144879,APLD,fundamentals,
1418121,APLE,fundamentals,
1858681,APO,fundamentals,
1858681,APO-PA,current,"Apollo Global Management, Inc."
6845,APOG,fundamentals,
1858681,APOS,current,"Apollo Global Management, Inc."
1751008,APP,fundamentals,
1433195,APPF,fundamentals,
1441683,APPN,fundamentals,
317788,APPS,fundamentals,
1781983,APRE,fundamentals,
1553264,APSI,fundamentals,
884269,APT,fundamentals,
1938571,APTN,fundamentals,
882361,APTOF,fundamentals,
1521332,APTV,fundamentals,
2093524,APUR,fundamentals,
2093524,APURR,current,Aperture AC
2093524,APURU,current,Aperture AC
1894525,APUS,fundamentals,
1671584,APVO,fundamentals,
2079253,APXT,fundamentals,
2079253,APXTU,current,Apex Treasury Corp
2079253,APXTW,current,Apex Treasury Corp
1568969,APYP,current,Techlott Inc.
719135,APYX,fundamentals,
1603978,AQB,fundamentals,
1621832,AQMS,fundamentals,
1398733,AQST,fundamentals,
1433270,AR,fundamentals,
1818274,ARAI,fundamentals,
1138723,ARAY,fundamentals,
894405,ARCB,fundamentals,
1287750,ARCC,fundamentals,
1037676,ARCH,delisted_seed,ARCH COAL INC
2083910,ARCI,fundamentals,
2083910,ARCIU,current,Archimedes Tech SPAC Partners III Co.
2083910,ARCIW,current,Archimedes Tech SPAC Partners III Co.
2073515,ARCL,fundamentals,
2073515,ARCLU,current,ARC Group Acquisition I Corp.
1768224,ARCT,fundamentals,
1756655,ARDT,fundamentals,
1437402,ARDX,fundamentals,
1035443,ARE,fundamentals,
1648087,AREB,fundamentals,
1648087,AREBW,current,AMERICAN REBEL HOLDINGS INC
1590715,AREC,fundamentals,
894871,AREN,fundamentals,
1176948,ARES,fundamentals,
1176948,ARES-PB,current,Ares Management Corp
1875444,ARHS,fundamentals,
1467760,ARI,fundamentals,
1869699,ARKB,fundamentals,
1823794,ARKO,fundamentals,
779544,ARKR,fundamentals,
1102238,ARL,fundamentals,
1736946,ARLO,fundamentals,
1086600,ARLP,fundamentals,
1584509,ARMK,fundamentals,
921114,ARMP,fundamentals,
1080709,ARNA,delisted_seed,ARENA PHARMACEUTICALS INC
1389050,AROC,fundamentals,
717538,AROW,fundamentals,
1515156,ARQ,fundamentals,
1787306,ARQT,fundamentals,
1428205,ARR,fundamentals,
1428205,ARR-PC,current,"Armour Residential REIT, Inc."
1530425,ARRT,fundamentals,
1820721,ARRY,fundamentals,
2086545,ARTC,fundamentals,
2086545,ARTCU,current,Art Technology Acquisition Corp.
2086545,ARTCW,current,Art Technology Acquisition Corp.
1621221,ARTL,fundamentals,
863110,ARTNA,fundamentals,
863110,ARTNB,current,ARTESIAN RESOURCES CORP
1817241,ARTV,fundamentals,
7623,ARTW,fundamentals,
1655759,ARVN,fundamentals,
7536,ARW,fundamentals,
879407,ARWR,fundamentals,
1997350,ARX,fundamentals,
2093536,ARXS,fundamentals,
1477720,ASAN,fundamentals,
7789,ASB,fundamentals,
7789,ASB-PE,current,ASSOCIATED BANC-CORP
7789,ASB-PF,current,ASSOCIATED BANC-CORP
7789,ASBA,current,ASSOCIATED BANC-CORP
1847345,ASBP,fundamentals,
1847345,ASBPW,current,"Aspire Biopharma Holdings, Inc."
1876716,ASCBF,fundamentals,
1876716,ASCRF,current,ASPAC II Acquisition Corp.
1876716,ASCWF,current,ASPAC II Acquisition Corp.
1828748,ASFH,fundamentals,
1651992,ASFT,fundamentals,
1674862,ASH,fundamentals,
2040491,ASIC,fundamentals,
1464865,ASII,fundamentals,
1673985,ASIX,fundamentals,
1754170,ASLE,fundamentals,
1426800,ASMB,fundamentals,
1141284,ASNS,fundamentals,
1817358,ASO,fundamentals,
1890361,ASPC,fundamentals,
1890361,ASPCR,current,ASPAC III Acquisition Corp.
1890361,ASPCU,current,ASPAC III Acquisition Corp.
1921865,ASPI,fundamentals,
1145986,ASPN,fundamentals,
1462418,ASPS,fundamentals,
1462418,ASPSW,current,ALTISOURCE PORTFOLIO SOLUTIONS S.A.
1462418,ASPSZ,current,ALTISOURCE PORTFOLIO SOLUTIONS S.A.
1487198,ASPU,fundamentals,
1231339,ASRE,fundamentals,
1808665,ASRT,fundamentals,
707605,ASRV,fundamentals,
1920406,ASST,fundamentals,
1001907,ASTC,fundamentals,
792987,ASTE,fundamentals,
1083446,ASTH,fundamentals,
1350102,ASTI,fundamentals,
1780312,ASTS,fundamentals,
884144,ASUR,fundamentals,
1876716,ASUUF,current,ASPAC II Acquisition Corp.
720500,ASYS,fundamentals,
1840904,ATAI,fundamentals,
1963088,ATCH,fundamentals,
1963088,ATCHW,current,"AtlasClear Holdings, Inc."
1068689,ATDS,fundamentals,
1350653,ATEC,fundamentals,
1882198,ATEK,fundamentals,
1882198,ATEKU,current,Athena Technology Acquisition Corp. II
1882198,ATEKW,current,Athena Technology Acquisition Corp. II
1580808,ATEN,fundamentals,
1757715,ATER,fundamentals,
1304492,ATEX,fundamentals,
730464,ATGE,delisted_seed,Adtalem Global Education Inc.
1527469,ATH-PA,fundamentals,
1527469,ATH-PB,current,Athene Holding Ltd.
1527469,ATH-PD,current,Athene Holding Ltd.
1527469,ATH-PE,current,Athene Holding Ltd.
2026353,ATHR,fundamentals,
1527469,ATHS,current,Athene Holding Ltd.
1018963,ATI,fundamentals,
2028516,ATII,fundamentals,
2028516,ATIIU,current,Archimedes Tech SPAC Partners II Co.
2028516,ATIIW,current,Archimedes Tech SPAC Partners II Co.
1666138,ATKR,fundamentals,
1464343,ATLC,fundamentals,
1464343,ATLCL,current,Atlanticus Holdings Corp
1464343,ATLCP,current,Atlanticus Holdings Corp
1464343,ATLCZ,current,Atlanticus Holdings Corp
1605888,ATLN,fundamentals,
1132651,ATLO,fundamentals,
1540684,ATLX,fundamentals,
1484674,ATMH,fundamentals,
1921963,ATMU,fundamentals,
879585,ATNI,fundamentals,
1388320,ATNM,fundamentals,
731802,ATO,fundamentals,
1420520,ATOM,fundamentals,
1488039,ATOS,fundamentals,
1713210,ATPC,fundamentals,
896622,ATR,fundamentals,
1604464,ATRA,fundamentals,
1323885,ATRC,fundamentals,
8063,ATRO,fundamentals,
8063,ATROB,current,ASTRONICS CORP
1702780,ATUS,delisted_seed,"Altice USA, Inc."
718877,ATVI,delisted_seed,"Activision Blizzard, Inc."
1530185,ATVK,fundamentals,
1650101,ATXG,fundamentals,
1644963,ATXI,fundamentals,
1339970,ATYR,fundamentals,
883948,AUB,fundamentals,
883948,AUB-PA,current,Atlantic Union Bankshares Corp
750574,AUBN,fundamentals,
1755058,AUC,fundamentals,
1534154,AUID,fundamentals,
1011509,AUMN,fundamentals,
1600620,AUPH,fundamentals,
1828108,AUR,fundamentals,
1501796,AURA,fundamentals,
1828108,AUROW,current,"Aurora Innovation, Inc."
1091596,AURX,fundamentals,
826253,AUSI,fundamentals,
1730463,AUTL,fundamentals,
1554818,AUUD,fundamentals,
104918,AVA,fundamentals,
1832332,AVAH,fundamentals,
1740797,AVAI,fundamentals,
2092446,AVAT,fundamentals,
1368622,AVAV,fundamentals,
915912,AVB,fundamentals,
2058758,AVBC,fundamentals,
1443575,AVBH,fundamentals,
1868279,AVBP,fundamentals,
5981,AVD,fundamentals,
1730168,AVGO,fundamentals,
1762303,AVHHL,current,"AVITA Medical, Inc."
1593899,AVIR,fundamentals,
1540171,AVLN,fundamentals,
1348036,AVLR,delisted_seed,AVALARA INC
1113313,AVNI,fundamentals,
1606498,AVNS,fundamentals,
1122976,AVNT,fundamentals,
1377789,AVNW,fundamentals,
1802974,AVO,fundamentals,
1777921,AVPT,fundamentals,
2011514,AVR,fundamentals,
8858,AVT,fundamentals,
1722482,AVTR,fundamentals,
1534120,AVTX,fundamentals,
1826397,AVX,fundamentals,
1314052,AVXL,fundamentals,
8818,AVY,fundamentals,
1021917,AWCA,fundamentals,
926617,AWHL,fundamentals,
7431,AWI,fundamentals,
1410636,AWK,fundamentals,
1056903,AWR,fundamentals,
1015739,AWRE,fundamentals,
1061069,AWX,fundamentals,
1299709,AX,fundamentals,
805928,AXGN,fundamentals,
1718500,AXIL,fundamentals,
1514946,AXIM,fundamentals,
2057030,AXIN,fundamentals,
2057030,AXINR,current,Axiom Intelligence Acquisition Corp 1
2057030,AXINU,current,Axiom Intelligence Acquisition Corp 1
1603756,AXNX,delisted_seed,"Axonics, Inc."
1069183,AXON,fundamentals,
4962,AXP,fundamentals,
6207,AXR,fundamentals,
1214816,AXS,fundamentals,
1214816,AXS-PE,current,AXIS CAPITAL HOLDINGS LTD
1579428,AXSM,fundamentals,
1616862,AXTA,fundamentals,
1051627,AXTI,fundamentals,
1144215,AYI,fundamentals,
1362988,AYR,fundamentals,
1385818,AYTU,fundamentals,
866787,AZO,fundamentals,
1897982,AZPN,delisted_seed,"Aspen Technology, Inc."
933974,AZTA,fundamentals,
1701478,AZTR,fundamentals,
8947,AZZ,fundamentals,
12927,BA,fundamentals,
12927,BA-PA,current,BOEING CO
1123596,BABB,fundamentals,
70858,BAC,fundamentals,
70858,BAC-PB,current,BANK OF AMERICA CORP /DE/
70858,BAC-PE,current,BANK OF AMERICA CORP /DE/
70858,BAC-PK,current,BANK OF AMERICA CORP /DE/
70858,BAC-PL,current,BANK OF AMERICA CORP /DE/
70858,BAC-PM,current,BANK OF AMERICA CORP /DE/
70858,BAC-PN,current,BANK OF AMERICA CORP /DE/
70858,BAC-PO,current,BANK OF AMERICA CORP /DE/
70858,BAC-PP,current,BANK OF AMERICA CORP /DE/
70858,BAC-PQ,current,BANK OF AMERICA CORP /DE/
70858,BAC-PS,current,BANK OF AMERICA CORP /DE/
2059654,BACC,fundamentals,
2059654,BACCR,current,Blue Acquisition Corp/Cayman
2059654,BACCU,current,Blue Acquisition Corp/Cayman
1729944,BACK,fundamentals,
70858,BACRP,current,BANK OF AMERICA CORP /DE/
1941536,BAER,fundamentals,
1941536,BAERW,current,"Bridger Aerospace Group Holdings, Inc."
1649739,BAFN,fundamentals,
1443646,BAH,fundamentals,
9389,BALL,fundamentals,
1747079,BALY,fundamentals,
1937926,BAM,fundamentals,
1169770,BANC,fundamentals,
1169770,BANC-PF,current,"BANC OF CALIFORNIA, INC."
1514416,BAND,fundamentals,
760498,BANF,fundamentals,
760498,BANFP,current,BANCFIRST CORP /OK/
946673,BANR,fundamentals,
1690437,BAR,fundamentals,
1819574,BARK,fundamentals,
1448705,BASA,fundamentals,
1282648,BATL,fundamentals,
1958140,BATRA,fundamentals,
1958140,BATRB,current,"Atlanta Braves Holdings, Inc."
1958140,BATRK,current,"Atlanta Braves Holdings, Inc."
10456,BAX,fundamentals,
1969475,BAYA,current,Bayview Acquisition Corp
1969475,BAYAR,current,Bayview Acquisition Corp
1969475,BAYAU,fundamentals,
1070235,BB,fundamentals,
1836981,BBAI,fundamentals,
1836981,BBAI-WT,current,"BigBear.ai Holdings, Inc."
1130713,BBBY,fundamentals,
1130713,BBBY-WT,current,"BED BATH & BEYOND, INC."
1703956,BBCP,fundamentals,
2088295,BBCQ,fundamentals,
2088295,BBCQU,current,Bleichroeder Acquisition Corp. II
2088295,BBCQW,current,Bleichroeder Acquisition Corp. II
1379785,BBDC,fundamentals,
1099160,BBGI,fundamentals,
1743881,BBIO,fundamentals,
1419554,BBLG,fundamentals,
1419554,BBLGW,current,Bone Biologics Corp
1873722,BBLR,fundamentals,
1674632,BBNX,fundamentals,
1869105,BBOT,fundamentals,
902791,BBSI,fundamentals,
1108134,BBT,fundamentals,
1113809,BBW,fundamentals,
701985,BBWI,fundamentals,
1814974,BBXIA,current,"BBX Capital, Inc."
1814974,BBXIB,fundamentals,
764478,BBY,fundamentals,
14930,BC,fundamentals,
14930,BC-PC,current,BRUNSWICK CORP
1826892,BCAB,fundamentals,
1795815,BCAL,fundamentals,
2065779,BCAR,fundamentals,
2065779,BCARU,current,D. Boral ARC Acquisition I Corp.
2065779,BCARW,current,D. Boral ARC Acquisition I Corp.
2023658,BCAX,fundamentals,
1228454,BCBP,fundamentals,
1328581,BCC,fundamentals,
925741,BCDA,fundamentals,
1953984,BCG,fundamentals,
1953984,BCGWW,current,"Binah Capital Group, Inc."
1732409,BCHG,fundamentals,
728385,BCHT,fundamentals,
1372807,BCIC,fundamentals,
1137883,BCLI,fundamentals,
1730984,BCML,fundamentals,
78890,BCO,fundamentals,
1847360,BCOW,fundamentals,
9326,BCPC,fundamentals,
1496690,BCRD,fundamentals,
882796,BCRX,fundamentals,
1655050,BCSF,fundamentals,
2064355,BCSS,fundamentals,
2064355,BCSS-UN,current,Bain Capital GSS Investment Corp.
2064355,BCSS-WT,current,Bain Capital GSS Investment Corp.
1668340,BCTF,fundamentals,
1610820,BCTX,fundamentals,
1610820,BCTXL,current,BriaCell Therapeutics Corp.
1610820,BCTXZ,current,BriaCell Therapeutics Corp.
1761612,BCYC,fundamentals,
913142,BDC,fundamentals,
2042292,BDCI,fundamentals,
2042292,BDCIU,current,BTC Development Corp.
2042292,BDCIW,current,BTC Development Corp.
793306,BDCO,fundamentals,
12040,BDL,fundamentals,
790816,BDN,fundamentals,
1575142,BDPT,fundamentals,
1610940,BDRY,fundamentals,
1439725,BDSX,fundamentals,
2041531,BDTB,fundamentals,
1701541,BDTX,fundamentals,
10795,BDX,fundamentals,
1664703,BE,fundamentals,
1852207,BEAG,fundamentals,
1852207,BEAGR,current,Bold Eagle Acquisition Corp.
1852207,BEAGU,current,Bold Eagle Acquisition Corp.
1745999,BEAM,fundamentals,
1779372,BEAT,fundamentals,
1779372,BEATW,current,"HeartBeam, Inc."
2079933,BEBE,fundamentals,
2079933,BEBE-UN,current,TGE Value Creative Solutions Corp
2079933,BEBE-WT,current,TGE Value Creative Solutions Corp
1398805,BEEM,fundamentals,
1847874,BEEP,fundamentals,
1483646,BEGI,fundamentals,
1651308,BEIGF,current,BeOne Medicines Ltd.
729580,BELFA,fundamentals,
729580,BELFB,current,BEL FUSE INC /NJ
38777,BEN,fundamentals,
1775734,BENF,fundamentals,
1775734,BENFW,current,Beneficient
1066764,BESS,fundamentals,
1066764,BESS-WT,current,Bimergen Energy Corp
1784570,BETA,fundamentals,
1835856,BETR,fundamentals,
1464165,BETRF,fundamentals,
1835856,BETRW,current,Better Home & Finance Holding Co
14693,BF-A,fundamentals,
14693,BF-B,current,BROWN FORMAN CORP
1437578,BFAM,fundamentals,
1746109,BFC,fundamentals,
1101215,BFH,fundamentals,
1101215,BFH-PA,current,"BREAD FINANCIAL HOLDINGS, INC."
1101215,BFH-PB,current,"BREAD FINANCIAL HOLDINGS, INC."
1368620,BFLX,fundamentals,
1804176,BFLY,fundamentals,
1310488,BFNH,fundamentals,
1829247,BFRG,fundamentals,
1829247,BFRGW,current,"BullFrog AI Holdings, Inc."
1858685,BFRI,fundamentals,
1858685,BFRIW,current,Biofrontera Inc.
907254,BFS,fundamentals,
907254,BFS-PD,current,"SAUL CENTERS, INC."
907254,BFS-PE,current,"SAUL CENTERS, INC."
1624322,BFST,fundamentals,
1996862,BG,fundamentals,
1094831,BGC,fundamentals,
1218683,BGDE,fundamentals,
1722556,BGFR,fundamentals,
1737523,BGLC,fundamentals,
1130166,BGMS,fundamentals,
1130166,BGMSP,current,"Bio Green Med Solution, Inc."
1278027,BGS,fundamentals,
1474903,BGSF,fundamentals,
1726173,BH,current,Biglari Holdings Inc.
1726173,BH-A,fundamentals,
2097288,BHAV,fundamentals,
2097288,BHAVR,current,BHAV Acquisition Corp
2097288,BHAVU,current,BHAV Acquisition Corp
743367,BHB,fundamentals,
885590,BHC,fundamentals,
863436,BHE,fundamentals,
1685040,BHF,fundamentals,
1685040,BHFAL,current,"Brighthouse Financial, Inc."
1685040,BHFAM,current,"Brighthouse Financial, Inc."
1685040,BHFAN,current,"Brighthouse Financial, Inc."
1685040,BHFAO,current,"Brighthouse Financial, Inc."
1685040,BHFAP,current,"Brighthouse Financial, Inc."
1784440,BHIC,fundamentals,
1407583,BHLL,fundamentals,
1903382,BHM,fundamentals,
1574085,BHR,fundamentals,
1574085,BHR-PB,current,Braemar Hotels & Resorts Inc.
1574085,BHR-PD,current,Braemar Hotels & Resorts Inc.
1964333,BHRB,fundamentals,
1935979,BHVN,fundamentals,
1712762,BIAF,fundamentals,
1712762,BIAFW,current,"bioAffinity Technologies, Inc."
1443863,BICX,fundamentals,
875045,BIIB,fundamentals,
2087087,BIII,fundamentals,
2087087,BIII-UN,current,Black Spade Acquisition III Co
2087087,BIII-WT,current,Black Spade Acquisition III Co
1786352,BILL,fundamentals,
1499961,BINI,fundamentals,
12208,BIO,fundamentals,
12208,BIO-B,current,"BIO-RAD LABORATORIES, INC."
1709941,BIOA,fundamentals,
1723059,BIOE,fundamentals,
1549145,BIOF,fundamentals,
1653909,BIRD,fundamentals,
1763415,BITB,fundamentals,
1723788,BITW,fundamentals,
1580149,BIVI,fundamentals,
1580149,BIVIW,current,BIOVIE INC.
2082542,BIXI,fundamentals,
2082542,BIXIU,current,Bitcoin Infrastructure Acquisition Corp Ltd
2082542,BIXIW,current,Bitcoin Infrastructure Acquisition Corp Ltd
1445815,BIXT,fundamentals,
1531152,BJ,fundamentals,
1704287,BJDX,fundamentals,
1013488,BJRI,fundamentals,
1332349,BKD,fundamentals,
885245,BKE,fundamentals,
1130464,BKH,fundamentals,
2000775,BKHA,fundamentals,
2000775,BKHAR,current,Black Hawk Acquisition Corp
2000775,BKHAU,current,Black Hawk Acquisition Corp
1820302,BKKT,fundamentals,
1820302,BKKT-WT,current,"Bakkt, Inc."
1075531,BKNG,fundamentals,
1701605,BKR,fundamentals,
1007273,BKSC,fundamentals,
1753539,BKSY,fundamentals,
1753539,BKSY-WT,current,BlackSky Technology Inc.
2186,BKTI,fundamentals,
1504008,BKU,fundamentals,
1838406,BKV,fundamentals,
1019034,BKYI,fundamentals,
1666134,BL,fundamentals,
1589526,BLBD,fundamentals,
1860742,BLCO,fundamentals,
1633931,BLD,fundamentals,
1316835,BLDR,fundamentals,
834365,BLFS,fundamentals,
880242,BLGO,fundamentals,
1378590,BLIN,fundamentals,
1703625,BLIS,fundamentals,
2012383,BLK,fundamentals,
1280058,BLKB,fundamentals,
2070849,BLLN,fundamentals,
1996210,BLMH,fundamentals,
1546417,BLMN,fundamentals,
1632121,BLNC,fundamentals,
1855747,BLND,fundamentals,
1534708,BLNE,fundamentals,
2029586,BLNH,fundamentals,
1429764,BLNK,fundamentals,
1416697,BLPG,fundamentals,
2081532,BLRK,fundamentals,
2081532,BLRKU,current,Bluerock Acquisition Corp.
2081532,BLRKW,current,Bluerock Acquisition Corp.
1487718,BLTH,fundamentals,
2050501,BLUW,fundamentals,
2050501,BLUWU,current,Blue Water Acquisition Corp. III
2050501,BLUWW,current,Blue Water Acquisition Corp. III
1462056,BLZE,fundamentals,
2075310,BLZR,fundamentals,
2075310,BLZRU,current,Trailblazer Acquisition Corp.
2075310,BLZRW,current,Trailblazer Acquisition Corp.
1830043,BMBL,fundamentals,
1840439,BMEA,fundamentals,
9092,BMI,fundamentals,
70858,BML-PG,current,BANK OF AMERICA CORP /DE/
70858,BML-PH,current,BANK OF AMERICA CORP /DE/
70858,BML-PJ,current,BANK OF AMERICA CORP /DE/
70858,BML-PL,current,BANK OF AMERICA CORP /DE/
1829311,BMNEP,current,"BITMINE IMMERSION TECHNOLOGIES, INC."
1275477,BMNM,fundamentals,
1829311,BMNP,current,"BITMINE IMMERSION TECHNOLOGIES, INC."
1829311,BMNR,fundamentals,
2071607,BMOK,fundamentals,
1130781,BMPA,fundamentals,
73290,BMRA,fundamentals,
1403475,BMRC,fundamentals,
1048477,BMRN,fundamentals,
1568385,BMTM,fundamentals,
14272,BMY,fundamentals,
1838163,BNAI,fundamentals,
1838163,BNAIW,current,Brand Engagement Network Inc.
744452,BNBX,fundamentals,
1482541,BNC,fundamentals,
1482541,BNCWW,current,CEA Industries Inc.
1482541,BNCWZ,current,CEA Industries Inc.
1634117,BNED,fundamentals,
875729,BNET,fundamentals,
1411690,BNGO,fundamentals,
1760903,BNKK,fundamentals,
1424182,BNL,fundamentals,
1472494,BNO,fundamentals,
1808898,BNTC,fundamentals,
1390777,BNY,fundamentals,
1390777,BNY-PK,current,Bank of New York Mellon Corp
1826011,BNZI,fundamentals,
1826011,BNZIW,current,"Banzai International, Inc."
2085187,BOBS,fundamentals,
1494582,BOC,fundamentals,
1826889,BODI,fundamentals,
1826889,BODYW,current,"Beachbody Company, Inc."
1962481,BOF,fundamentals,
46195,BOH,fundamentals,
46195,BOH-PA,current,BANK OF HAWAII CORP
46195,BOH-PB,current,BANK OF HAWAII CORP
1415311,BOIL,current,ProShares Trust II
875357,BOKF,fundamentals,
1782303,BOLD,fundamentals,
1641281,BOLT,fundamentals,
34067,BOOM,fundamentals,
1610250,BOOT,fundamentals,
1275101,BOTJ,fundamentals,
1643721,BOTX,fundamentals,
1407704,BOTY,fundamentals,
2002473,BOW,fundamentals,
1372612,BOX,fundamentals,
1624512,BOXL,fundamentals,
2064177,BPAC,fundamentals,
2064177,BPACR,current,Blueport Acquisition Ltd
2064177,BPACU,current,Blueport Acquisition Ltd
1597264,BPMC,delisted_seed,Blueprint Medicines Corp
763901,BPOP,fundamentals,
763901,BPOPM,current,"POPULAR, INC."
763901,BPOPO,current,"POPULAR, INC."
1913971,BPRN,fundamentals,
1133818,BPTH,fundamentals,
1568628,BQST,fundamentals,
1383312,BR,fundamentals,
1976870,BRBF,fundamentals,
1772016,BRBR,fundamentals,
842717,BRBS,fundamentals,
746598,BRC,fundamentals,
2068577,BRCB,fundamentals,
1891101,BRCC,fundamentals,
1487197,BRFH,fundamentals,
1593184,BRGX,fundamentals,
14177,BRID,fundamentals,
1067983,BRK-A,current,BERKSHIRE HATHAWAY INC
1067983,BRK-B,fundamentals,
2098707,BRKH,fundamentals,
2098707,BRKHU,current,Burtech Acquisition Corp II
1109354,BRKR,fundamentals,
1109354,BRKRP,current,BRUKER CORP
1631463,BRLL,fundamentals,
1852973,BRLS,fundamentals,
1852973,BRLSW,current,Borealis Foods Inc.
1866757,BRLT,fundamentals,
10048,BRN,fundamentals,
1828185,BRNS,fundamentals,
79282,BRO,fundamentals,
1866581,BROS,fundamentals,
1854526,BRQL,fundamentals,
1650575,BRQSF,fundamentals,
2076163,BRR,fundamentals,
1397795,BRRN,fundamentals,
1841175,BRRR,fundamentals,
2076163,BRRWW,current,"ProCap Financial, Inc."
1717547,BRSP,fundamentals,
764897,BRST,fundamentals,
14846,BRT,fundamentals,
1505497,BRTX,fundamentals,
2090646,BRUN,fundamentals,
2090646,BRUNW,current,Boost Run Inc.
1444839,BRVO,fundamentals,
1873213,BRWC,fundamentals,
1581068,BRX,fundamentals,
1676238,BRZE,fundamentals,
2051587,BSAA,fundamentals,
2051587,BSAAR,current,BEST SPAC I Acquisition Corp.
2051587,BSAAU,current,BEST SPAC I Acquisition Corp.
1416090,BSAI,fundamentals,
1787414,BSBK,fundamentals,
10329,BSET,fundamentals,
1730773,BSFC,fundamentals,
101594,BSIN,fundamentals,
1841125,BSLK,fundamentals,
1841125,BSLKW,current,"Bolt Projects Holdings, Inc."
1621434,BSM,fundamentals,
2045872,BSOL,fundamentals,
2094107,BSPA,fundamentals,
1409197,BSPK,fundamentals,
1512673,BSQKZ,current,"Block, Inc."
1130144,BSRR,fundamentals,
1662972,BSTT,fundamentals,
1746129,BSVN,fundamentals,
885725,BSX,fundamentals,
1031308,BSY,fundamentals,
1720893,BTAI,fundamentals,
1718224,BTBD,fundamentals,
1718224,BTBDW,current,"BT Brands, Inc."
1710350,BTBT,fundamentals,
2015034,BTC,fundamentals,
1471824,BTCK,current,Teucrium Commodity Trust
1855781,BTCO,fundamentals,
1436229,BTCS,fundamentals,
1796514,BTCT,fundamentals,
1850391,BTCW,fundamentals,
1630113,BTCY,fundamentals,
1740604,BTGO,fundamentals,
1901799,BTM,current,Bitcoin Depot Inc.
1901799,BTMCQ,fundamentals,
1819253,BTMD,fundamentals,
1901799,BTMWQ,current,Bitcoin Depot Inc.
1901799,BTMWW,current,Bitcoin Depot Inc.
1972529,BTOC,fundamentals,
1865782,BTSG,fundamentals,
1865782,BTSGU,current,"BrightSpring Health Services, Inc."
1064728,BTU,fundamentals,
2079720,BUDA,fundamentals,
1393772,BUDZ,fundamentals,
15847,BUKS,fundamentals,
1714174,BUR,fundamentals,
1579298,BURL,fundamentals,
1814215,BURU,fundamentals,
1814215,BURUW,current,"Nuburu, Inc."
314489,BUSE,fundamentals,
314489,BUSEP,current,FIRST BUSEY CORP /NV/
1734713,BV,fundamentals,
1302387,BVFL,fundamentals,
1665988,BVS,fundamentals,
1630805,BW,fundamentals,
1630805,BW-PA,current,"Babcock & Wilcox Enterprises, Inc."
908255,BWA,fundamentals,
1341317,BWB,fundamentals,
1341317,BWBBP,current,Bridgewater Bancshares Inc
1120370,BWEN,fundamentals,
1610940,BWET,current,Amplify Commodity Trust
1505732,BWFG,fundamentals,
1781755,BWIN,fundamentals,
2082847,BWIV,fundamentals,
2082847,BWIV-UN,current,Blue Water Acquisition Corp. IV
2082847,BWIV-WT,current,Blue Water Acquisition Corp. IV
1166708,BWMG,fundamentals,
1847590,BWMN,fundamentals,
1630805,BWNB,current,"Babcock & Wilcox Enterprises, Inc."
2053791,BWOW,fundamentals,
1486957,BWXT,fundamentals,
1393818,BX,fundamentals,
1301787,BXC,fundamentals,
1372612,BXCAP,current,BOX INC
1061630,BXMT,fundamentals,
1037540,BXP,fundamentals,
1736035,BXSL,fundamentals,
1702750,BY,fundamentals,
906553,BYD,fundamentals,
1001171,BYFC,fundamentals,
1655210,BYND,fundamentals,
1801417,BYNO,fundamentals,
1801417,BYNOU,current,byNordic Acquisition Corp
1801417,BYNOW,current,byNordic Acquisition Corp
1386049,BYOC,fundamentals,
1354866,BYRN,fundamentals,
1677940,BYSI,fundamentals,
1871638,BZAI,fundamentals,
1871638,BZAIW,current,"Blaize Holdings, Inc."
1828972,BZFD,fundamentals,
1828972,BZFDW,current,"BuzzFeed, Inc."
915840,BZH,fundamentals,
1765826,BZRD,fundamentals,
724445,BZYR,fundamentals,
831001,C,fundamentals,
831001,C-PN,current,CITIGROUP INC
831001,C-PR,current,CITIGROUP INC
1759138,CABA,fundamentals,
1632127,CABO,fundamentals,
2020737,CABR,fundamentals,
750686,CAC,fundamentals,
885550,CACC,fundamentals,
16058,CACI,fundamentals,
1841387,CADL,fundamentals,
2034268,CAEP,fundamentals,
23217,CAG,fundamentals,
721371,CAH,fundamentals,
1678105,CAHO,fundamentals,
2019410,CAI,fundamentals,
887596,CAKE,fundamentals,
14707,CAL,fundamentals,
1534133,CALC,fundamentals,
16160,CALM,fundamentals,
1406666,CALX,fundamentals,
837465,CALY,fundamentals,
1736730,CAMP,fundamentals,
1471824,CANE,fundamentals,
1477009,CANN,fundamentals,
814926,CAPC,fundamentals,
1538849,CAPL,fundamentals,
2024203,CAPN,fundamentals,
2024203,CAPNR,current,Cayson Acquisition Corp
2024203,CAPNU,current,Cayson Acquisition Corp
1133869,CAPR,fundamentals,
887151,CAPS,fundamentals,
2100125,CAQ,fundamentals,
2100125,CAQUU,current,Cambridge Acquisition Corp.
2100125,CAQUW,current,Cambridge Acquisition Corp.
723612,CAR,fundamentals,
1829576,CARE,fundamentals,
1494259,CARG,fundamentals,
1794546,CARL,fundamentals,
1485003,CARM,fundamentals,
1783180,CARR,fundamentals,
1683606,CARS,fundamentals,
1579091,CART,fundamentals,
1016178,CARV,fundamentals,
907471,CASH,fundamentals,
708781,CASS,fundamentals,
1633369,CAST,fundamentals,
726958,CASY,fundamentals,
18230,CAT,fundamentals,
18255,CATO,fundamentals,
728387,CATX,fundamentals,
861842,CATY,fundamentals,
1639438,CAVA,fundamentals,
896159,CB,fundamentals,
711669,CBAN,fundamentals,
1117171,CBAT,fundamentals,
2065601,CBC,fundamentals,
1877461,CBDW,fundamentals,
1586554,CBDY,fundamentals,
1605301,CBFV,fundamentals,
1845149,CBGGF,current,Chain Bridge I
1411057,CBIH,fundamentals,
1253689,CBIO,fundamentals,
1981546,CBK,fundamentals,
1006830,CBKM,fundamentals,
910612,CBL,fundamentals,
1861107,CBLL,fundamentals,
1882781,CBLO,fundamentals,
1452583,CBMJ,fundamentals,
1392272,CBNA,fundamentals,
1419536,CBNK,fundamentals,
1374310,CBOE,fundamentals,
1138118,CBRE,fundamentals,
1845149,CBRGF,current,Chain Bridge I
1067294,CBRL,fundamentals,
1845149,CBRRF,fundamentals,
2021728,CBRS,fundamentals,
813828,CBS,delisted_seed,CBS CORP
22356,CBSH,fundamentals,
1776738,CBSTQ,fundamentals,
16040,CBT,fundamentals,
723188,CBU,fundamentals,
1705843,CBUS,fundamentals,
944148,CBZ,fundamentals,
1627223,CC,fundamentals,
1633336,CCAP,fundamentals,
2041047,CCAQ,fundamentals,
2041047,CCAQU,current,COLLECTIVE ACQUISITION CORP.
2041047,CCAQW,current,COLLECTIVE ACQUISITION CORP.
1437958,CCB,fundamentals,
726601,CCBG,fundamentals,
1818201,CCC,fundamentals,
1662579,CCCC,fundamentals,
1696411,CCCP,fundamentals,
862692,CCEL,fundamentals,
731122,CCFN,fundamentals,
1051470,CCI,fundamentals,
2064683,CCII,fundamentals,
2064683,CCIIU,current,Cohen Circle Acquisition Corp. II
2064683,CCIIW,current,Cohen Circle Acquisition Corp. II
2006291,CCIX,fundamentals,
2006291,CCIXU,current,Churchill Capital Corp IX/Cayman
2006291,CCIXW,current,Churchill Capital Corp IX/Cayman
1219601,CCK,fundamentals,
815097,CCL,fundamentals,
1582982,CCLD,fundamentals,
1102934,CCMP,delisted_seed,"CMC Materials, Inc."
1437213,CCNB,fundamentals,
736772,CCNE,fundamentals,
736772,CCNEP,current,CNB FINANCIAL CORP/PA
1334978,CCO,fundamentals,
1158324,CCOI,fundamentals,
1141103,CCRN,fundamentals,
1576940,CCS,fundamentals,
1866633,CCSI,fundamentals,
1865861,CCTSF,fundamentals,
2074973,CCXI,fundamentals,
2074973,CCXIU,current,Churchill Capital Corp XI
2074973,CCXIW,current,Churchill Capital Corp XI
1166691,CCZ,current,COMCAST CORP
1527762,CD,fundamentals,
1851909,CDAQF,fundamentals,
1851909,CDAUF,current,Compass Digital Acquisition Corp.
1851909,CDAWF,current,Compass Digital Acquisition Corp.
1725057,CDAY,delisted_seed,Ceridian HCM Holding Inc.
215466,CDE,fundamentals,
1870144,CDIO,fundamentals,
1870144,CDIOW,current,"Cardio Diagnostics Holdings, Inc."
811222,CDIX,fundamentals,
1666071,CDLX,fundamentals,
1217234,CDNA,fundamentals,
2079999,CDNL,fundamentals,
813672,CDNS,fundamentals,
860546,CDP,fundamentals,
761648,CDR-PB,fundamentals,
761648,CDR-PC,current,"CEDAR REALTY TRUST, INC."
1860543,CDRE,fundamentals,
1896212,CDT,fundamentals,
1896212,CDTTW,current,CDT Equity Inc.
1402057,CDW,fundamentals,
1200375,CDXS,fundamentals,
727273,CDZI,fundamentals,
727273,CDZIP,current,CADIZ INC
1306830,CE,fundamentals,
3197,CECO,fundamentals,
1868275,CEG,fundamentals,
1309082,CEIN,fundamentals,
1603454,CELC,fundamentals,
14272,CELG-RI,current,BRISTOL MYERS SQUIBB CO
1341766,CELH,fundamentals,
1752828,CELU,fundamentals,
1752828,CELUW,current,Celularity Inc
1187953,CELZ,fundamentals,
1707919,CENN,fundamentals,
887733,CENT,fundamentals,
887733,CENTA,current,CENTRAL GARDEN & PET CO
949157,CENX,fundamentals,
2034267,CEPF,fundamentals,
2027708,CEPO,fundamentals,
2089536,CEPS,fundamentals,
2034269,CEPT,fundamentals,
2034266,CEPV,fundamentals,
804753,CERN,delisted_seed,CERNER Corp
1870404,CERO,fundamentals,
1870404,CEROW,current,"CERO THERAPEUTICS HOLDINGS, INC."
1020214,CERS,fundamentals,
1827090,CERT,fundamentals,
1935092,CETI,fundamentals,
1435064,CETX,fundamentals,
1435064,CETXP,current,CEMTREX INC
1329606,CETY,fundamentals,
1173489,CEVA,fundamentals,
1324404,CF,fundamentals,
1070680,CFBK,fundamentals,
913341,CFFI,fundamentals,
1490906,CFFN,fundamentals,
759944,CFG,fundamentals,
759944,CFG-PE,current,CITIZENS FINANCIAL GROUP INC/RI
759944,CFG-PH,current,CITIZENS FINANCIAL GROUP INC/RI
759944,CFG-PI,current,CITIZENS FINANCIAL GROUP INC/RI
1699838,CFLT,delisted_seed,"Confluent, Inc."
803016,CFNB,fundamentals,
803016,CFNBD,current,CALIFORNIA FIRST LEASING CORP
1310630,CFOO,fundamentals,
1293818,CFOR,fundamentals,
39263,CFR,fundamentals,
39263,CFR-PB,current,"CULLEN/FROST BANKERS, INC."
1666244,CFTR-PA,fundamentals,
1527166,CG,fundamentals,
1527166,CGABL,current,Carlyle Group Inc.
1544206,CGBD,fundamentals,
1737927,CGC,fundamentals,
2049662,CGCT,current,Factorial Energy Inc.
1009759,CGEH,fundamentals,
1789972,CGEM,fundamentals,
851205,CGNX,fundamentals,
1991792,CGON,fundamentals,
1455365,CGTX,fundamentals,
2024459,CHAR,fundamentals,
2024459,CHARR,current,Charlton Aria Acquisition Corp
2024459,CHARU,current,Charlton Aria Acquisition Corp
1299969,CHCI,fundamentals,
726854,CHCO,fundamentals,
1631569,CHCT,fundamentals,
313927,CHD,fundamentals,
20212,CHDN,fundamentals,
19584,CHE,fundamentals,
2047177,CHEC,fundamentals,
2047177,CHECU,current,Chenghe Acquisition III Co.
2047177,CHECW,current,Chenghe Acquisition III Co.
1517175,CHEF,fundamentals,
1459188,CHEV,fundamentals,
1364954,CHGG,fundamentals,
1046311,CHH,fundamentals,
763563,CHMG,fundamentals,
1571776,CHMI,fundamentals,
1571776,CHMI-PA,current,Cherry Hill Mortgage Investment Corp
1571776,CHMI-PB,current,Cherry Hill Mortgage Investment Corp
2024460,CHPG,fundamentals,
2024460,CHPGR,current,ChampionsGate Acquisition Corp
2024460,CHPGU,current,ChampionsGate Acquisition Corp
1777393,CHPT,fundamentals,
1738758,CHR,fundamentals,
1486159,CHRD,fundamentals,
1549084,CHRN,fundamentals,
1512762,CHRS,fundamentals,
1043277,CHRW,fundamentals,
823277,CHSCL,current,CHS INC
823277,CHSCM,current,CHS INC
823277,CHSCN,current,CHS INC
823277,CHSCO,current,CHS INC
823277,CHSCP,fundamentals,
1091667,CHTR,fundamentals,
1134765,CHUC,fundamentals,
1766502,CHWY,fundamentals,
1795586,CHYM,fundamentals,
1739940,CI,fundamentals,
24090,CIA,fundamentals,
1534254,CICB,current,CION Investment Corp
1534254,CICC,current,CION Investment Corp
936395,CIEN,fundamentals,
1819989,CIFR,fundamentals,
1557798,CIIT,fundamentals,
1000180,CIK1000180,fundamentals,
1000229,CIK1000229,fundamentals,
1000232,CIK1000232,fundamentals,
1000278,CIK1000278,fundamentals,
1000298,CIK1000298,fundamentals,
1000459,CIK1000459,fundamentals,
1000683,CIK1000683,fundamentals,
1000955,CIK1000955,fundamentals,
1001039,CIK1001039,fundamentals,
1001082,CIK1001082,fundamentals,
100122,CIK100122,fundamentals,
1001258,CIK1001258,fundamentals,
1001279,CIK1001279,fundamentals,
1001288,CIK1001288,fundamentals,
1001426,CIK1001426,fundamentals,
1001463,CIK1001463,fundamentals,
1001604,CIK1001604,fundamentals,
1001606,CIK1001606,fundamentals,
1001871,CIK1001871,fundamentals,
1001902,CIK1001902,fundamentals,
1002037,CIK1002037,fundamentals,
1002135,CIK1002135,fundamentals,
1002225,CIK1002225,fundamentals,
1002360,CIK1002360,fundamentals,
1002388,CIK1002388,fundamentals,
1002390,CIK1002390,fundamentals,
1002422,CIK1002422,fundamentals,
1002517,CIK1002517,fundamentals,
1002519,CIK1002519,fundamentals,
1002771,CIK1002771,fundamentals,
1002811,CIK1002811,fundamentals,
1002822,CIK1002822,fundamentals,
1003022,CIK1003022,fundamentals,
1003124,CIK1003124,fundamentals,
1003130,CIK1003130,fundamentals,
1003201,CIK1003201,fundamentals,
1003214,CIK1003214,fundamentals,
1003226,CIK1003226,fundamentals,
1003344,CIK1003344,fundamentals,
1003410,CIK1003410,fundamentals,
1003642,CIK1003642,fundamentals,
1003950,CIK1003950,fundamentals,
1003961,CIK1003961,fundamentals,
1003986,CIK1003986,fundamentals,
100412,CIK100412,fundamentals,
1004125,CIK1004125,fundamentals,
1004155,CIK1004155,fundamentals,
1004411,CIK1004411,fundamentals,
1004440,CIK1004440,fundamentals,
1004608,CIK1004608,fundamentals,
1004673,CIK1004673,fundamentals,
1005010,CIK1005010,fundamentals,
1005011,CIK1005011,fundamentals,
1005177,CIK1005177,fundamentals,
1005188,CIK1005188,fundamentals,
1005201,CIK1005201,fundamentals,
1005214,CIK1005214,fundamentals,
1005276,CIK1005276,fundamentals,
1005409,CIK1005409,fundamentals,
1005414,CIK1005414,fundamentals,
100548,CIK100548,fundamentals,
1005663,CIK1005663,fundamentals,
1005699,CIK1005699,fundamentals,
1005758,CIK1005758,fundamentals,
1006177,CIK1006177,fundamentals,
100625,CIK100625,fundamentals,
1006269,CIK1006269,fundamentals,
1006424,CIK1006424,fundamentals,
1006459,CIK1006459,fundamentals,
1006820,CIK1006820,fundamentals,
1006840,CIK1006840,fundamentals,
1006892,CIK1006892,fundamentals,
100716,CIK100716,fundamentals,
1007330,CIK1007330,fundamentals,
100790,CIK100790,fundamentals,
1008579,CIK1008579,fundamentals,
1008586,CIK1008586,fundamentals,
1008653,CIK1008653,fundamentals,
1008654,CIK1008654,fundamentals,
1008817,CIK1008817,fundamentals,
1008848,CIK1008848,fundamentals,
1009356,CIK1009356,fundamentals,
1009379,CIK1009379,fundamentals,
1009626,CIK1009626,fundamentals,
1009672,CIK1009672,fundamentals,
1009925,CIK1009925,fundamentals,
1009976,CIK1009976,fundamentals,
1010247,CIK1010247,fundamentals,
1010286,CIK1010286,fundamentals,
1010552,CIK1010552,fundamentals,
1010566,CIK1010566,fundamentals,
1010612,CIK1010612,fundamentals,
101063,CIK101063,fundamentals,
1010775,CIK1010775,fundamentals,
1010858,CIK1010858,fundamentals,
1011006,CIK1011006,fundamentals,
1011064,CIK1011064,fundamentals,
1011109,CIK1011109,fundamentals,
1011174,CIK1011174,fundamentals,
1011290,CIK1011290,fundamentals,
1011395,CIK1011395,fundamentals,
1011432,CIK1011432,fundamentals,
1011452,CIK1011452,fundamentals,
1011570,CIK1011570,fundamentals,
1011657,CIK1011657,fundamentals,
1011659,CIK1011659,fundamentals,
1011661,CIK1011661,fundamentals,
1011662,CIK1011662,fundamentals,
1011733,CIK1011733,fundamentals,
1011835,CIK1011835,fundamentals,
1012100,CIK1012100,fundamentals,
1012140,CIK1012140,fundamentals,
1012477,CIK1012477,fundamentals,
1012569,CIK1012569,fundamentals,
1012620,CIK1012620,fundamentals,
1012704,CIK1012704,fundamentals,
1012771,CIK1012771,fundamentals,
1013238,CIK1013238,fundamentals,
1013453,CIK1013453,fundamentals,
1013462,CIK1013462,fundamentals,
1013554,CIK1013554,fundamentals,
1013606,CIK1013606,fundamentals,
1013796,CIK1013796,fundamentals,
1013844,CIK1013844,fundamentals,
101390,CIK101390,fundamentals,
1014041,CIK1014041,fundamentals,
1014111,CIK1014111,fundamentals,
1014507,CIK1014507,fundamentals,
101462,CIK101462,fundamentals,
1014672,CIK1014672,fundamentals,
1015155,CIK1015155,fundamentals,
1015593,CIK1015593,fundamentals,
1015780,CIK1015780,fundamentals,
1016125,CIK1016125,fundamentals,
1016169,CIK1016169,fundamentals,
1016470,CIK1016470,fundamentals,
1016546,CIK1016546,fundamentals,
1016708,CIK1016708,fundamentals,
1016900,CIK1016900,fundamentals,
1016951,CIK1016951,fundamentals,
1017110,CIK1017110,fundamentals,
1017290,CIK1017290,fundamentals,
1017480,CIK1017480,fundamentals,
1017491,CIK1017491,fundamentals,
1017616,CIK1017616,fundamentals,
1017673,CIK1017673,fundamentals,
1017699,CIK1017699,fundamentals,
1017712,CIK1017712,fundamentals,
101778,CIK101778,fundamentals,
1017793,CIK1017793,fundamentals,
1017907,CIK1017907,fundamentals,
1017968,CIK1017968,fundamentals,
1018003,CIK1018003,fundamentals,
1018005,CIK1018005,fundamentals,
101821,CIK101821,fundamentals,
1018215,CIK1018215,fundamentals,
1018216,CIK1018216,fundamentals,
1018281,CIK1018281,fundamentals,
101830,CIK101830,fundamentals,
1018332,CIK1018332,fundamentals,
1018336,CIK1018336,fundamentals,
1018399,CIK1018399,fundamentals,
1018946,CIK1018946,fundamentals,
1019216,CIK1019216,fundamentals,
1019272,CIK1019272,fundamentals,
1019361,CIK1019361,fundamentals,
1019542,CIK1019542,fundamentals,
1019650,CIK1019650,fundamentals,
1019671,CIK1019671,fundamentals,
1019695,CIK1019695,fundamentals,
1019737,CIK1019737,fundamentals,
1019787,CIK1019787,fundamentals,
1020017,CIK1020017,fundamentals,
1020302,CIK1020302,fundamentals,
1020347,CIK1020347,fundamentals,
1020416,CIK1020416,fundamentals,
1020448,CIK1020448,fundamentals,
1020475,CIK1020475,fundamentals,
1020477,CIK1020477,fundamentals,
1020646,CIK1020646,fundamentals,
1021096,CIK1021096,fundamentals,
1021162,CIK1021162,fundamentals,
1021270,CIK1021270,fundamentals,
1021282,CIK1021282,fundamentals,
1021422,CIK1021422,fundamentals,
1021435,CIK1021435,fundamentals,
1021604,CIK1021604,fundamentals,
102198,CIK102198,fundamentals,
1022225,CIK1022225,fundamentals,
1022344,CIK1022344,fundamentals,
1022345,CIK1022345,fundamentals,
1022368,CIK1022368,fundamentals,
1022469,CIK1022469,fundamentals,
1022646,CIK1022646,fundamentals,
1022701,CIK1022701,fundamentals,
1022705,CIK1022705,fundamentals,
1022759,CIK1022759,fundamentals,
1023131,CIK1023131,fundamentals,
1023198,CIK1023198,fundamentals,
1023291,CIK1023291,fundamentals,
1023298,CIK1023298,fundamentals,
1023362,CIK1023362,fundamentals,
1023364,CIK1023364,fundamentals,
1023453,CIK1023453,fundamentals,
1023734,CIK1023734,fundamentals,
102379,CIK102379,fundamentals,
1023844,CIK1023844,fundamentals,
1023860,CIK1023860,fundamentals,
1024022,CIK1024022,fundamentals,
1024048,CIK1024048,fundamentals,
1024075,CIK1024075,fundamentals,
1024095,CIK1024095,fundamentals,
1024126,CIK1024126,fundamentals,
1024452,CIK1024452,fundamentals,
1024520,CIK1024520,fundamentals,
1024626,CIK1024626,fundamentals,
1024628,CIK1024628,fundamentals,
1024657,CIK1024657,fundamentals,
1024725,CIK1024725,fundamentals,
1024729,CIK1024729,fundamentals,
1024732,CIK1024732,fundamentals,
1024920,CIK1024920,fundamentals,
1025315,CIK1025315,fundamentals,
1025362,CIK1025362,fundamentals,
10254,CIK10254,fundamentals,
1025536,CIK1025536,fundamentals,
1025561,CIK1025561,fundamentals,
1025877,CIK1025877,fundamentals,
1025953,CIK1025953,fundamentals,
1026650,CIK1026650,fundamentals,
1026743,CIK1026743,fundamentals,
1027099,CIK1027099,fundamentals,
1027183,CIK1027183,fundamentals,
1027207,CIK1027207,fundamentals,
1027235,CIK1027235,fundamentals,
102741,CIK102741,fundamentals,
1027484,CIK1027484,fundamentals,
1027884,CIK1027884,fundamentals,
1028087,CIK1028087,fundamentals,
1028153,CIK1028153,fundamentals,
1028215,CIK1028215,fundamentals,
1028394,CIK1028394,fundamentals,
1028536,CIK1028536,fundamentals,
1028734,CIK1028734,fundamentals,
1028918,CIK1028918,fundamentals,
1028954,CIK1028954,fundamentals,
1028985,CIK1028985,fundamentals,
1029023,CIK1029023,fundamentals,
1029125,CIK1029125,fundamentals,
1029142,CIK1029142,fundamentals,
1029299,CIK1029299,fundamentals,
1029356,CIK1029356,fundamentals,
1029454,CIK1029454,fundamentals,
1029506,CIK1029506,fundamentals,
1029581,CIK1029581,fundamentals,
1029730,CIK1029730,fundamentals,
1029744,CIK1029744,fundamentals,
1029800,CIK1029800,fundamentals,
1029802,CIK1029802,fundamentals,
1029831,CIK1029831,fundamentals,
1030058,CIK1030058,fundamentals,
1030206,CIK1030206,fundamentals,
1030484,CIK1030484,fundamentals,
1030749,CIK1030749,fundamentals,
1030896,CIK1030896,fundamentals,
1030916,CIK1030916,fundamentals,
103096,CIK103096,fundamentals,
1031028,CIK1031028,fundamentals,
1031029,CIK1031029,fundamentals,
1031223,CIK1031223,fundamentals,
1031233,CIK1031233,fundamentals,
1031623,CIK1031623,fundamentals,
1031896,CIK1031896,fundamentals,
1031927,CIK1031927,fundamentals,
1032067,CIK1032067,fundamentals,
1032761,CIK1032761,fundamentals,
1032863,CIK1032863,fundamentals,
1033012,CIK1033012,fundamentals,
1033128,CIK1033128,fundamentals,
1033905,CIK1033905,fundamentals,
1034088,CIK1034088,fundamentals,
1034563,CIK1034563,fundamentals,
1034592,CIK1034592,fundamentals,
1034594,CIK1034594,fundamentals,
1034669,CIK1034669,fundamentals,
1034755,CIK1034755,fundamentals,
1035216,CIK1035216,fundamentals,
1035675,CIK1035675,fundamentals,
1035748,CIK1035748,fundamentals,
1035884,CIK1035884,fundamentals,
1035976,CIK1035976,fundamentals,
1035991,CIK1035991,fundamentals,
1036030,CIK1036030,fundamentals,
1036070,CIK1036070,fundamentals,
1036188,CIK1036188,fundamentals,
1036478,CIK1036478,fundamentals,
1036500,CIK1036500,fundamentals,
1036848,CIK1036848,fundamentals,
1036960,CIK1036960,fundamentals,
1036968,CIK1036968,fundamentals,
1037016,CIK1037016,fundamentals,
1037049,CIK1037049,fundamentals,
1037115,CIK1037115,fundamentals,
1037131,CIK1037131,fundamentals,
1037156,CIK1037156,fundamentals,
1037189,CIK1037189,fundamentals,
1037390,CIK1037390,fundamentals,
1037461,CIK1037461,fundamentals,
1037649,CIK1037649,fundamentals,
1037676,CIK1037676,fundamentals,
1037760,CIK1037760,fundamentals,
1037949,CIK1037949,fundamentals,
1038133,CIK1038133,fundamentals,
1038205,CIK1038205,fundamentals,
1038222,CIK1038222,fundamentals,
1038280,CIK1038280,fundamentals,
1038286,CIK1038286,fundamentals,
1038357,CIK1038357,fundamentals,
1038509,CIK1038509,fundamentals,
103872,CIK103872,fundamentals,
103884,CIK103884,fundamentals,
1039101,CIK1039101,fundamentals,
1039184,CIK1039184,fundamentals,
1039466,CIK1039466,fundamentals,
1039757,CIK1039757,fundamentals,
1039889,CIK1039889,fundamentals,
1040426,CIK1040426,fundamentals,
1040482,CIK1040482,fundamentals,
1040570,CIK1040570,fundamentals,
1040593,CIK1040593,fundamentals,
1040719,CIK1040719,fundamentals,
1040721,CIK1040721,fundamentals,
1040765,CIK1040765,fundamentals,
1040792,CIK1040792,fundamentals,
1040799,CIK1040799,fundamentals,
1040850,CIK1040850,fundamentals,
1041009,CIK1041009,fundamentals,
1041177,CIK1041177,fundamentals,
1041379,CIK1041379,fundamentals,
1041429,CIK1041429,fundamentals,
1041550,CIK1041550,fundamentals,
1041577,CIK1041577,fundamentals,
1041609,CIK1041609,fundamentals,
1041954,CIK1041954,fundamentals,
104207,CIK104207,fundamentals,
1042074,CIK1042074,fundamentals,
1042173,CIK1042173,fundamentals,
1042463,CIK1042463,fundamentals,
1042642,CIK1042642,fundamentals,
1042728,CIK1042728,fundamentals,
1042773,CIK1042773,fundamentals,
1042783,CIK1042783,fundamentals,
1042784,CIK1042784,fundamentals,
1042809,CIK1042809,fundamentals,
1042810,CIK1042810,fundamentals,
1042821,CIK1042821,fundamentals,
1042825,CIK1042825,fundamentals,
1043121,CIK1043121,fundamentals,
1043156,CIK1043156,fundamentals,
1043325,CIK1043325,fundamentals,
1043382,CIK1043382,fundamentals,
1043533,CIK1043533,fundamentals,
1043565,CIK1043565,fundamentals,
1043604,CIK1043604,fundamentals,
1043825,CIK1043825,fundamentals,
1043873,CIK1043873,fundamentals,
1043894,CIK1043894,fundamentals,
1043951,CIK1043951,fundamentals,
1044082,CIK1044082,fundamentals,
1044378,CIK1044378,fundamentals,
1044435,CIK1044435,fundamentals,
1044577,CIK1044577,fundamentals,
1044590,CIK1044590,fundamentals,
1044650,CIK1044650,fundamentals,
1045014,CIK1045014,fundamentals,
1045150,CIK1045150,fundamentals,
1045309,CIK1045309,fundamentals,
1045390,CIK1045390,fundamentals,
1045425,CIK1045425,fundamentals,
1045546,CIK1045546,fundamentals,
1045829,CIK1045829,fundamentals,
1045929,CIK1045929,fundamentals,
1046057,CIK1046057,fundamentals,
1046131,CIK1046131,fundamentals,
1046188,CIK1046188,fundamentals,
1046203,CIK1046203,fundamentals,
1046327,CIK1046327,fundamentals,
1046672,CIK1046672,fundamentals,
1046788,CIK1046788,fundamentals,
1046859,CIK1046859,fundamentals,
1046880,CIK1046880,fundamentals,
1046995,CIK1046995,fundamentals,
1047122,CIK1047122,fundamentals,
1047170,CIK1047170,fundamentals,
1047446,CIK1047446,fundamentals,
1047699,CIK1047699,fundamentals,
104777,CIK104777,fundamentals,
1047865,CIK1047865,fundamentals,
1047881,CIK1047881,fundamentals,
1047884,CIK1047884,fundamentals,
1047919,CIK1047919,fundamentals,
1048055,CIK1048055,fundamentals,
104819,CIK104819,fundamentals,
1048501,CIK1048501,fundamentals,
1048620,CIK1048620,fundamentals,
1048685,CIK1048685,fundamentals,
1048789,CIK1048789,fundamentals,
104897,CIK104897,fundamentals,
1049011,CIK1049011,fundamentals,
1049108,CIK1049108,fundamentals,
1049210,CIK1049210,fundamentals,
1049505,CIK1049505,fundamentals,
1049782,CIK1049782,fundamentals,
1050007,CIK1050007,fundamentals,
1050180,CIK1050180,fundamentals,
1050550,CIK1050550,fundamentals,
105076,CIK105076,fundamentals,
1050825,CIK1050825,fundamentals,
1050957,CIK1050957,fundamentals,
1051114,CIK1051114,fundamentals,
1051251,CIK1051251,fundamentals,
1051343,CIK1051343,fundamentals,
1051473,CIK1051473,fundamentals,
1051488,CIK1051488,fundamentals,
1051741,CIK1051741,fundamentals,
1051771,CIK1051771,fundamentals,
1051829,CIK1051829,fundamentals,
1051830,CIK1051830,fundamentals,
1051871,CIK1051871,fundamentals,
1052045,CIK1052045,fundamentals,
1052054,CIK1052054,fundamentals,
1052100,CIK1052100,fundamentals,
1052257,CIK1052257,fundamentals,
1052284,CIK1052284,fundamentals,
1052595,CIK1052595,fundamentals,
1052636,CIK1052636,fundamentals,
1053059,CIK1053059,fundamentals,
1053112,CIK1053112,fundamentals,
1053374,CIK1053374,fundamentals,
1053532,CIK1053532,fundamentals,
1053584,CIK1053584,fundamentals,
1053648,CIK1053648,fundamentals,
1053650,CIK1053650,fundamentals,
1054274,CIK1054274,fundamentals,
1054303,CIK1054303,fundamentals,
1054374,CIK1054374,fundamentals,
1054508,CIK1054508,fundamentals,
1054579,CIK1054579,fundamentals,
1054721,CIK1054721,fundamentals,
1054833,CIK1054833,fundamentals,
1055294,CIK1055294,fundamentals,
1055355,CIK1055355,fundamentals,
1055454,CIK1055454,fundamentals,
1056035,CIK1056035,fundamentals,
105608,CIK105608,fundamentals,
1056087,CIK1056087,fundamentals,
1056239,CIK1056239,fundamentals,
1056386,CIK1056386,fundamentals,
1056598,CIK1056598,fundamentals,
1056756,CIK1056756,fundamentals,
1056757,CIK1056757,fundamentals,
1056923,CIK1056923,fundamentals,
1057051,CIK1057051,fundamentals,
1057058,CIK1057058,fundamentals,
1057083,CIK1057083,fundamentals,
1057436,CIK1057436,fundamentals,
1057689,CIK1057689,fundamentals,
1057695,CIK1057695,fundamentals,
1057758,CIK1057758,fundamentals,
1058057,CIK1058057,fundamentals,
1058299,CIK1058299,fundamentals,
1058330,CIK1058330,fundamentals,
1058438,CIK1058438,fundamentals,
1058690,CIK1058690,fundamentals,
1058767,CIK1058767,fundamentals,
1058828,CIK1058828,fundamentals,
1058867,CIK1058867,fundamentals,
1059131,CIK1059131,fundamentals,
1059262,CIK1059262,fundamentals,
1059272,CIK1059272,fundamentals,
1059324,CIK1059324,fundamentals,
1059562,CIK1059562,fundamentals,
1059763,CIK1059763,fundamentals,
1059784,CIK1059784,fundamentals,
1059786,CIK1059786,fundamentals,
1059790,CIK1059790,fundamentals,
1060009,CIK1060009,fundamentals,
1060219,CIK1060219,fundamentals,
1060232,CIK1060232,fundamentals,
1060244,CIK1060244,fundamentals,
1060349,CIK1060349,fundamentals,
1060386,CIK1060386,fundamentals,
1060409,CIK1060409,fundamentals,
1060426,CIK1060426,fundamentals,
1060455,CIK1060455,fundamentals,
1060523,CIK1060523,fundamentals,
1060736,CIK1060736,fundamentals,
1060749,CIK1060749,fundamentals,
1060910,CIK1060910,fundamentals,
1060990,CIK1060990,fundamentals,
1061027,CIK1061027,fundamentals,
1061164,CIK1061164,fundamentals,
1061169,CIK1061169,fundamentals,
1061288,CIK1061288,fundamentals,
1061322,CIK1061322,fundamentals,
1061393,CIK1061393,fundamentals,
1061507,CIK1061507,fundamentals,
1061688,CIK1061688,fundamentals,
1062047,CIK1062047,fundamentals,
1062128,CIK1062128,fundamentals,
1062273,CIK1062273,fundamentals,
1062292,CIK1062292,fundamentals,
1062438,CIK1062438,fundamentals,
1062449,CIK1062449,fundamentals,
1062478,CIK1062478,fundamentals,
1062530,CIK1062530,fundamentals,
1062613,CIK1062613,fundamentals,
1062720,CIK1062720,fundamentals,
1063104,CIK1063104,fundamentals,
106311,CIK106311,fundamentals,
1063197,CIK1063197,fundamentals,
1063254,CIK1063254,fundamentals,
1063344,CIK1063344,fundamentals,
1063489,CIK1063489,fundamentals,
1063494,CIK1063494,fundamentals,
1063530,CIK1063530,fundamentals,
1063537,CIK1063537,fundamentals,
1063665,CIK1063665,fundamentals,
1064090,CIK1064090,fundamentals,
1064116,CIK1064116,fundamentals,
106455,CIK106455,fundamentals,
1064722,CIK1064722,fundamentals,
1064863,CIK1064863,fundamentals,
1065001,CIK1065001,fundamentals,
1065034,CIK1065034,fundamentals,
1065049,CIK1065049,fundamentals,
1065087,CIK1065087,fundamentals,
1065188,CIK1065188,fundamentals,
1065189,CIK1065189,fundamentals,
1065201,CIK1065201,fundamentals,
1065332,CIK1065332,fundamentals,
1065598,CIK1065598,fundamentals,
1065754,CIK1065754,fundamentals,
1065837,CIK1065837,fundamentals,
1065860,CIK1065860,fundamentals,
1065865,CIK1065865,fundamentals,
1066026,CIK1066026,fundamentals,
1066104,CIK1066104,fundamentals,
1066107,CIK1066107,fundamentals,
1066134,CIK1066134,fundamentals,
106618,CIK106618,fundamentals,
1066247,CIK1066247,fundamentals,
1066254,CIK1066254,fundamentals,
1066551,CIK1066551,fundamentals,
1066605,CIK1066605,fundamentals,
1066656,CIK1066656,fundamentals,
1066658,CIK1066658,fundamentals,
1066719,CIK1066719,fundamentals,
1067063,CIK1067063,fundamentals,
1067286,CIK1067286,fundamentals,
1067419,CIK1067419,fundamentals,
1067837,CIK1067837,fundamentals,
1067873,CIK1067873,fundamentals,
1068084,CIK1068084,fundamentals,
1068148,CIK1068148,fundamentals,
1068237,CIK1068237,fundamentals,
1068300,CIK1068300,fundamentals,
1068717,CIK1068717,fundamentals,
1068796,CIK1068796,fundamentals,
1068874,CIK1068874,fundamentals,
1068875,CIK1068875,fundamentals,
1069152,CIK1069152,fundamentals,
106926,CIK106926,fundamentals,
1069308,CIK1069308,fundamentals,
1069353,CIK1069353,fundamentals,
1069489,CIK1069489,fundamentals,
1069563,CIK1069563,fundamentals,
1069680,CIK1069680,fundamentals,
1069799,CIK1069799,fundamentals,
1069996,CIK1069996,fundamentals,
1070154,CIK1070154,fundamentals,
1070295,CIK1070295,fundamentals,
1070336,CIK1070336,fundamentals,
1070361,CIK1070361,fundamentals,
1070380,CIK1070380,fundamentals,
1070523,CIK1070523,fundamentals,
1070698,CIK1070698,fundamentals,
1071264,CIK1071264,fundamentals,
1071341,CIK1071341,fundamentals,
1071411,CIK1071411,fundamentals,
1071760,CIK1071760,fundamentals,
1071941,CIK1071941,fundamentals,
1071993,CIK1071993,fundamentals,
1072248,CIK1072248,fundamentals,
1072343,CIK1072343,fundamentals,
1072805,CIK1072805,fundamentals,
1072806,CIK1072806,fundamentals,
1072842,CIK1072842,fundamentals,
1072847,CIK1072847,fundamentals,
1073146,CIK1073146,fundamentals,
1073149,CIK1073149,fundamentals,
1073349,CIK1073349,fundamentals,
1073362,CIK1073362,fundamentals,
1073429,CIK1073429,fundamentals,
1073431,CIK1073431,fundamentals,
1073475,CIK1073475,fundamentals,
1073748,CIK1073748,fundamentals,
1073967,CIK1073967,fundamentals,
1074433,CIK1074433,fundamentals,
1074447,CIK1074447,fundamentals,
1074458,CIK1074458,fundamentals,
1074909,CIK1074909,fundamentals,
1074929,CIK1074929,fundamentals,
1075058,CIK1075058,fundamentals,
1075607,CIK1075607,fundamentals,
1075656,CIK1075656,fundamentals,
1075773,CIK1075773,fundamentals,
1075857,CIK1075857,fundamentals,
1075993,CIK1075993,fundamentals,
1076167,CIK1076167,fundamentals,
1076195,CIK1076195,fundamentals,
1076262,CIK1076262,fundamentals,
1076394,CIK1076394,fundamentals,
1076405,CIK1076405,fundamentals,
1076481,CIK1076481,fundamentals,
1076522,CIK1076522,fundamentals,
1076541,CIK1076541,fundamentals,
1076682,CIK1076682,fundamentals,
1076700,CIK1076700,fundamentals,
1076744,CIK1076744,fundamentals,
1076784,CIK1076784,fundamentals,
107681,CIK107681,fundamentals,
1076891,CIK1076891,fundamentals,
1076939,CIK1076939,fundamentals,
1076966,CIK1076966,fundamentals,
1077319,CIK1077319,fundamentals,
1077370,CIK1077370,fundamentals,
1077561,CIK1077561,fundamentals,
1077637,CIK1077637,fundamentals,
1077638,CIK1077638,fundamentals,
1077771,CIK1077771,fundamentals,
1077800,CIK1077800,fundamentals,
1077866,CIK1077866,fundamentals,
1077915,CIK1077915,fundamentals,
1078037,CIK1078037,fundamentals,
1078099,CIK1078099,fundamentals,
1078207,CIK1078207,fundamentals,
107833,CIK107833,fundamentals,
1078383,CIK1078383,fundamentals,
1078723,CIK1078723,fundamentals,
1078799,CIK1078799,fundamentals,
1079023,CIK1079023,fundamentals,
1079282,CIK1079282,fundamentals,
1079297,CIK1079297,fundamentals,
1079577,CIK1079577,fundamentals,
1079786,CIK1079786,fundamentals,
1080029,CIK1080029,fundamentals,
1080034,CIK1080034,fundamentals,
1080056,CIK1080056,fundamentals,
1080099,CIK1080099,fundamentals,
1080224,CIK1080224,fundamentals,
1080319,CIK1080319,fundamentals,
1080360,CIK1080360,fundamentals,
1080398,CIK1080398,fundamentals,
1080602,CIK1080602,fundamentals,
1080627,CIK1080627,fundamentals,
1080634,CIK1080634,fundamentals,
1080667,CIK1080667,fundamentals,
1080709,CIK1080709,fundamentals,
1080747,CIK1080747,fundamentals,
1081074,CIK1081074,fundamentals,
1081078,CIK1081078,fundamentals,
1081091,CIK1081091,fundamentals,
1081183,CIK1081183,fundamentals,
1081206,CIK1081206,fundamentals,
1081316,CIK1081316,fundamentals,
1081568,CIK1081568,fundamentals,
1081860,CIK1081860,fundamentals,
1082027,CIK1082027,fundamentals,
1082038,CIK1082038,fundamentals,
1082176,CIK1082176,fundamentals,
1082198,CIK1082198,fundamentals,
1082278,CIK1082278,fundamentals,
1082384,CIK1082384,fundamentals,
1082431,CIK1082431,fundamentals,
1082492,CIK1082492,fundamentals,
1082506,CIK1082506,fundamentals,
1082510,CIK1082510,fundamentals,
1082526,CIK1082526,fundamentals,
1082754,CIK1082754,fundamentals,
1082822,CIK1082822,fundamentals,
1082923,CIK1082923,fundamentals,
1083243,CIK1083243,fundamentals,
1083383,CIK1083383,fundamentals,
1083410,CIK1083410,fundamentals,
1083459,CIK1083459,fundamentals,
1083643,CIK1083643,fundamentals,
1083663,CIK1083663,fundamentals,
1083689,CIK1083689,fundamentals,
1083706,CIK1083706,fundamentals,
1083712,CIK1083712,fundamentals,
1083768,CIK1083768,fundamentals,
1083848,CIK1083848,fundamentals,
1083866,CIK1083866,fundamentals,
1083922,CIK1083922,fundamentals,
1083944,CIK1083944,fundamentals,
1084031,CIK1084031,fundamentals,
1084067,CIK1084067,fundamentals,
1084133,CIK1084133,fundamentals,
1084182,CIK1084182,fundamentals,
1084226,CIK1084226,fundamentals,
1084332,CIK1084332,fundamentals,
1084370,CIK1084370,fundamentals,
1084384,CIK1084384,fundamentals,
1084415,CIK1084415,fundamentals,
1084463,CIK1084463,fundamentals,
1084507,CIK1084507,fundamentals,
1084577,CIK1084577,fundamentals,
1084580,CIK1084580,fundamentals,
1084597,CIK1084597,fundamentals,
1084662,CIK1084662,fundamentals,
1084717,CIK1084717,fundamentals,
1084752,CIK1084752,fundamentals,
1084755,CIK1084755,fundamentals,
1084817,CIK1084817,fundamentals,
1084828,CIK1084828,fundamentals,
1084899,CIK1084899,fundamentals,
1085254,CIK1085254,fundamentals,
1085280,CIK1085280,fundamentals,
1085392,CIK1085392,fundamentals,
1085596,CIK1085596,fundamentals,
1085621,CIK1085621,fundamentals,
1085706,CIK1085706,fundamentals,
1085770,CIK1085770,fundamentals,
1085869,CIK1085869,fundamentals,
1086082,CIK1086082,fundamentals,
1086139,CIK1086139,fundamentals,
1086195,CIK1086195,fundamentals,
1086319,CIK1086319,fundamentals,
1086411,CIK1086411,fundamentals,
1086670,CIK1086670,fundamentals,
1086722,CIK1086722,fundamentals,
1086740,CIK1086740,fundamentals,
1086909,CIK1086909,fundamentals,
1087022,CIK1087022,fundamentals,
1087216,CIK1087216,fundamentals,
1087423,CIK1087423,fundamentals,
1087432,CIK1087432,fundamentals,
1087455,CIK1087455,fundamentals,
108772,CIK108772,fundamentals,
1087734,CIK1087734,fundamentals,
1087835,CIK1087835,fundamentals,
1087934,CIK1087934,fundamentals,
1088033,CIK1088033,fundamentals,
1088120,CIK1088120,fundamentals,
1088162,CIK1088162,fundamentals,
1088206,CIK1088206,fundamentals,
1088211,CIK1088211,fundamentals,
1088213,CIK1088213,fundamentals,
1088312,CIK1088312,fundamentals,
1088638,CIK1088638,fundamentals,
1088787,CIK1088787,fundamentals,
1088825,CIK1088825,fundamentals,
1088949,CIK1088949,fundamentals,
1089029,CIK1089029,fundamentals,
1089061,CIK1089061,fundamentals,
1089143,CIK1089143,fundamentals,
1089272,CIK1089272,fundamentals,
1089297,CIK1089297,fundamentals,
1089319,CIK1089319,fundamentals,
1089473,CIK1089473,fundamentals,
1089511,CIK1089511,fundamentals,
1089531,CIK1089531,fundamentals,
1089590,CIK1089590,fundamentals,
1089598,CIK1089598,fundamentals,
1089638,CIK1089638,fundamentals,
1089748,CIK1089748,fundamentals,
1089819,CIK1089819,fundamentals,
1089976,CIK1089976,fundamentals,
1090061,CIK1090061,fundamentals,
1090403,CIK1090403,fundamentals,
1090514,CIK1090514,fundamentals,
1090908,CIK1090908,fundamentals,
1090967,CIK1090967,fundamentals,
1091171,CIK1091171,fundamentals,
1091312,CIK1091312,fundamentals,
1091325,CIK1091325,fundamentals,
1091491,CIK1091491,fundamentals,
109156,CIK109156,fundamentals,
1091566,CIK1091566,fundamentals,
1091735,CIK1091735,fundamentals,
1091748,CIK1091748,fundamentals,
1091801,CIK1091801,fundamentals,
1091862,CIK1091862,fundamentals,
1091883,CIK1091883,fundamentals,
1091907,CIK1091907,fundamentals,
1091983,CIK1091983,fundamentals,
1092289,CIK1092289,fundamentals,
1092367,CIK1092367,fundamentals,
1092448,CIK1092448,fundamentals,
1092492,CIK1092492,fundamentals,
1092562,CIK1092562,fundamentals,
1092662,CIK1092662,fundamentals,
1092791,CIK1092791,fundamentals,
1092802,CIK1092802,fundamentals,
1092807,CIK1092807,fundamentals,
1092839,CIK1092839,fundamentals,
1092914,CIK1092914,fundamentals,
1093082,CIK1093082,fundamentals,
1093207,CIK1093207,fundamentals,
1093248,CIK1093248,fundamentals,
1093285,CIK1093285,fundamentals,
1093430,CIK1093430,fundamentals,
1093636,CIK1093636,fundamentals,
1093649,CIK1093649,fundamentals,
1093677,CIK1093677,fundamentals,
1093683,CIK1093683,fundamentals,
1093728,CIK1093728,fundamentals,
1093800,CIK1093800,fundamentals,
1093897,CIK1093897,fundamentals,
1093903,CIK1093903,fundamentals,
1093928,CIK1093928,fundamentals,
1094007,CIK1094007,fundamentals,
1094019,CIK1094019,fundamentals,
1094058,CIK1094058,fundamentals,
1094093,CIK1094093,fundamentals,
1094139,CIK1094139,fundamentals,
1094238,CIK1094238,fundamentals,
1094348,CIK1094348,fundamentals,
1094392,CIK1094392,fundamentals,
1094651,CIK1094651,fundamentals,
109471,CIK109471,fundamentals,
1094738,CIK1094738,fundamentals,
1094739,CIK1094739,fundamentals,
1094742,CIK1094742,fundamentals,
1094808,CIK1094808,fundamentals,
1094810,CIK1094810,fundamentals,
1094814,CIK1094814,fundamentals,
1094847,CIK1094847,fundamentals,
1095007,CIK1095007,fundamentals,
1095130,CIK1095130,fundamentals,
1095133,CIK1095133,fundamentals,
1095266,CIK1095266,fundamentals,
1095277,CIK1095277,fundamentals,
1095291,CIK1095291,fundamentals,
1095315,CIK1095315,fundamentals,
1095373,CIK1095373,fundamentals,
1095600,CIK1095600,fundamentals,
1095858,CIK1095858,fundamentals,
1095996,CIK1095996,fundamentals,
1096132,CIK1096132,fundamentals,
1096142,CIK1096142,fundamentals,
1096199,CIK1096199,fundamentals,
1096294,CIK1096294,fundamentals,
1096298,CIK1096298,fundamentals,
1096325,CIK1096325,fundamentals,
1096339,CIK1096339,fundamentals,
1096376,CIK1096376,fundamentals,
1096385,CIK1096385,fundamentals,
1096481,CIK1096481,fundamentals,
1096550,CIK1096550,fundamentals,
1096555,CIK1096555,fundamentals,
1096637,CIK1096637,fundamentals,
1096654,CIK1096654,fundamentals,
1096738,CIK1096738,fundamentals,
1096759,CIK1096759,fundamentals,
1096768,CIK1096768,fundamentals,
1096788,CIK1096788,fundamentals,
1096791,CIK1096791,fundamentals,
1096840,CIK1096840,fundamentals,
1096857,CIK1096857,fundamentals,
1096934,CIK1096934,fundamentals,
1096939,CIK1096939,fundamentals,
1096950,CIK1096950,fundamentals,
1097264,CIK1097264,fundamentals,
1097396,CIK1097396,fundamentals,
1097430,CIK1097430,fundamentals,
109758,CIK109758,fundamentals,
1097718,CIK1097718,fundamentals,
1097792,CIK1097792,fundamentals,
1097896,CIK1097896,fundamentals,
1098009,CIK1098009,fundamentals,
1098277,CIK1098277,fundamentals,
1098813,CIK1098813,fundamentals,
1098875,CIK1098875,fundamentals,
1098880,CIK1098880,fundamentals,
1098881,CIK1098881,fundamentals,
1098911,CIK1098911,fundamentals,
1098996,CIK1098996,fundamentals,
1099132,CIK1099132,fundamentals,
1099215,CIK1099215,fundamentals,
1099290,CIK1099290,fundamentals,
1099305,CIK1099305,fundamentals,
1099509,CIK1099509,fundamentals,
1099534,CIK1099534,fundamentals,
1099568,CIK1099568,fundamentals,
1099574,CIK1099574,fundamentals,
1099728,CIK1099728,fundamentals,
1099977,CIK1099977,fundamentals,
110019,CIK110019,fundamentals,
1100202,CIK1100202,fundamentals,
110027,CIK110027,fundamentals,
1100270,CIK1100270,fundamentals,
1100380,CIK1100380,fundamentals,
1100394,CIK1100394,fundamentals,
1100397,CIK1100397,fundamentals,
1100412,CIK1100412,fundamentals,
1100441,CIK1100441,fundamentals,
1100542,CIK1100542,fundamentals,
1100592,CIK1100592,fundamentals,
1100644,CIK1100644,fundamentals,
1100734,CIK1100734,fundamentals,
1100747,CIK1100747,fundamentals,
1100778,CIK1100778,fundamentals,
1100878,CIK1100878,fundamentals,
1100917,CIK1100917,fundamentals,
1100962,CIK1100962,fundamentals,
1100969,CIK1100969,fundamentals,
1101020,CIK1101020,fundamentals,
110104,CIK110104,fundamentals,
1101169,CIK1101169,fundamentals,
1101246,CIK1101246,fundamentals,
1101396,CIK1101396,fundamentals,
1101423,CIK1101423,fundamentals,
1101680,CIK1101680,fundamentals,
1101688,CIK1101688,fundamentals,
1101723,CIK1101723,fundamentals,
1101783,CIK1101783,fundamentals,
1101865,CIK1101865,fundamentals,
1102112,CIK1102112,fundamentals,
1102266,CIK1102266,fundamentals,
1102287,CIK1102287,fundamentals,
1102358,CIK1102358,fundamentals,
1102392,CIK1102392,fundamentals,
1102414,CIK1102414,fundamentals,
1102432,CIK1102432,fundamentals,
1102541,CIK1102541,fundamentals,
1102709,CIK1102709,fundamentals,
1102741,CIK1102741,fundamentals,
1102934,CIK1102934,fundamentals,
1102942,CIK1102942,fundamentals,
1103021,CIK1103021,fundamentals,
1103025,CIK1103025,fundamentals,
1103120,CIK1103120,fundamentals,
1103345,CIK1103345,fundamentals,
1103384,CIK1103384,fundamentals,
1103390,CIK1103390,fundamentals,
1103577,CIK1103577,fundamentals,
1103601,CIK1103601,fundamentals,
1103640,CIK1103640,fundamentals,
1103837,CIK1103837,fundamentals,
1103977,CIK1103977,fundamentals,
1104042,CIK1104042,fundamentals,
1104188,CIK1104188,fundamentals,
1104252,CIK1104252,fundamentals,
1104254,CIK1104254,fundamentals,
1104265,CIK1104265,fundamentals,
1104280,CIK1104280,fundamentals,
110430,CIK110430,fundamentals,
1104349,CIK1104349,fundamentals,
1104358,CIK1104358,fundamentals,
1104462,CIK1104462,fundamentals,
1104502,CIK1104502,fundamentals,
1104672,CIK1104672,fundamentals,
1104855,CIK1104855,fundamentals,
1104891,CIK1104891,fundamentals,
1104904,CIK1104904,fundamentals,
1105055,CIK1105055,fundamentals,
1105064,CIK1105064,fundamentals,
1105184,CIK1105184,fundamentals,
1105284,CIK1105284,fundamentals,
110536,CIK110536,fundamentals,
1105472,CIK1105472,fundamentals,
1105533,CIK1105533,fundamentals,
1105705,CIK1105705,fundamentals,
1106645,CIK1106645,fundamentals,
1106838,CIK1106838,fundamentals,
1106848,CIK1106848,fundamentals,
1106851,CIK1106851,fundamentals,
1106942,CIK1106942,fundamentals,
1106974,CIK1106974,fundamentals,
1107160,CIK1107160,fundamentals,
1107216,CIK1107216,fundamentals,
1107332,CIK1107332,fundamentals,
1107694,CIK1107694,fundamentals,
1107796,CIK1107796,fundamentals,
1107998,CIK1107998,fundamentals,
1108046,CIK1108046,fundamentals,
1108236,CIK1108236,fundamentals,
1108320,CIK1108320,fundamentals,
1108630,CIK1108630,fundamentals,
1108645,CIK1108645,fundamentals,
1108730,CIK1108730,fundamentals,
1108827,CIK1108827,fundamentals,
1108924,CIK1108924,fundamentals,
1108967,CIK1108967,fundamentals,
1109153,CIK1109153,fundamentals,
1109189,CIK1109189,fundamentals,
1109196,CIK1109196,fundamentals,
1109448,CIK1109448,fundamentals,
1109486,CIK1109486,fundamentals,
1109525,CIK1109525,fundamentals,
1109546,CIK1109546,fundamentals,
1109553,CIK1109553,fundamentals,
1109879,CIK1109879,fundamentals,
1110361,CIK1110361,fundamentals,
1110482,CIK1110482,fundamentals,
1110647,CIK1110647,fundamentals,
1110783,CIK1110783,fundamentals,
1110805,CIK1110805,fundamentals,
1110903,CIK1110903,fundamentals,
1111118,CIK1111118,fundamentals,
1111247,CIK1111247,fundamentals,
1111284,CIK1111284,fundamentals,
1111285,CIK1111285,fundamentals,
1111468,CIK1111468,fundamentals,
1111473,CIK1111473,fundamentals,
1111632,CIK1111632,fundamentals,
1111634,CIK1111634,fundamentals,
1111665,CIK1111665,fundamentals,
1111817,CIK1111817,fundamentals,
1112064,CIK1112064,fundamentals,
1112372,CIK1112372,fundamentals,
1112412,CIK1112412,fundamentals,
1112551,CIK1112551,fundamentals,
1112706,CIK1112706,fundamentals,
1112920,CIK1112920,fundamentals,
1112985,CIK1112985,fundamentals,
1113026,CIK1113026,fundamentals,
1113148,CIK1113148,fundamentals,
1113256,CIK1113256,fundamentals,
1113481,CIK1113481,fundamentals,
1113513,CIK1113513,fundamentals,
1113524,CIK1113524,fundamentals,
1113668,CIK1113668,fundamentals,
1113784,CIK1113784,fundamentals,
1114200,CIK1114200,fundamentals,
1114208,CIK1114208,fundamentals,
1114220,CIK1114220,fundamentals,
1114274,CIK1114274,fundamentals,
1114605,CIK1114605,fundamentals,
1114714,CIK1114714,fundamentals,
1115055,CIK1115055,fundamentals,
1115128,CIK1115128,fundamentals,
1115222,CIK1115222,fundamentals,
1115836,CIK1115836,fundamentals,
1115975,CIK1115975,fundamentals,
1116112,CIK1116112,fundamentals,
1116204,CIK1116204,fundamentals,
1116521,CIK1116521,fundamentals,
1116927,CIK1116927,fundamentals,
1117045,CIK1117045,fundamentals,
1117106,CIK1117106,fundamentals,
1117480,CIK1117480,fundamentals,
1117733,CIK1117733,fundamentals,
1118004,CIK1118004,fundamentals,
1118037,CIK1118037,fundamentals,
1118072,CIK1118072,fundamentals,
1118233,CIK1118233,fundamentals,
1118237,CIK1118237,fundamentals,
1118384,CIK1118384,fundamentals,
1118417,CIK1118417,fundamentals,
1118761,CIK1118761,fundamentals,
1118974,CIK1118974,fundamentals,
1119046,CIK1119046,fundamentals,
1119721,CIK1119721,fundamentals,
1119807,CIK1119807,fundamentals,
1119897,CIK1119897,fundamentals,
11199,CIK11199,fundamentals,
1120096,CIK1120096,fundamentals,
1120129,CIK1120129,fundamentals,
1120295,CIK1120295,fundamentals,
1120434,CIK1120434,fundamentals,
1120792,CIK1120792,fundamentals,
1120830,CIK1120830,fundamentals,
1121142,CIK1121142,fundamentals,
1121702,CIK1121702,fundamentals,
1121745,CIK1121745,fundamentals,
1121783,CIK1121783,fundamentals,
1121793,CIK1121793,fundamentals,
1122051,CIK1122051,fundamentals,
1122063,CIK1122063,fundamentals,
1122108,CIK1122108,fundamentals,
1122130,CIK1122130,fundamentals,
1122304,CIK1122304,fundamentals,
1122342,CIK1122342,fundamentals,
1122388,CIK1122388,fundamentals,
1122742,CIK1122742,fundamentals,
1122897,CIK1122897,fundamentals,
1122991,CIK1122991,fundamentals,
1123270,CIK1123270,fundamentals,
1123312,CIK1123312,fundamentals,
1123316,CIK1123316,fundamentals,
1123493,CIK1123493,fundamentals,
1123541,CIK1123541,fundamentals,
1123647,CIK1123647,fundamentals,
1123735,CIK1123735,fundamentals,
1123836,CIK1123836,fundamentals,
1123846,CIK1123846,fundamentals,
1123852,CIK1123852,fundamentals,
1123979,CIK1123979,fundamentals,
1124024,CIK1124024,fundamentals,
1124127,CIK1124127,fundamentals,
1124608,CIK1124608,fundamentals,
1124610,CIK1124610,fundamentals,
1124676,CIK1124676,fundamentals,
1124804,CIK1124804,fundamentals,
1124827,CIK1124827,fundamentals,
1124941,CIK1124941,fundamentals,
1125053,CIK1125053,fundamentals,
1125264,CIK1125264,fundamentals,
1125280,CIK1125280,fundamentals,
1125699,CIK1125699,fundamentals,
1125903,CIK1125903,fundamentals,
1125914,CIK1125914,fundamentals,
1125920,CIK1125920,fundamentals,
1126003,CIK1126003,fundamentals,
1126115,CIK1126115,fundamentals,
1126162,CIK1126162,fundamentals,
1126216,CIK1126216,fundamentals,
1126234,CIK1126234,fundamentals,
1126294,CIK1126294,fundamentals,
1126411,CIK1126411,fundamentals,
1126533,CIK1126533,fundamentals,
1126703,CIK1126703,fundamentals,
1126961,CIK1126961,fundamentals,
1126975,CIK1126975,fundamentals,
1127160,CIK1127160,fundamentals,
1127242,CIK1127242,fundamentals,
1127245,CIK1127245,fundamentals,
1127342,CIK1127342,fundamentals,
1127993,CIK1127993,fundamentals,
1128227,CIK1128227,fundamentals,
1128353,CIK1128353,fundamentals,
1128495,CIK1128495,fundamentals,
1128581,CIK1128581,fundamentals,
1128725,CIK1128725,fundamentals,
1129018,CIK1129018,fundamentals,
1129048,CIK1129048,fundamentals,
1129096,CIK1129096,fundamentals,
1129120,CIK1129120,fundamentals,
1129260,CIK1129260,fundamentals,
1129542,CIK1129542,fundamentals,
1129633,CIK1129633,fundamentals,
1129920,CIK1129920,fundamentals,
1130128,CIK1130128,fundamentals,
1130258,CIK1130258,fundamentals,
1130385,CIK1130385,fundamentals,
1130591,CIK1130591,fundamentals,
1130758,CIK1130758,fundamentals,
1130808,CIK1130808,fundamentals,
1130866,CIK1130866,fundamentals,
1130888,CIK1130888,fundamentals,
1130889,CIK1130889,fundamentals,
1131089,CIK1131089,fundamentals,
1131096,CIK1131096,fundamentals,
1131227,CIK1131227,fundamentals,
1131324,CIK1131324,fundamentals,
1131457,CIK1131457,fundamentals,
1131543,CIK1131543,fundamentals,
1131554,CIK1131554,fundamentals,
1131675,CIK1131675,fundamentals,
1131907,CIK1131907,fundamentals,
1132143,CIK1132143,fundamentals,
1132887,CIK1132887,fundamentals,
1133260,CIK1133260,fundamentals,
1133266,CIK1133266,fundamentals,
1133470,CIK1133470,fundamentals,
1133901,CIK1133901,fundamentals,
1134016,CIK1134016,fundamentals,
1134203,CIK1134203,fundamentals,
1135017,CIK1135017,fundamentals,
1135152,CIK1135152,fundamentals,
1135185,CIK1135185,fundamentals,
1135202,CIK1135202,fundamentals,
1135361,CIK1135361,fundamentals,
1135657,CIK1135657,fundamentals,
1135711,CIK1135711,fundamentals,
1135906,CIK1135906,fundamentals,
1135971,CIK1135971,fundamentals,
1136174,CIK1136174,fundamentals,
1136294,CIK1136294,fundamentals,
1136352,CIK1136352,fundamentals,
1136463,CIK1136463,fundamentals,
1136529,CIK1136529,fundamentals,
1136711,CIK1136711,fundamentals,
1136796,CIK1136796,fundamentals,
1136933,CIK1136933,fundamentals,
1137005,CIK1137005,fundamentals,
1137046,CIK1137046,fundamentals,
1137048,CIK1137048,fundamentals,
1137083,CIK1137083,fundamentals,
1137204,CIK1137204,fundamentals,
1137239,CIK1137239,fundamentals,
1137411,CIK1137411,fundamentals,
1137855,CIK1137855,fundamentals,
1137861,CIK1137861,fundamentals,
1138301,CIK1138301,fundamentals,
1138400,CIK1138400,fundamentals,
1138608,CIK1138608,fundamentals,
1138639,CIK1138639,fundamentals,
1138724,CIK1138724,fundamentals,
1138776,CIK1138776,fundamentals,
1138817,CIK1138817,fundamentals,
1138830,CIK1138830,fundamentals,
1138951,CIK1138951,fundamentals,
1138978,CIK1138978,fundamentals,
1139463,CIK1139463,fundamentals,
1139614,CIK1139614,fundamentals,
1139812,CIK1139812,fundamentals,
1139822,CIK1139822,fundamentals,
1140028,CIK1140028,fundamentals,
1140098,CIK1140098,fundamentals,
1140184,CIK1140184,fundamentals,
1140303,CIK1140303,fundamentals,
1140310,CIK1140310,fundamentals,
1140414,CIK1140414,fundamentals,
1140486,CIK1140486,fundamentals,
1140509,CIK1140509,fundamentals,
1140657,CIK1140657,fundamentals,
1141107,CIK1141107,fundamentals,
1141263,CIK1141263,fundamentals,
1141615,CIK1141615,fundamentals,
1141673,CIK1141673,fundamentals,
1141719,CIK1141719,fundamentals,
1141788,CIK1141788,fundamentals,
1141807,CIK1141807,fundamentals,
1141982,CIK1141982,fundamentals,
1142129,CIK1142129,fundamentals,
1142380,CIK1142380,fundamentals,
1142406,CIK1142406,fundamentals,
1142412,CIK1142412,fundamentals,
1142488,CIK1142488,fundamentals,
1142512,CIK1142512,fundamentals,
1142576,CIK1142576,fundamentals,
1142596,CIK1142596,fundamentals,
1142701,CIK1142701,fundamentals,
1142790,CIK1142790,fundamentals,
1142801,CIK1142801,fundamentals,
1143068,CIK1143068,fundamentals,
1143155,CIK1143155,fundamentals,
1143238,CIK1143238,fundamentals,
1143834,CIK1143834,fundamentals,
1143908,CIK1143908,fundamentals,
1143921,CIK1143921,fundamentals,
1144169,CIK1144169,fundamentals,
1144225,CIK1144225,fundamentals,
1144320,CIK1144320,fundamentals,
1144326,CIK1144326,fundamentals,
1144354,CIK1144354,fundamentals,
1144519,CIK1144519,fundamentals,
1144546,CIK1144546,fundamentals,
1144834,CIK1144834,fundamentals,
1144945,CIK1144945,fundamentals,
1145057,CIK1145057,fundamentals,
1145328,CIK1145328,fundamentals,
1145404,CIK1145404,fundamentals,
1145460,CIK1145460,fundamentals,
1145547,CIK1145547,fundamentals,
1145761,CIK1145761,fundamentals,
1145765,CIK1145765,fundamentals,
1156174,CIK1156174,fundamentals,
1156295,CIK1156295,fundamentals,
1156337,CIK1156337,fundamentals,
1156388,CIK1156388,fundamentals,
1156445,CIK1156445,fundamentals,
1156784,CIK1156784,fundamentals,
1156815,CIK1156815,fundamentals,
1156871,CIK1156871,fundamentals,
1156884,CIK1156884,fundamentals,
1157004,CIK1157004,fundamentals,
1157377,CIK1157377,fundamentals,
1157516,CIK1157516,fundamentals,
1157522,CIK1157522,fundamentals,
1157602,CIK1157602,fundamentals,
1157758,CIK1157758,fundamentals,
1157762,CIK1157762,fundamentals,
1157780,CIK1157780,fundamentals,
1157806,CIK1157806,fundamentals,
1157817,CIK1157817,fundamentals,
1158223,CIK1158223,fundamentals,
1158387,CIK1158387,fundamentals,
1158419,CIK1158419,fundamentals,
1158420,CIK1158420,fundamentals,
1158694,CIK1158694,fundamentals,
1158863,CIK1158863,fundamentals,
1159019,CIK1159019,fundamentals,
1159154,CIK1159154,fundamentals,
1159167,CIK1159167,fundamentals,
1159275,CIK1159275,fundamentals,
1159281,CIK1159281,fundamentals,
1159297,CIK1159297,fundamentals,
1159427,CIK1159427,fundamentals,
1159464,CIK1159464,fundamentals,
1160142,CIK1160142,fundamentals,
1160479,CIK1160479,fundamentals,
1160798,CIK1160798,fundamentals,
1160858,CIK1160858,fundamentals,
1160945,CIK1160945,fundamentals,
1160951,CIK1160951,fundamentals,
1160958,CIK1160958,fundamentals,
1161049,CIK1161049,fundamentals,
1161154,CIK1161154,fundamentals,
1161315,CIK1161315,fundamentals,
1161364,CIK1161364,fundamentals,
1161366,CIK1161366,fundamentals,
1161550,CIK1161550,fundamentals,
1161582,CIK1161582,fundamentals,
1161706,CIK1161706,fundamentals,
1161976,CIK1161976,fundamentals,
1162000,CIK1162000,fundamentals,
1162112,CIK1162112,fundamentals,
1162315,CIK1162315,fundamentals,
1162324,CIK1162324,fundamentals,
1162461,CIK1162461,fundamentals,
1162556,CIK1162556,fundamentals,
1162816,CIK1162816,fundamentals,
1163003,CIK1163003,fundamentals,
1163199,CIK1163199,fundamentals,
1163300,CIK1163300,fundamentals,
1163302,CIK1163302,fundamentals,
1163332,CIK1163332,fundamentals,
1163348,CIK1163348,fundamentals,
1163573,CIK1163573,fundamentals,
1163698,CIK1163698,fundamentals,
1163932,CIK1163932,fundamentals,
1163966,CIK1163966,fundamentals,
1164012,CIK1164012,fundamentals,
1164191,CIK1164191,fundamentals,
1164255,CIK1164255,fundamentals,
1164256,CIK1164256,fundamentals,
1164552,CIK1164552,fundamentals,
1164888,CIK1164888,fundamentals,
1164964,CIK1164964,fundamentals,
1165231,CIK1165231,fundamentals,
1165320,CIK1165320,fundamentals,
1165336,CIK1165336,fundamentals,
1165639,CIK1165639,fundamentals,
1165880,CIK1165880,fundamentals,
1166036,CIK1166036,fundamentals,
1166126,CIK1166126,fundamentals,
1166220,CIK1166220,fundamentals,
1166291,CIK1166291,fundamentals,
1166338,CIK1166338,fundamentals,
1166365,CIK1166365,fundamentals,
1166380,CIK1166380,fundamentals,
1166388,CIK1166388,fundamentals,
1166568,CIK1166568,fundamentals,
1166789,CIK1166789,fundamentals,
1166847,CIK1166847,fundamentals,
1167178,CIK1167178,fundamentals,
1167294,CIK1167294,fundamentals,
1167609,CIK1167609,fundamentals,
1167886,CIK1167886,fundamentals,
1167905,CIK1167905,fundamentals,
1168054,CIK1168054,fundamentals,
1168081,CIK1168081,fundamentals,
1168195,CIK1168195,fundamentals,
1168197,CIK1168197,fundamentals,
1168213,CIK1168213,fundamentals,
1168220,CIK1168220,fundamentals,
1168325,CIK1168325,fundamentals,
1168478,CIK1168478,fundamentals,
1168663,CIK1168663,fundamentals,
1168696,CIK1168696,fundamentals,
1168938,CIK1168938,fundamentals,
1168960,CIK1168960,fundamentals,
1168990,CIK1168990,fundamentals,
1169055,CIK1169055,fundamentals,
1169083,CIK1169083,fundamentals,
1169245,CIK1169245,fundamentals,
1169264,CIK1169264,fundamentals,
1169440,CIK1169440,fundamentals,
1169567,CIK1169567,fundamentals,
1169652,CIK1169652,fundamentals,
1169749,CIK1169749,fundamentals,
1169769,CIK1169769,fundamentals,
1169987,CIK1169987,fundamentals,
1169988,CIK1169988,fundamentals,
1170154,CIK1170154,fundamentals,
1170534,CIK1170534,fundamentals,
1170593,CIK1170593,fundamentals,
1170650,CIK1170650,fundamentals,
1170797,CIK1170797,fundamentals,
1170816,CIK1170816,fundamentals,
1170991,CIK1170991,fundamentals,
1171012,CIK1171012,fundamentals,
1171014,CIK1171014,fundamentals,
1171032,CIK1171032,fundamentals,
1171079,CIK1171079,fundamentals,
1171298,CIK1171298,fundamentals,
1171357,CIK1171357,fundamentals,
1171500,CIK1171500,fundamentals,
1171662,CIK1171662,fundamentals,
1171689,CIK1171689,fundamentals,
1171825,CIK1171825,fundamentals,
1172102,CIK1172102,fundamentals,
1172136,CIK1172136,fundamentals,
1172139,CIK1172139,fundamentals,
1172222,CIK1172222,fundamentals,
1172229,CIK1172229,fundamentals,
1172298,CIK1172298,fundamentals,
1172318,CIK1172318,fundamentals,
1172480,CIK1172480,fundamentals,
1172631,CIK1172631,fundamentals,
1172706,CIK1172706,fundamentals,
1173281,CIK1173281,fundamentals,
1173284,CIK1173284,fundamentals,
1173431,CIK1173431,fundamentals,
1173738,CIK1173738,fundamentals,
1173752,CIK1173752,fundamentals,
1173784,CIK1173784,fundamentals,
1173911,CIK1173911,fundamentals,
1174266,CIK1174266,fundamentals,
1174290,CIK1174290,fundamentals,
1174672,CIK1174672,fundamentals,
1174746,CIK1174746,fundamentals,
1174814,CIK1174814,fundamentals,
1174820,CIK1174820,fundamentals,
1174907,CIK1174907,fundamentals,
1175028,CIK1175028,fundamentals,
1175029,CIK1175029,fundamentals,
1175108,CIK1175108,fundamentals,
1175416,CIK1175416,fundamentals,
1175442,CIK1175442,fundamentals,
1175483,CIK1175483,fundamentals,
1175501,CIK1175501,fundamentals,
1175505,CIK1175505,fundamentals,
1175609,CIK1175609,fundamentals,
1175757,CIK1175757,fundamentals,
1176236,CIK1176236,fundamentals,
1176316,CIK1176316,fundamentals,
1176325,CIK1176325,fundamentals,
1176373,CIK1176373,fundamentals,
1177070,CIK1177070,fundamentals,
1177135,CIK1177135,fundamentals,
1177274,CIK1177274,fundamentals,
1177845,CIK1177845,fundamentals,
1178104,CIK1178104,fundamentals,
1178132,CIK1178132,fundamentals,
1178336,CIK1178336,fundamentals,
1178377,CIK1178377,fundamentals,
1178409,CIK1178409,fundamentals,
1178552,CIK1178552,fundamentals,
1178711,CIK1178711,fundamentals,
1178727,CIK1178727,fundamentals,
1178862,CIK1178862,fundamentals,
1178879,CIK1178879,fundamentals,
1179060,CIK1179060,fundamentals,
1179090,CIK1179090,fundamentals,
1179351,CIK1179351,fundamentals,
1179484,CIK1179484,fundamentals,
1179500,CIK1179500,fundamentals,
1179755,CIK1179755,fundamentals,
1180079,CIK1180079,fundamentals,
1180145,CIK1180145,fundamentals,
1180638,CIK1180638,fundamentals,
1181001,CIK1181001,fundamentals,
1181749,CIK1181749,fundamentals,
1182011,CIK1182011,fundamentals,
1182129,CIK1182129,fundamentals,
1182325,CIK1182325,fundamentals,
1182731,CIK1182731,fundamentals,
1182737,CIK1182737,fundamentals,
1183082,CIK1183082,fundamentals,
1183186,CIK1183186,fundamentals,
1183276,CIK1183276,fundamentals,
1183765,CIK1183765,fundamentals,
1185198,CIK1185198,fundamentals,
1186258,CIK1186258,fundamentals,
1186362,CIK1186362,fundamentals,
1186519,CIK1186519,fundamentals,
1187449,CIK1187449,fundamentals,
1188382,CIK1188382,fundamentals,
1189396,CIK1189396,fundamentals,
1191334,CIK1191334,fundamentals,
1191354,CIK1191354,fundamentals,
1191357,CIK1191357,fundamentals,
1191359,CIK1191359,fundamentals,
1191857,CIK1191857,fundamentals,
1193311,CIK1193311,fundamentals,
1195116,CIK1195116,fundamentals,
1195734,CIK1195734,fundamentals,
1195933,CIK1195933,fundamentals,
1196501,CIK1196501,fundamentals,
1198415,CIK1198415,fundamentals,
1200528,CIK1200528,fundamentals,
1201135,CIK1201135,fundamentals,
1201663,CIK1201663,fundamentals,
1202273,CIK1202273,fundamentals,
1203900,CIK1203900,fundamentals,
1203957,CIK1203957,fundamentals,
1204560,CIK1204560,fundamentals,
1205181,CIK1205181,fundamentals,
1205332,CIK1205332,fundamentals,
1205727,CIK1205727,fundamentals,
1206133,CIK1206133,fundamentals,
1206401,CIK1206401,fundamentals,
1206942,CIK1206942,fundamentals,
1207074,CIK1207074,fundamentals,
1208208,CIK1208208,fundamentals,
1208261,CIK1208261,fundamentals,
1208790,CIK1208790,fundamentals,
1209028,CIK1209028,fundamentals,
1209709,CIK1209709,fundamentals,
1209821,CIK1209821,fundamentals,
1210227,CIK1210227,fundamentals,
1210294,CIK1210294,fundamentals,
1210618,CIK1210618,fundamentals,
1211211,CIK1211211,fundamentals,
1211351,CIK1211351,fundamentals,
1211524,CIK1211524,fundamentals,
1211759,CIK1211759,fundamentals,
1212458,CIK1212458,fundamentals,
1212641,CIK1212641,fundamentals,
1213106,CIK1213106,fundamentals,
1213336,CIK1213336,fundamentals,
1213660,CIK1213660,fundamentals,
1216596,CIK1216596,fundamentals,
1216752,CIK1216752,fundamentals,
1219210,CIK1219210,fundamentals,
1220606,CIK1220606,fundamentals,
1220754,CIK1220754,fundamentals,
1221548,CIK1221548,fundamentals,
1221554,CIK1221554,fundamentals,
1221749,CIK1221749,fundamentals,
1222218,CIK1222218,fundamentals,
1222244,CIK1222244,fundamentals,
1222840,CIK1222840,fundamentals,
1222915,CIK1222915,fundamentals,
1223112,CIK1223112,fundamentals,
1223389,CIK1223389,fundamentals,
1223533,CIK1223533,fundamentals,
1223786,CIK1223786,fundamentals,
1223862,CIK1223862,fundamentals,
1224006,CIK1224006,fundamentals,
1224370,CIK1224370,fundamentals,
1224950,CIK1224950,fundamentals,
1224951,CIK1224951,fundamentals,
1224952,CIK1224952,fundamentals,
1225307,CIK1225307,fundamentals,
1225874,CIK1225874,fundamentals,
1226308,CIK1226308,fundamentals,
1227025,CIK1227025,fundamentals,
1227265,CIK1227265,fundamentals,
1227268,CIK1227268,fundamentals,
1227930,CIK1227930,fundamentals,
1228068,CIK1228068,fundamentals,
1228386,CIK1228386,fundamentals,
1229089,CIK1229089,fundamentals,
1229146,CIK1229146,fundamentals,
1229195,CIK1229195,fundamentals,
1230276,CIK1230276,fundamentals,
1230355,CIK1230355,fundamentals,
1230634,CIK1230634,fundamentals,
1232241,CIK1232241,fundamentals,
1233275,CIK1233275,fundamentals,
1234308,CIK1234308,fundamentals,
1235007,CIK1235007,fundamentals,
1235010,CIK1235010,fundamentals,
1236997,CIK1236997,fundamentals,
1237746,CIK1237746,fundamentals,
1238289,CIK1238289,fundamentals,
1239188,CIK1239188,fundamentals,
1239819,CIK1239819,fundamentals,
12400,CIK12400,fundamentals,
1240581,CIK1240581,fundamentals,
1241199,CIK1241199,fundamentals,
1242513,CIK1242513,fundamentals,
1243496,CIK1243496,fundamentals,
1244937,CIK1244937,fundamentals,
1245104,CIK1245104,fundamentals,
1245791,CIK1245791,fundamentals,
1245841,CIK1245841,fundamentals,
1248124,CIK1248124,fundamentals,
1250873,CIK1250873,fundamentals,
1250897,CIK1250897,fundamentals,
1251769,CIK1251769,fundamentals,
1252849,CIK1252849,fundamentals,
1253176,CIK1253176,fundamentals,
1253317,CIK1253317,fundamentals,
1253328,CIK1253328,fundamentals,
1253329,CIK1253329,fundamentals,
1253347,CIK1253347,fundamentals,
1253557,CIK1253557,fundamentals,
1254371,CIK1254371,fundamentals,
1254419,CIK1254419,fundamentals,
1254595,CIK1254595,fundamentals,
1255474,CIK1255474,fundamentals,
1255895,CIK1255895,fundamentals,
1256069,CIK1256069,fundamentals,
1256540,CIK1256540,fundamentals,
1258831,CIK1258831,fundamentals,
1259045,CIK1259045,fundamentals,
1259515,CIK1259515,fundamentals,
1259550,CIK1259550,fundamentals,
1260349,CIK1260349,fundamentals,
1260429,CIK1260429,fundamentals,
1260625,CIK1260625,fundamentals,
1260828,CIK1260828,fundamentals,
1260968,CIK1260968,fundamentals,
1260990,CIK1260990,fundamentals,
1260996,CIK1260996,fundamentals,
1261159,CIK1261159,fundamentals,
1261249,CIK1261249,fundamentals,
1261302,CIK1261302,fundamentals,
1261379,CIK1261379,fundamentals,
1261436,CIK1261436,fundamentals,
1261487,CIK1261487,fundamentals,
1261694,CIK1261694,fundamentals,
1261734,CIK1261734,fundamentals,
1261888,CIK1261888,fundamentals,
1262200,CIK1262200,fundamentals,
1262279,CIK1262279,fundamentals,
1262450,CIK1262450,fundamentals,
1262751,CIK1262751,fundamentals,
1262768,CIK1262768,fundamentals,
1262959,CIK1262959,fundamentals,
1263762,CIK1263762,fundamentals,
1263872,CIK1263872,fundamentals,
1264587,CIK1264587,fundamentals,
1264707,CIK1264707,fundamentals,
1264755,CIK1264755,fundamentals,
1265107,CIK1265107,fundamentals,
1265572,CIK1265572,fundamentals,
1265840,CIK1265840,fundamentals,
1265848,CIK1265848,fundamentals,
1265888,CIK1265888,fundamentals,
1266719,CIK1266719,fundamentals,
1267023,CIK1267023,fundamentals,
1267097,CIK1267097,fundamentals,
1267130,CIK1267130,fundamentals,
1267201,CIK1267201,fundamentals,
1267391,CIK1267391,fundamentals,
1267425,CIK1267425,fundamentals,
1267602,CIK1267602,fundamentals,
1267612,CIK1267612,fundamentals,
1267813,CIK1267813,fundamentals,
1267919,CIK1267919,fundamentals,
1268236,CIK1268236,fundamentals,
1268238,CIK1268238,fundamentals,
1268659,CIK1268659,fundamentals,
1268671,CIK1268671,fundamentals,
1268984,CIK1268984,fundamentals,
1269021,CIK1269021,fundamentals,
1269022,CIK1269022,fundamentals,
1269127,CIK1269127,fundamentals,
1269190,CIK1269190,fundamentals,
1269871,CIK1269871,fundamentals,
1269879,CIK1269879,fundamentals,
1270073,CIK1270073,fundamentals,
1270200,CIK1270200,fundamentals,
1270400,CIK1270400,fundamentals,
1270426,CIK1270426,fundamentals,
1270427,CIK1270427,fundamentals,
1270428,CIK1270428,fundamentals,
1270430,CIK1270430,fundamentals,
1271024,CIK1271024,fundamentals,
1271046,CIK1271046,fundamentals,
1271057,CIK1271057,fundamentals,
1271073,CIK1271073,fundamentals,
1271075,CIK1271075,fundamentals,
1271214,CIK1271214,fundamentals,
1271551,CIK1271551,fundamentals,
1271625,CIK1271625,fundamentals,
1271833,CIK1271833,fundamentals,
1271940,CIK1271940,fundamentals,
1272430,CIK1272430,fundamentals,
1272550,CIK1272550,fundamentals,
1272597,CIK1272597,fundamentals,
1272754,CIK1272754,fundamentals,
1272830,CIK1272830,fundamentals,
1272906,CIK1272906,fundamentals,
1273385,CIK1273385,fundamentals,
1273507,CIK1273507,fundamentals,
1273636,CIK1273636,fundamentals,
1273801,CIK1273801,fundamentals,
1273931,CIK1273931,fundamentals,
1273988,CIK1273988,fundamentals,
1274032,CIK1274032,fundamentals,
1274057,CIK1274057,fundamentals,
1274211,CIK1274211,fundamentals,
1274563,CIK1274563,fundamentals,
1274644,CIK1274644,fundamentals,
1274792,CIK1274792,fundamentals,
1274913,CIK1274913,fundamentals,
1275229,CIK1275229,fundamentals,
1275283,CIK1275283,fundamentals,
1275712,CIK1275712,fundamentals,
1276262,CIK1276262,fundamentals,
1276477,CIK1276477,fundamentals,
1276591,CIK1276591,fundamentals,
1277092,CIK1277092,fundamentals,
1277141,CIK1277141,fundamentals,
1277151,CIK1277151,fundamentals,
1277250,CIK1277250,fundamentals,
1277254,CIK1277254,fundamentals,
1277270,CIK1277270,fundamentals,
1277406,CIK1277406,fundamentals,
1277856,CIK1277856,fundamentals,
12779,CIK12779,fundamentals,
1277998,CIK1277998,fundamentals,
1278140,CIK1278140,fundamentals,
1278363,CIK1278363,fundamentals,
1278384,CIK1278384,fundamentals,
1279228,CIK1279228,fundamentals,
1279363,CIK1279363,fundamentals,
1279695,CIK1279695,fundamentals,
1280396,CIK1280396,fundamentals,
1280600,CIK1280600,fundamentals,
1280821,CIK1280821,fundamentals,
1281198,CIK1281198,fundamentals,
1281774,CIK1281774,fundamentals,
1281845,CIK1281845,fundamentals,
1281922,CIK1281922,fundamentals,
1282266,CIK1282266,fundamentals,
1282398,CIK1282398,fundamentals,
1282400,CIK1282400,fundamentals,
1282543,CIK1282543,fundamentals,
1282607,CIK1282607,fundamentals,
1282613,CIK1282613,fundamentals,
1282723,CIK1282723,fundamentals,
1282977,CIK1282977,fundamentals,
1283140,CIK1283140,fundamentals,
1283582,CIK1283582,fundamentals,
1283630,CIK1283630,fundamentals,
1283709,CIK1283709,fundamentals,
1283789,CIK1283789,fundamentals,
1283810,CIK1283810,fundamentals,
1283843,CIK1283843,fundamentals,
1284196,CIK1284196,fundamentals,
1284450,CIK1284450,fundamentals,
1284452,CIK1284452,fundamentals,
1284506,CIK1284506,fundamentals,
1284766,CIK1284766,fundamentals,
1284807,CIK1284807,fundamentals,
1285043,CIK1285043,fundamentals,
1285224,CIK1285224,fundamentals,
1285236,CIK1285236,fundamentals,
1285480,CIK1285480,fundamentals,
1285543,CIK1285543,fundamentals,
1285701,CIK1285701,fundamentals,
1286131,CIK1286131,fundamentals,
1286181,CIK1286181,fundamentals,
1286225,CIK1286225,fundamentals,
1286345,CIK1286345,fundamentals,
1286459,CIK1286459,fundamentals,
1286964,CIK1286964,fundamentals,
1287151,CIK1287151,fundamentals,
1287668,CIK1287668,fundamentals,
1287701,CIK1287701,fundamentals,
1287808,CIK1287808,fundamentals,
1287900,CIK1287900,fundamentals,
1288195,CIK1288195,fundamentals,
1288248,CIK1288248,fundamentals,
1288359,CIK1288359,fundamentals,
1288496,CIK1288496,fundamentals,
1288741,CIK1288741,fundamentals,
1288750,CIK1288750,fundamentals,
1288776,CIK1288776,fundamentals,
1288924,CIK1288924,fundamentals,
1289046,CIK1289046,fundamentals,
1289047,CIK1289047,fundamentals,
1289236,CIK1289236,fundamentals,
1289237,CIK1289237,fundamentals,
1289244,CIK1289244,fundamentals,
1289272,CIK1289272,fundamentals,
1289441,CIK1289441,fundamentals,
1289496,CIK1289496,fundamentals,
1289505,CIK1289505,fundamentals,
1289550,CIK1289550,fundamentals,
1289592,CIK1289592,fundamentals,
1289636,CIK1289636,fundamentals,
1289701,CIK1289701,fundamentals,
1289785,CIK1289785,fundamentals,
1289790,CIK1289790,fundamentals,
1289850,CIK1289850,fundamentals,
1289863,CIK1289863,fundamentals,
1290149,CIK1290149,fundamentals,
1290476,CIK1290476,fundamentals,
1290504,CIK1290504,fundamentals,
1290505,CIK1290505,fundamentals,
1290506,CIK1290506,fundamentals,
1292026,CIK1292026,fundamentals,
1292055,CIK1292055,fundamentals,
1292087,CIK1292087,fundamentals,
1292426,CIK1292426,fundamentals,
1292518,CIK1292518,fundamentals,
1292519,CIK1292519,fundamentals,
1292556,CIK1292556,fundamentals,
1292653,CIK1292653,fundamentals,
1292900,CIK1292900,fundamentals,
1293211,CIK1293211,fundamentals,
1293282,CIK1293282,fundamentals,
1293283,CIK1293283,fundamentals,
1293310,CIK1293310,fundamentals,
1293330,CIK1293330,fundamentals,
1293593,CIK1293593,fundamentals,
1293971,CIK1293971,fundamentals,
1294016,CIK1294016,fundamentals,
1294154,CIK1294154,fundamentals,
1294157,CIK1294157,fundamentals,
1294208,CIK1294208,fundamentals,
1294250,CIK1294250,fundamentals,
1294476,CIK1294476,fundamentals,
1294538,CIK1294538,fundamentals,
1294608,CIK1294608,fundamentals,
1294632,CIK1294632,fundamentals,
1294649,CIK1294649,fundamentals,
1294924,CIK1294924,fundamentals,
1295079,CIK1295079,fundamentals,
1295503,CIK1295503,fundamentals,
1295560,CIK1295560,fundamentals,
1295664,CIK1295664,fundamentals,
1295714,CIK1295714,fundamentals,
1295961,CIK1295961,fundamentals,
1296205,CIK1296205,fundamentals,
1296286,CIK1296286,fundamentals,
1296391,CIK1296391,fundamentals,
1296435,CIK1296435,fundamentals,
1296884,CIK1296884,fundamentals,
1297067,CIK1297067,fundamentals,
1297203,CIK1297203,fundamentals,
1297223,CIK1297223,fundamentals,
1297336,CIK1297336,fundamentals,
1297401,CIK1297401,fundamentals,
1297587,CIK1297587,fundamentals,
1297667,CIK1297667,fundamentals,
1297720,CIK1297720,fundamentals,
1297735,CIK1297735,fundamentals,
12978,CIK12978,fundamentals,
1297965,CIK1297965,fundamentals,
1298095,CIK1298095,fundamentals,
1298195,CIK1298195,fundamentals,
1298341,CIK1298341,fundamentals,
1298824,CIK1298824,fundamentals,
1298978,CIK1298978,fundamentals,
1299033,CIK1299033,fundamentals,
1299109,CIK1299109,fundamentals,
1299139,CIK1299139,fundamentals,
1299688,CIK1299688,fundamentals,
1299704,CIK1299704,fundamentals,
1299864,CIK1299864,fundamentals,
1299901,CIK1299901,fundamentals,
1299966,CIK1299966,fundamentals,
1299967,CIK1299967,fundamentals,
1300524,CIK1300524,fundamentals,
1300662,CIK1300662,fundamentals,
1300699,CIK1300699,fundamentals,
1300734,CIK1300734,fundamentals,
1300781,CIK1300781,fundamentals,
1300867,CIK1300867,fundamentals,
1300938,CIK1300938,fundamentals,
1301031,CIK1301031,fundamentals,
1301063,CIK1301063,fundamentals,
1301075,CIK1301075,fundamentals,
1301081,CIK1301081,fundamentals,
1301106,CIK1301106,fundamentals,
1301206,CIK1301206,fundamentals,
1301299,CIK1301299,fundamentals,
1301367,CIK1301367,fundamentals,
1301501,CIK1301501,fundamentals,
1301611,CIK1301611,fundamentals,
1301704,CIK1301704,fundamentals,
1301712,CIK1301712,fundamentals,
1301838,CIK1301838,fundamentals,
1301839,CIK1301839,fundamentals,
1301843,CIK1301843,fundamentals,
1301874,CIK1301874,fundamentals,
1301991,CIK1301991,fundamentals,
1302028,CIK1302028,fundamentals,
1302177,CIK1302177,fundamentals,
1302244,CIK1302244,fundamentals,
1302324,CIK1302324,fundamentals,
1302343,CIK1302343,fundamentals,
1302350,CIK1302350,fundamentals,
1302365,CIK1302365,fundamentals,
1302573,CIK1302573,fundamentals,
1302707,CIK1302707,fundamentals,
1302709,CIK1302709,fundamentals,
1302834,CIK1302834,fundamentals,
1302849,CIK1302849,fundamentals,
1302913,CIK1302913,fundamentals,
1302946,CIK1302946,fundamentals,
13033,CIK13033,fundamentals,
1303313,CIK1303313,fundamentals,
1303330,CIK1303330,fundamentals,
1303433,CIK1303433,fundamentals,
1303652,CIK1303652,fundamentals,
1303849,CIK1303849,fundamentals,
1303942,CIK1303942,fundamentals,
1304280,CIK1304280,fundamentals,
1304421,CIK1304421,fundamentals,
1304464,CIK1304464,fundamentals,
1304730,CIK1304730,fundamentals,
1304740,CIK1304740,fundamentals,
1304741,CIK1304741,fundamentals,
1304898,CIK1304898,fundamentals,
1305014,CIK1305014,fundamentals,
1305168,CIK1305168,fundamentals,
1305253,CIK1305253,fundamentals,
1305294,CIK1305294,fundamentals,
1305323,CIK1305323,fundamentals,
13055,CIK13055,fundamentals,
1305631,CIK1305631,fundamentals,
1305773,CIK1305773,fundamentals,
1306035,CIK1306035,fundamentals,
1306109,CIK1306109,fundamentals,
1307140,CIK1307140,fundamentals,
1307345,CIK1307345,fundamentals,
1307624,CIK1307624,fundamentals,
1307701,CIK1307701,fundamentals,
1307752,CIK1307752,fundamentals,
1307873,CIK1307873,fundamentals,
1307969,CIK1307969,fundamentals,
1307989,CIK1307989,fundamentals,
1308085,CIK1308085,fundamentals,
1308137,CIK1308137,fundamentals,
1308161,CIK1308161,fundamentals,
1308569,CIK1308569,fundamentals,
1308606,CIK1308606,fundamentals,
1308710,CIK1308710,fundamentals,
1308711,CIK1308711,fundamentals,
1309056,CIK1309056,fundamentals,
1309057,CIK1309057,fundamentals,
1309126,CIK1309126,fundamentals,
1309132,CIK1309132,fundamentals,
1309136,CIK1309136,fundamentals,
1309141,CIK1309141,fundamentals,
1309304,CIK1309304,fundamentals,
1309346,CIK1309346,fundamentals,
1309442,CIK1309442,fundamentals,
1309764,CIK1309764,fundamentals,
1309987,CIK1309987,fundamentals,
1310067,CIK1310067,fundamentals,
1310094,CIK1310094,fundamentals,
1310114,CIK1310114,fundamentals,
1310157,CIK1310157,fundamentals,
1310243,CIK1310243,fundamentals,
1310291,CIK1310291,fundamentals,
1310313,CIK1310313,fundamentals,
1310383,CIK1310383,fundamentals,
1310482,CIK1310482,fundamentals,
1310497,CIK1310497,fundamentals,
1310527,CIK1310527,fundamentals,
1310893,CIK1310893,fundamentals,
1310982,CIK1310982,fundamentals,
1311230,CIK1311230,fundamentals,
1311241,CIK1311241,fundamentals,
1311369,CIK1311369,fundamentals,
1311486,CIK1311486,fundamentals,
1311538,CIK1311538,fundamentals,
1311546,CIK1311546,fundamentals,
1311596,CIK1311596,fundamentals,
1311605,CIK1311605,fundamentals,
1311627,CIK1311627,fundamentals,
1311735,CIK1311735,fundamentals,
1311828,CIK1311828,fundamentals,
1312069,CIK1312069,fundamentals,
1312073,CIK1312073,fundamentals,
1312109,CIK1312109,fundamentals,
1312165,CIK1312165,fundamentals,
1312910,CIK1312910,fundamentals,
1312928,CIK1312928,fundamentals,
1313024,CIK1313024,fundamentals,
1313275,CIK1313275,fundamentals,
1313911,CIK1313911,fundamentals,
1313918,CIK1313918,fundamentals,
1314054,CIK1314054,fundamentals,
1314152,CIK1314152,fundamentals,
1314183,CIK1314183,fundamentals,
1314223,CIK1314223,fundamentals,
1314475,CIK1314475,fundamentals,
1314592,CIK1314592,fundamentals,
1314772,CIK1314772,fundamentals,
1315061,CIK1315061,fundamentals,
1315255,CIK1315255,fundamentals,
1315657,CIK1315657,fundamentals,
1315695,CIK1315695,fundamentals,
1315718,CIK1315718,fundamentals,
1315756,CIK1315756,fundamentals,
1316016,CIK1316016,fundamentals,
1316175,CIK1316175,fundamentals,
1316360,CIK1316360,fundamentals,
1316517,CIK1316517,fundamentals,
1316625,CIK1316625,fundamentals,
1316631,CIK1316631,fundamentals,
1316644,CIK1316644,fundamentals,
1316645,CIK1316645,fundamentals,
1316656,CIK1316656,fundamentals,
1316898,CIK1316898,fundamentals,
1316944,CIK1316944,fundamentals,
1317436,CIK1317436,fundamentals,
1317577,CIK1317577,fundamentals,
1317630,CIK1317630,fundamentals,
1317639,CIK1317639,fundamentals,
1317833,CIK1317833,fundamentals,
1317839,CIK1317839,fundamentals,
1317880,CIK1317880,fundamentals,
1318084,CIK1318084,fundamentals,
1318196,CIK1318196,fundamentals,
1318545,CIK1318545,fundamentals,
1318568,CIK1318568,fundamentals,
1318641,CIK1318641,fundamentals,
1318742,CIK1318742,fundamentals,
1319009,CIK1319009,fundamentals,
1319229,CIK1319229,fundamentals,
1319327,CIK1319327,fundamentals,
1319764,CIK1319764,fundamentals,
1320338,CIK1320338,fundamentals,
1320695,CIK1320695,fundamentals,
1320729,CIK1320729,fundamentals,
1320767,CIK1320767,fundamentals,
1320947,CIK1320947,fundamentals,
1321002,CIK1321002,fundamentals,
1321070,CIK1321070,fundamentals,
1321228,CIK1321228,fundamentals,
1321268,CIK1321268,fundamentals,
1321502,CIK1321502,fundamentals,
1321508,CIK1321508,fundamentals,
1321516,CIK1321516,fundamentals,
1321517,CIK1321517,fundamentals,
1321559,CIK1321559,fundamentals,
1321573,CIK1321573,fundamentals,
1321646,CIK1321646,fundamentals,
1321710,CIK1321710,fundamentals,
1321828,CIK1321828,fundamentals,
1322439,CIK1322439,fundamentals,
1322505,CIK1322505,fundamentals,
1322554,CIK1322554,fundamentals,
1322705,CIK1322705,fundamentals,
1322739,CIK1322739,fundamentals,
1322791,CIK1322791,fundamentals,
1322866,CIK1322866,fundamentals,
1322952,CIK1322952,fundamentals,
1323033,CIK1323033,fundamentals,
1323143,CIK1323143,fundamentals,
1323274,CIK1323274,fundamentals,
1323531,CIK1323531,fundamentals,
1323648,CIK1323648,fundamentals,
1323653,CIK1323653,fundamentals,
1323854,CIK1323854,fundamentals,
1323891,CIK1323891,fundamentals,
13239,CIK13239,fundamentals,
1323974,CIK1323974,fundamentals,
1324105,CIK1324105,fundamentals,
1324189,CIK1324189,fundamentals,
1324245,CIK1324245,fundamentals,
1324272,CIK1324272,fundamentals,
1324344,CIK1324344,fundamentals,
1324410,CIK1324410,fundamentals,
1324482,CIK1324482,fundamentals,
1324518,CIK1324518,fundamentals,
1324592,CIK1324592,fundamentals,
1324736,CIK1324736,fundamentals,
1324772,CIK1324772,fundamentals,
1325279,CIK1325279,fundamentals,
1325281,CIK1325281,fundamentals,
1325460,CIK1325460,fundamentals,
1325676,CIK1325676,fundamentals,
1325703,CIK1325703,fundamentals,
1325740,CIK1325740,fundamentals,
1325814,CIK1325814,fundamentals,
1325878,CIK1325878,fundamentals,
1325879,CIK1325879,fundamentals,
1325955,CIK1325955,fundamentals,
1326003,CIK1326003,fundamentals,
1326089,CIK1326089,fundamentals,
1326141,CIK1326141,fundamentals,
1326250,CIK1326250,fundamentals,
1326252,CIK1326252,fundamentals,
1326321,CIK1326321,fundamentals,
1326364,CIK1326364,fundamentals,
1326396,CIK1326396,fundamentals,
1326428,CIK1326428,fundamentals,
1326583,CIK1326583,fundamentals,
1326652,CIK1326652,fundamentals,
1326771,CIK1326771,fundamentals,
1326807,CIK1326807,fundamentals,
1326917,CIK1326917,fundamentals,
1327195,CIK1327195,fundamentals,
1327238,CIK1327238,fundamentals,
1327318,CIK1327318,fundamentals,
1327364,CIK1327364,fundamentals,
1327467,CIK1327467,fundamentals,
1327471,CIK1327471,fundamentals,
1327557,CIK1327557,fundamentals,
1327603,CIK1327603,fundamentals,
1328003,CIK1328003,fundamentals,
1328015,CIK1328015,fundamentals,
1328143,CIK1328143,fundamentals,
1328208,CIK1328208,fundamentals,
1328300,CIK1328300,fundamentals,
1328571,CIK1328571,fundamentals,
1328655,CIK1328655,fundamentals,
1328670,CIK1328670,fundamentals,
1328769,CIK1328769,fundamentals,
1328888,CIK1328888,fundamentals,
1329011,CIK1329011,fundamentals,
1329069,CIK1329069,fundamentals,
1329136,CIK1329136,fundamentals,
1329484,CIK1329484,fundamentals,
1329517,CIK1329517,fundamentals,
1329548,CIK1329548,fundamentals,
1329701,CIK1329701,fundamentals,
1329799,CIK1329799,fundamentals,
1329842,CIK1329842,fundamentals,
1329919,CIK1329919,fundamentals,
1329957,CIK1329957,fundamentals,
1330323,CIK1330323,fundamentals,
1330399,CIK1330399,fundamentals,
1330421,CIK1330421,fundamentals,
1330436,CIK1330436,fundamentals,
1330466,CIK1330466,fundamentals,
1330622,CIK1330622,fundamentals,
1330849,CIK1330849,fundamentals,
1331275,CIK1331275,fundamentals,
1331301,CIK1331301,fundamentals,
1331427,CIK1331427,fundamentals,
1331444,CIK1331444,fundamentals,
1331451,CIK1331451,fundamentals,
1331463,CIK1331463,fundamentals,
1331465,CIK1331465,fundamentals,
1331745,CIK1331745,fundamentals,
1331754,CIK1331754,fundamentals,
1331757,CIK1331757,fundamentals,
1332412,CIK1332412,fundamentals,
1332445,CIK1332445,fundamentals,
1332474,CIK1332474,fundamentals,
1332572,CIK1332572,fundamentals,
1332602,CIK1332602,fundamentals,
1332896,CIK1332896,fundamentals,
1333170,CIK1333170,fundamentals,
1333248,CIK1333248,fundamentals,
1333513,CIK1333513,fundamentals,
1333519,CIK1333519,fundamentals,
1333563,CIK1333563,fundamentals,
1333614,CIK1333614,fundamentals,
1333675,CIK1333675,fundamentals,
1333763,CIK1333763,fundamentals,
1333835,CIK1333835,fundamentals,
1334126,CIK1334126,fundamentals,
1334478,CIK1334478,fundamentals,
1334586,CIK1334586,fundamentals,
1334589,CIK1334589,fundamentals,
1334699,CIK1334699,fundamentals,
1334740,CIK1334740,fundamentals,
1334794,CIK1334794,fundamentals,
1334814,CIK1334814,fundamentals,
1335103,CIK1335103,fundamentals,
1335104,CIK1335104,fundamentals,
1335106,CIK1335106,fundamentals,
1335112,CIK1335112,fundamentals,
1335137,CIK1335137,fundamentals,
1335190,CIK1335190,fundamentals,
1335236,CIK1335236,fundamentals,
1335239,CIK1335239,fundamentals,
1335282,CIK1335282,fundamentals,
1335293,CIK1335293,fundamentals,
1335294,CIK1335294,fundamentals,
1335493,CIK1335493,fundamentals,
1335725,CIK1335725,fundamentals,
1335732,CIK1335732,fundamentals,
1335792,CIK1335792,fundamentals,
1335793,CIK1335793,fundamentals,
1335950,CIK1335950,fundamentals,
1335982,CIK1335982,fundamentals,
1336047,CIK1336047,fundamentals,
1336282,CIK1336282,fundamentals,
1336339,CIK1336339,fundamentals,
1336545,CIK1336545,fundamentals,
1336644,CIK1336644,fundamentals,
1336691,CIK1336691,fundamentals,
1337009,CIK1337009,fundamentals,
1337182,CIK1337182,fundamentals,
1337213,CIK1337213,fundamentals,
1337226,CIK1337226,fundamentals,
1337272,CIK1337272,fundamentals,
1337408,CIK1337408,fundamentals,
1337553,CIK1337553,fundamentals,
1337619,CIK1337619,fundamentals,
1337675,CIK1337675,fundamentals,
1337885,CIK1337885,fundamentals,
1337905,CIK1337905,fundamentals,
1338042,CIK1338042,fundamentals,
1338065,CIK1338065,fundamentals,
1338095,CIK1338095,fundamentals,
1338242,CIK1338242,fundamentals,
1338248,CIK1338248,fundamentals,
1338401,CIK1338401,fundamentals,
1338460,CIK1338460,fundamentals,
1338474,CIK1338474,fundamentals,
1338520,CIK1338520,fundamentals,
1338578,CIK1338578,fundamentals,
1338613,CIK1338613,fundamentals,
1338624,CIK1338624,fundamentals,
1338690,CIK1338690,fundamentals,
1338749,CIK1338749,fundamentals,
1339048,CIK1339048,fundamentals,
1339225,CIK1339225,fundamentals,
1339256,CIK1339256,fundamentals,
1339455,CIK1339455,fundamentals,
1339469,CIK1339469,fundamentals,
1339553,CIK1339553,fundamentals,
1339605,CIK1339605,fundamentals,
1339854,CIK1339854,fundamentals,
1339947,CIK1339947,fundamentals,
1340041,CIK1340041,fundamentals,
1340095,CIK1340095,fundamentals,
1340122,CIK1340122,fundamentals,
1340127,CIK1340127,fundamentals,
1340282,CIK1340282,fundamentals,
1340554,CIK1340554,fundamentals,
1340652,CIK1340652,fundamentals,
1340786,CIK1340786,fundamentals,
1341141,CIK1341141,fundamentals,
1341293,CIK1341293,fundamentals,
1341318,CIK1341318,fundamentals,
1341319,CIK1341319,fundamentals,
1341470,CIK1341470,fundamentals,
1341726,CIK1341726,fundamentals,
1341768,CIK1341768,fundamentals,
1341780,CIK1341780,fundamentals,
1341808,CIK1341808,fundamentals,
1341843,CIK1341843,fundamentals,
1342126,CIK1342126,fundamentals,
1342219,CIK1342219,fundamentals,
1342287,CIK1342287,fundamentals,
1342505,CIK1342505,fundamentals,
1342514,CIK1342514,fundamentals,
1342643,CIK1342643,fundamentals,
1342792,CIK1342792,fundamentals,
1342854,CIK1342854,fundamentals,
1343011,CIK1343011,fundamentals,
1343034,CIK1343034,fundamentals,
1343254,CIK1343254,fundamentals,
1343304,CIK1343304,fundamentals,
1343601,CIK1343601,fundamentals,
1343719,CIK1343719,fundamentals,
1343979,CIK1343979,fundamentals,
1344154,CIK1344154,fundamentals,
1344394,CIK1344394,fundamentals,
1344413,CIK1344413,fundamentals,
1344494,CIK1344494,fundamentals,
1344530,CIK1344530,fundamentals,
1344596,CIK1344596,fundamentals,
1344632,CIK1344632,fundamentals,
1344736,CIK1344736,fundamentals,
1344807,CIK1344807,fundamentals,
1344970,CIK1344970,fundamentals,
1344980,CIK1344980,fundamentals,
1345111,CIK1345111,fundamentals,
1345122,CIK1345122,fundamentals,
1345432,CIK1345432,fundamentals,
1345756,CIK1345756,fundamentals,
1345801,CIK1345801,fundamentals,
1345913,CIK1345913,fundamentals,
1345991,CIK1345991,fundamentals,
1346302,CIK1346302,fundamentals,
1346346,CIK1346346,fundamentals,
1346526,CIK1346526,fundamentals,
1346655,CIK1346655,fundamentals,
1346922,CIK1346922,fundamentals,
1346973,CIK1346973,fundamentals,
1346980,CIK1346980,fundamentals,
1347022,CIK1347022,fundamentals,
1347078,CIK1347078,fundamentals,
1347218,CIK1347218,fundamentals,
1347452,CIK1347452,fundamentals,
1347491,CIK1347491,fundamentals,
1347523,CIK1347523,fundamentals,
1347613,CIK1347613,fundamentals,
1347652,CIK1347652,fundamentals,
1347815,CIK1347815,fundamentals,
1347870,CIK1347870,fundamentals,
1348036,CIK1348036,fundamentals,
1348259,CIK1348259,fundamentals,
1348324,CIK1348324,fundamentals,
1348334,CIK1348334,fundamentals,
1348649,CIK1348649,fundamentals,
1348788,CIK1348788,fundamentals,
1349365,CIK1349365,fundamentals,
1349437,CIK1349437,fundamentals,
1349454,CIK1349454,fundamentals,
1349593,CIK1349593,fundamentals,
1349922,CIK1349922,fundamentals,
1349929,CIK1349929,fundamentals,
1349976,CIK1349976,fundamentals,
1350072,CIK1350072,fundamentals,
1350073,CIK1350073,fundamentals,
1350381,CIK1350381,fundamentals,
1350420,CIK1350420,fundamentals,
1350421,CIK1350421,fundamentals,
1350684,CIK1350684,fundamentals,
1350770,CIK1350770,fundamentals,
1350773,CIK1350773,fundamentals,
1351051,CIK1351051,fundamentals,
1351285,CIK1351285,fundamentals,
1351288,CIK1351288,fundamentals,
1351541,CIK1351541,fundamentals,
1351573,CIK1351573,fundamentals,
1351765,CIK1351765,fundamentals,
1351901,CIK1351901,fundamentals,
1352081,CIK1352081,fundamentals,
1352190,CIK1352190,fundamentals,
1352302,CIK1352302,fundamentals,
1352341,CIK1352341,fundamentals,
1352801,CIK1352801,fundamentals,
1352819,CIK1352819,fundamentals,
1352858,CIK1352858,fundamentals,
1353174,CIK1353174,fundamentals,
1353209,CIK1353209,fundamentals,
1353282,CIK1353282,fundamentals,
1353283,CIK1353283,fundamentals,
1353307,CIK1353307,fundamentals,
1353386,CIK1353386,fundamentals,
1353406,CIK1353406,fundamentals,
1353487,CIK1353487,fundamentals,
1353499,CIK1353499,fundamentals,
1353505,CIK1353505,fundamentals,
1353523,CIK1353523,fundamentals,
1353538,CIK1353538,fundamentals,
1353616,CIK1353616,fundamentals,
1353617,CIK1353617,fundamentals,
1353633,CIK1353633,fundamentals,
1353722,CIK1353722,fundamentals,
1353741,CIK1353741,fundamentals,
1353748,CIK1353748,fundamentals,
1353970,CIK1353970,fundamentals,
1353972,CIK1353972,fundamentals,
1354027,CIK1354027,fundamentals,
1354030,CIK1354030,fundamentals,
1354071,CIK1354071,fundamentals,
1354174,CIK1354174,fundamentals,
1354213,CIK1354213,fundamentals,
1354217,CIK1354217,fundamentals,
1354309,CIK1354309,fundamentals,
1354327,CIK1354327,fundamentals,
1354513,CIK1354513,fundamentals,
1354591,CIK1354591,fundamentals,
1354730,CIK1354730,fundamentals,
1354752,CIK1354752,fundamentals,
1354772,CIK1354772,fundamentals,
1354942,CIK1354942,fundamentals,
1355001,CIK1355001,fundamentals,
1355042,CIK1355042,fundamentals,
1355128,CIK1355128,fundamentals,
1355242,CIK1355242,fundamentals,
1355250,CIK1355250,fundamentals,
1355304,CIK1355304,fundamentals,
1355420,CIK1355420,fundamentals,
1355451,CIK1355451,fundamentals,
1355559,CIK1355559,fundamentals,
1355607,CIK1355607,fundamentals,
1355677,CIK1355677,fundamentals,
1355732,CIK1355732,fundamentals,
1355754,CIK1355754,fundamentals,
1355786,CIK1355786,fundamentals,
1355823,CIK1355823,fundamentals,
1355855,CIK1355855,fundamentals,
1356104,CIK1356104,fundamentals,
1356564,CIK1356564,fundamentals,
1356570,CIK1356570,fundamentals,
1356857,CIK1356857,fundamentals,
1356949,CIK1356949,fundamentals,
1357115,CIK1357115,fundamentals,
1357204,CIK1357204,fundamentals,
1357231,CIK1357231,fundamentals,
13573,CIK13573,fundamentals,
1357326,CIK1357326,fundamentals,
1357361,CIK1357361,fundamentals,
1357369,CIK1357369,fundamentals,
1357371,CIK1357371,fundamentals,
1357531,CIK1357531,fundamentals,
1357642,CIK1357642,fundamentals,
1357787,CIK1357787,fundamentals,
1357838,CIK1357838,fundamentals,
1357939,CIK1357939,fundamentals,
1358057,CIK1358057,fundamentals,
1358071,CIK1358071,fundamentals,
1358099,CIK1358099,fundamentals,
1358254,CIK1358254,fundamentals,
1358356,CIK1358356,fundamentals,
1358403,CIK1358403,fundamentals,
1358483,CIK1358483,fundamentals,
1358651,CIK1358651,fundamentals,
1358656,CIK1358656,fundamentals,
1358762,CIK1358762,fundamentals,
1358831,CIK1358831,fundamentals,
1359425,CIK1359425,fundamentals,
1359504,CIK1359504,fundamentals,
1359527,CIK1359527,fundamentals,
1359555,CIK1359555,fundamentals,
1359687,CIK1359687,fundamentals,
1359699,CIK1359699,fundamentals,
1359841,CIK1359841,fundamentals,
1360334,CIK1360334,fundamentals,
1360474,CIK1360474,fundamentals,
1360530,CIK1360530,fundamentals,
1360564,CIK1360564,fundamentals,
1360683,CIK1360683,fundamentals,
1360752,CIK1360752,fundamentals,
1360886,CIK1360886,fundamentals,
13610,CIK13610,fundamentals,
1361025,CIK1361025,fundamentals,
1361103,CIK1361103,fundamentals,
1361248,CIK1361248,fundamentals,
1361394,CIK1361394,fundamentals,
1361470,CIK1361470,fundamentals,
1361540,CIK1361540,fundamentals,
1361709,CIK1361709,fundamentals,
1361872,CIK1361872,fundamentals,
1361937,CIK1361937,fundamentals,
1361955,CIK1361955,fundamentals,
1361983,CIK1361983,fundamentals,
1362180,CIK1362180,fundamentals,
1362491,CIK1362491,fundamentals,
1362502,CIK1362502,fundamentals,
1362703,CIK1362703,fundamentals,
1362705,CIK1362705,fundamentals,
1362718,CIK1362718,fundamentals,
1362925,CIK1362925,fundamentals,
1363254,CIK1363254,fundamentals,
1363343,CIK1363343,fundamentals,
1363573,CIK1363573,fundamentals,
1363829,CIK1363829,fundamentals,
1363851,CIK1363851,fundamentals,
1363958,CIK1363958,fundamentals,
1364099,CIK1364099,fundamentals,
1364100,CIK1364100,fundamentals,
1364123,CIK1364123,fundamentals,
1364208,CIK1364208,fundamentals,
1364397,CIK1364397,fundamentals,
1364541,CIK1364541,fundamentals,
1364560,CIK1364560,fundamentals,
1364742,CIK1364742,fundamentals,
1364856,CIK1364856,fundamentals,
1364885,CIK1364885,fundamentals,
1364896,CIK1364896,fundamentals,
1364962,CIK1364962,fundamentals,
1365022,CIK1365022,fundamentals,
1365038,CIK1365038,fundamentals,
1365101,CIK1365101,fundamentals,
1365160,CIK1365160,fundamentals,
1365216,CIK1365216,fundamentals,
1365357,CIK1365357,fundamentals,
1365555,CIK1365555,fundamentals,
1365748,CIK1365748,fundamentals,
1365784,CIK1365784,fundamentals,
1365790,CIK1365790,fundamentals,
1365794,CIK1365794,fundamentals,
1365832,CIK1365832,fundamentals,
1365916,CIK1365916,fundamentals,
1365997,CIK1365997,fundamentals,
1366246,CIK1366246,fundamentals,
1366312,CIK1366312,fundamentals,
1366317,CIK1366317,fundamentals,
1366340,CIK1366340,fundamentals,
1366367,CIK1366367,fundamentals,
1366391,CIK1366391,fundamentals,
1366407,CIK1366407,fundamentals,
1366527,CIK1366527,fundamentals,
1366541,CIK1366541,fundamentals,
1366561,CIK1366561,fundamentals,
1366649,CIK1366649,fundamentals,
1366684,CIK1366684,fundamentals,
1366744,CIK1366744,fundamentals,
1366823,CIK1366823,fundamentals,
1366826,CIK1366826,fundamentals,
1366986,CIK1366986,fundamentals,
1367064,CIK1367064,fundamentals,
1367311,CIK1367311,fundamentals,
1367396,CIK1367396,fundamentals,
1367408,CIK1367408,fundamentals,
1367416,CIK1367416,fundamentals,
1367617,CIK1367617,fundamentals,
1367722,CIK1367722,fundamentals,
1367832,CIK1367832,fundamentals,
1367898,CIK1367898,fundamentals,
1367920,CIK1367920,fundamentals,
1368007,CIK1368007,fundamentals,
1368055,CIK1368055,fundamentals,
1368148,CIK1368148,fundamentals,
1368194,CIK1368194,fundamentals,
1368196,CIK1368196,fundamentals,
1368252,CIK1368252,fundamentals,
1368275,CIK1368275,fundamentals,
1368294,CIK1368294,fundamentals,
1368308,CIK1368308,fundamentals,
1368365,CIK1368365,fundamentals,
1368457,CIK1368457,fundamentals,
1368510,CIK1368510,fundamentals,
1368513,CIK1368513,fundamentals,
1368568,CIK1368568,fundamentals,
1368637,CIK1368637,fundamentals,
1368714,CIK1368714,fundamentals,
1368745,CIK1368745,fundamentals,
1368757,CIK1368757,fundamentals,
1368761,CIK1368761,fundamentals,
1368765,CIK1368765,fundamentals,
1368775,CIK1368775,fundamentals,
1368900,CIK1368900,fundamentals,
1368954,CIK1368954,fundamentals,
1368964,CIK1368964,fundamentals,
1368993,CIK1368993,fundamentals,
1369140,CIK1369140,fundamentals,
1369203,CIK1369203,fundamentals,
1369233,CIK1369233,fundamentals,
1369444,CIK1369444,fundamentals,
1369628,CIK1369628,fundamentals,
1369774,CIK1369774,fundamentals,
1369786,CIK1369786,fundamentals,
1369795,CIK1369795,fundamentals,
1369817,CIK1369817,fundamentals,
1369868,CIK1369868,fundamentals,
1370030,CIK1370030,fundamentals,
1370291,CIK1370291,fundamentals,
1370292,CIK1370292,fundamentals,
1370489,CIK1370489,fundamentals,
1370544,CIK1370544,fundamentals,
1370702,CIK1370702,fundamentals,
1370804,CIK1370804,fundamentals,
1370880,CIK1370880,fundamentals,
1370914,CIK1370914,fundamentals,
1371217,CIK1371217,fundamentals,
1371247,CIK1371247,fundamentals,
1371310,CIK1371310,fundamentals,
1371424,CIK1371424,fundamentals,
1371446,CIK1371446,fundamentals,
1371451,CIK1371451,fundamentals,
1371473,CIK1371473,fundamentals,
1371474,CIK1371474,fundamentals,
1371487,CIK1371487,fundamentals,
1371534,CIK1371534,fundamentals,
1371781,CIK1371781,fundamentals,
1372000,CIK1372000,fundamentals,
1372020,CIK1372020,fundamentals,
1372041,CIK1372041,fundamentals,
1372167,CIK1372167,fundamentals,
1372183,CIK1372183,fundamentals,
1372184,CIK1372184,fundamentals,
1372267,CIK1372267,fundamentals,
1372336,CIK1372336,fundamentals,
1372375,CIK1372375,fundamentals,
1372414,CIK1372414,fundamentals,
1372533,CIK1372533,fundamentals,
1372605,CIK1372605,fundamentals,
1372620,CIK1372620,fundamentals,
1372664,CIK1372664,fundamentals,
1372954,CIK1372954,fundamentals,
1373024,CIK1373024,fundamentals,
1373149,CIK1373149,fundamentals,
1373150,CIK1373150,fundamentals,
1373444,CIK1373444,fundamentals,
1373485,CIK1373485,fundamentals,
1373525,CIK1373525,fundamentals,
1373561,CIK1373561,fundamentals,
1373683,CIK1373683,fundamentals,
1373690,CIK1373690,fundamentals,
1373707,CIK1373707,fundamentals,
1373761,CIK1373761,fundamentals,
1373792,CIK1373792,fundamentals,
1373835,CIK1373835,fundamentals,
1373846,CIK1373846,fundamentals,
1373853,CIK1373853,fundamentals,
1373980,CIK1373980,fundamentals,
1373988,CIK1373988,fundamentals,
1374128,CIK1374128,fundamentals,
1374135,CIK1374135,fundamentals,
1374535,CIK1374535,fundamentals,
1374536,CIK1374536,fundamentals,
1374584,CIK1374584,fundamentals,
1374684,CIK1374684,fundamentals,
1374694,CIK1374694,fundamentals,
1374783,CIK1374783,fundamentals,
1374845,CIK1374845,fundamentals,
1374881,CIK1374881,fundamentals,
1374976,CIK1374976,fundamentals,
1374985,CIK1374985,fundamentals,
1374993,CIK1374993,fundamentals,
1375063,CIK1375063,fundamentals,
1375151,CIK1375151,fundamentals,
1375195,CIK1375195,fundamentals,
1375200,CIK1375200,fundamentals,
1375247,CIK1375247,fundamentals,
1375271,CIK1375271,fundamentals,
1375320,CIK1375320,fundamentals,
1375424,CIK1375424,fundamentals,
1375483,CIK1375483,fundamentals,
1375495,CIK1375495,fundamentals,
1375514,CIK1375514,fundamentals,
1375554,CIK1375554,fundamentals,
1375557,CIK1375557,fundamentals,
1375576,CIK1375576,fundamentals,
1375596,CIK1375596,fundamentals,
1375618,CIK1375618,fundamentals,
1375685,CIK1375685,fundamentals,
1375686,CIK1375686,fundamentals,
1375796,CIK1375796,fundamentals,
1375850,CIK1375850,fundamentals,
1376074,CIK1376074,fundamentals,
1376228,CIK1376228,fundamentals,
1376316,CIK1376316,fundamentals,
1376556,CIK1376556,fundamentals,
1376610,CIK1376610,fundamentals,
1376668,CIK1376668,fundamentals,
1376755,CIK1376755,fundamentals,
1376812,CIK1376812,fundamentals,
1376912,CIK1376912,fundamentals,
1377013,CIK1377013,fundamentals,
1377040,CIK1377040,fundamentals,
1377053,CIK1377053,fundamentals,
1377145,CIK1377145,fundamentals,
1377178,CIK1377178,fundamentals,
1377318,CIK1377318,fundamentals,
1377469,CIK1377469,fundamentals,
1377490,CIK1377490,fundamentals,
1377720,CIK1377720,fundamentals,
1377848,CIK1377848,fundamentals,
1377888,CIK1377888,fundamentals,
1378020,CIK1378020,fundamentals,
1378076,CIK1378076,fundamentals,
1378125,CIK1378125,fundamentals,
1378195,CIK1378195,fundamentals,
1378270,CIK1378270,fundamentals,
1378453,CIK1378453,fundamentals,
1378624,CIK1378624,fundamentals,
1378625,CIK1378625,fundamentals,
1378706,CIK1378706,fundamentals,
1378718,CIK1378718,fundamentals,
1378774,CIK1378774,fundamentals,
1378846,CIK1378846,fundamentals,
1378946,CIK1378946,fundamentals,
1378948,CIK1378948,fundamentals,
1378992,CIK1378992,fundamentals,
1379043,CIK1379043,fundamentals,
1379075,CIK1379075,fundamentals,
1379245,CIK1379245,fundamentals,
1379246,CIK1379246,fundamentals,
1379378,CIK1379378,fundamentals,
1379527,CIK1379527,fundamentals,
1379606,CIK1379606,fundamentals,
1379661,CIK1379661,fundamentals,
1379699,CIK1379699,fundamentals,
1379714,CIK1379714,fundamentals,
1379725,CIK1379725,fundamentals,
1379763,CIK1379763,fundamentals,
1379810,CIK1379810,fundamentals,
1379895,CIK1379895,fundamentals,
1380024,CIK1380024,fundamentals,
1380277,CIK1380277,fundamentals,
1380393,CIK1380393,fundamentals,
1380412,CIK1380412,fundamentals,
1380509,CIK1380509,fundamentals,
1380528,CIK1380528,fundamentals,
1380706,CIK1380706,fundamentals,
1380713,CIK1380713,fundamentals,
1380846,CIK1380846,fundamentals,
1380856,CIK1380856,fundamentals,
1381054,CIK1381054,fundamentals,
1381105,CIK1381105,fundamentals,
1381240,CIK1381240,fundamentals,
1381324,CIK1381324,fundamentals,
1381325,CIK1381325,fundamentals,
1381341,CIK1381341,fundamentals,
1381435,CIK1381435,fundamentals,
1381455,CIK1381455,fundamentals,
1381507,CIK1381507,fundamentals,
1381531,CIK1381531,fundamentals,
1381639,CIK1381639,fundamentals,
1381786,CIK1381786,fundamentals,
1381790,CIK1381790,fundamentals,
1381792,CIK1381792,fundamentals,
1381795,CIK1381795,fundamentals,
1381796,CIK1381796,fundamentals,
1381798,CIK1381798,fundamentals,
1381804,CIK1381804,fundamentals,
1381805,CIK1381805,fundamentals,
1381807,CIK1381807,fundamentals,
1381871,CIK1381871,fundamentals,
1381873,CIK1381873,fundamentals,
1382085,CIK1382085,fundamentals,
1382112,CIK1382112,fundamentals,
1382134,CIK1382134,fundamentals,
1382219,CIK1382219,fundamentals,
1382230,CIK1382230,fundamentals,
1382231,CIK1382231,fundamentals,
1382413,CIK1382413,fundamentals,
1382462,CIK1382462,fundamentals,
1382702,CIK1382702,fundamentals,
1382787,CIK1382787,fundamentals,
1382805,CIK1382805,fundamentals,
1382821,CIK1382821,fundamentals,
1382911,CIK1382911,fundamentals,
1382943,CIK1382943,fundamentals,
1383006,CIK1383006,fundamentals,
1383054,CIK1383054,fundamentals,
1383055,CIK1383055,fundamentals,
1383088,CIK1383088,fundamentals,
1383097,CIK1383097,fundamentals,
1383145,CIK1383145,fundamentals,
1383154,CIK1383154,fundamentals,
1383183,CIK1383183,fundamentals,
1383196,CIK1383196,fundamentals,
1383394,CIK1383394,fundamentals,
1383528,CIK1383528,fundamentals,
1383534,CIK1383534,fundamentals,
1383571,CIK1383571,fundamentals,
1383701,CIK1383701,fundamentals,
1383729,CIK1383729,fundamentals,
1383756,CIK1383756,fundamentals,
1383803,CIK1383803,fundamentals,
1383825,CIK1383825,fundamentals,
1383859,CIK1383859,fundamentals,
1383871,CIK1383871,fundamentals,
1383875,CIK1383875,fundamentals,
1383960,CIK1383960,fundamentals,
1384072,CIK1384072,fundamentals,
1384135,CIK1384135,fundamentals,
1384522,CIK1384522,fundamentals,
1384710,CIK1384710,fundamentals,
1384929,CIK1384929,fundamentals,
1385187,CIK1385187,fundamentals,
1385211,CIK1385211,fundamentals,
1385228,CIK1385228,fundamentals,
1385292,CIK1385292,fundamentals,
1385305,CIK1385305,fundamentals,
1385310,CIK1385310,fundamentals,
1385329,CIK1385329,fundamentals,
1385508,CIK1385508,fundamentals,
1385544,CIK1385544,fundamentals,
1385596,CIK1385596,fundamentals,
1385662,CIK1385662,fundamentals,
1385720,CIK1385720,fundamentals,
1385799,CIK1385799,fundamentals,
1385830,CIK1385830,fundamentals,
1385867,CIK1385867,fundamentals,
1386018,CIK1386018,fundamentals,
1386019,CIK1386019,fundamentals,
1386026,CIK1386026,fundamentals,
1386041,CIK1386041,fundamentals,
1386110,CIK1386110,fundamentals,
1386164,CIK1386164,fundamentals,
1386198,CIK1386198,fundamentals,
1386355,CIK1386355,fundamentals,
1386765,CIK1386765,fundamentals,
1386858,CIK1386858,fundamentals,
1386926,CIK1386926,fundamentals,
1386936,CIK1386936,fundamentals,
1387054,CIK1387054,fundamentals,
1387061,CIK1387061,fundamentals,
1387135,CIK1387135,fundamentals,
1387156,CIK1387156,fundamentals,
1387361,CIK1387361,fundamentals,
1387522,CIK1387522,fundamentals,
1387632,CIK1387632,fundamentals,
1387673,CIK1387673,fundamentals,
1387713,CIK1387713,fundamentals,
1387976,CIK1387976,fundamentals,
1387998,CIK1387998,fundamentals,
1388132,CIK1388132,fundamentals,
1388133,CIK1388133,fundamentals,
1388174,CIK1388174,fundamentals,
1388180,CIK1388180,fundamentals,
1388195,CIK1388195,fundamentals,
1388311,CIK1388311,fundamentals,
1388319,CIK1388319,fundamentals,
1388410,CIK1388410,fundamentals,
1388430,CIK1388430,fundamentals,
1388486,CIK1388486,fundamentals,
1388488,CIK1388488,fundamentals,
1388490,CIK1388490,fundamentals,
1388510,CIK1388510,fundamentals,
1388686,CIK1388686,fundamentals,
1388855,CIK1388855,fundamentals,
1388978,CIK1388978,fundamentals,
1388982,CIK1388982,fundamentals,
1389002,CIK1389002,fundamentals,
1389030,CIK1389030,fundamentals,
1389034,CIK1389034,fundamentals,
1389067,CIK1389067,fundamentals,
1389072,CIK1389072,fundamentals,
1389115,CIK1389115,fundamentals,
1389217,CIK1389217,fundamentals,
1389294,CIK1389294,fundamentals,
1389305,CIK1389305,fundamentals,
1389405,CIK1389405,fundamentals,
1389413,CIK1389413,fundamentals,
1389415,CIK1389415,fundamentals,
1389518,CIK1389518,fundamentals,
1389772,CIK1389772,fundamentals,
1389797,CIK1389797,fundamentals,
1389870,CIK1389870,fundamentals,
1389879,CIK1389879,fundamentals,
1390028,CIK1390028,fundamentals,
1390072,CIK1390072,fundamentals,
1390134,CIK1390134,fundamentals,
1390162,CIK1390162,fundamentals,
1390213,CIK1390213,fundamentals,
1390292,CIK1390292,fundamentals,
1390312,CIK1390312,fundamentals,
1390329,CIK1390329,fundamentals,
1390533,CIK1390533,fundamentals,
1390705,CIK1390705,fundamentals,
1390778,CIK1390778,fundamentals,
1390804,CIK1390804,fundamentals,
1390844,CIK1390844,fundamentals,
1390891,CIK1390891,fundamentals,
1391127,CIK1391127,fundamentals,
1391137,CIK1391137,fundamentals,
1391142,CIK1391142,fundamentals,
1391174,CIK1391174,fundamentals,
1391253,CIK1391253,fundamentals,
1391390,CIK1391390,fundamentals,
1391407,CIK1391407,fundamentals,
1391570,CIK1391570,fundamentals,
1391614,CIK1391614,fundamentals,
1391636,CIK1391636,fundamentals,
1391674,CIK1391674,fundamentals,
1391750,CIK1391750,fundamentals,
1391798,CIK1391798,fundamentals,
1392091,CIK1392091,fundamentals,
1392121,CIK1392121,fundamentals,
1392363,CIK1392363,fundamentals,
1392448,CIK1392448,fundamentals,
1392477,CIK1392477,fundamentals,
1392486,CIK1392486,fundamentals,
1392522,CIK1392522,fundamentals,
1392545,CIK1392545,fundamentals,
1392562,CIK1392562,fundamentals,
1392875,CIK1392875,fundamentals,
1392902,CIK1392902,fundamentals,
1392960,CIK1392960,fundamentals,
1392972,CIK1392972,fundamentals,
1393020,CIK1393020,fundamentals,
1393066,CIK1393066,fundamentals,
1393356,CIK1393356,fundamentals,
1393359,CIK1393359,fundamentals,
1393371,CIK1393371,fundamentals,
1393403,CIK1393403,fundamentals,
1393463,CIK1393463,fundamentals,
1393540,CIK1393540,fundamentals,
1393548,CIK1393548,fundamentals,
1393612,CIK1393612,fundamentals,
1393631,CIK1393631,fundamentals,
1393744,CIK1393744,fundamentals,
1393909,CIK1393909,fundamentals,
1393935,CIK1393935,fundamentals,
1394069,CIK1394069,fundamentals,
1394074,CIK1394074,fundamentals,
1394120,CIK1394120,fundamentals,
1394130,CIK1394130,fundamentals,
1394156,CIK1394156,fundamentals,
1394159,CIK1394159,fundamentals,
1394319,CIK1394319,fundamentals,
1394446,CIK1394446,fundamentals,
1394872,CIK1394872,fundamentals,
1394922,CIK1394922,fundamentals,
1394954,CIK1394954,fundamentals,
1395205,CIK1395205,fundamentals,
1395317,CIK1395317,fundamentals,
1395400,CIK1395400,fundamentals,
1395445,CIK1395445,fundamentals,
1395585,CIK1395585,fundamentals,
1395848,CIK1395848,fundamentals,
1396033,CIK1396033,fundamentals,
1396054,CIK1396054,fundamentals,
1396118,CIK1396118,fundamentals,
1396238,CIK1396238,fundamentals,
1396279,CIK1396279,fundamentals,
1396334,CIK1396334,fundamentals,
1396426,CIK1396426,fundamentals,
1396446,CIK1396446,fundamentals,
1396633,CIK1396633,fundamentals,
1396709,CIK1396709,fundamentals,
1396838,CIK1396838,fundamentals,
1396877,CIK1396877,fundamentals,
1397047,CIK1397047,fundamentals,
1397403,CIK1397403,fundamentals,
1397410,CIK1397410,fundamentals,
1397516,CIK1397516,fundamentals,
1397533,CIK1397533,fundamentals,
1397645,CIK1397645,fundamentals,
1397702,CIK1397702,fundamentals,
1397771,CIK1397771,fundamentals,
1397772,CIK1397772,fundamentals,
1397807,CIK1397807,fundamentals,
1397821,CIK1397821,fundamentals,
1397832,CIK1397832,fundamentals,
1397867,CIK1397867,fundamentals,
1397919,CIK1397919,fundamentals,
1397951,CIK1397951,fundamentals,
1397966,CIK1397966,fundamentals,
1398004,CIK1398004,fundamentals,
1398005,CIK1398005,fundamentals,
1398006,CIK1398006,fundamentals,
1398137,CIK1398137,fundamentals,
1398235,CIK1398235,fundamentals,
1398427,CIK1398427,fundamentals,
1398488,CIK1398488,fundamentals,
1398529,CIK1398529,fundamentals,
1398551,CIK1398551,fundamentals,
1398603,CIK1398603,fundamentals,
1398604,CIK1398604,fundamentals,
1398605,CIK1398605,fundamentals,
1398664,CIK1398664,fundamentals,
1398702,CIK1398702,fundamentals,
1398797,CIK1398797,fundamentals,
1398987,CIK1398987,fundamentals,
1399095,CIK1399095,fundamentals,
1399249,CIK1399249,fundamentals,
1399306,CIK1399306,fundamentals,
1399315,CIK1399315,fundamentals,
1399352,CIK1399352,fundamentals,
1399356,CIK1399356,fundamentals,
1399406,CIK1399406,fundamentals,
1399480,CIK1399480,fundamentals,
1399488,CIK1399488,fundamentals,
1399521,CIK1399521,fundamentals,
1399529,CIK1399529,fundamentals,
1399541,CIK1399541,fundamentals,
1399542,CIK1399542,fundamentals,
1399587,CIK1399587,fundamentals,
1399761,CIK1399761,fundamentals,
1399855,CIK1399855,fundamentals,
1399935,CIK1399935,fundamentals,
1400000,CIK1400000,fundamentals,
1400400,CIK1400400,fundamentals,
1400431,CIK1400431,fundamentals,
1400482,CIK1400482,fundamentals,
1400683,CIK1400683,fundamentals,
1400728,CIK1400728,fundamentals,
1400732,CIK1400732,fundamentals,
1400848,CIK1400848,fundamentals,
1401106,CIK1401106,fundamentals,
1401306,CIK1401306,fundamentals,
1401371,CIK1401371,fundamentals,
1401395,CIK1401395,fundamentals,
1401475,CIK1401475,fundamentals,
1401564,CIK1401564,fundamentals,
1401573,CIK1401573,fundamentals,
1401670,CIK1401670,fundamentals,
1401680,CIK1401680,fundamentals,
1401688,CIK1401688,fundamentals,
1401700,CIK1401700,fundamentals,
1401708,CIK1401708,fundamentals,
1401859,CIK1401859,fundamentals,
1401923,CIK1401923,fundamentals,
1401983,CIK1401983,fundamentals,
1402062,CIK1402062,fundamentals,
1402159,CIK1402159,fundamentals,
1402186,CIK1402186,fundamentals,
1402281,CIK1402281,fundamentals,
1402305,CIK1402305,fundamentals,
1402357,CIK1402357,fundamentals,
1402366,CIK1402366,fundamentals,
1402371,CIK1402371,fundamentals,
1402453,CIK1402453,fundamentals,
1402478,CIK1402478,fundamentals,
1402479,CIK1402479,fundamentals,
1402486,CIK1402486,fundamentals,
1402737,CIK1402737,fundamentals,
1402747,CIK1402747,fundamentals,
1402785,CIK1402785,fundamentals,
1402857,CIK1402857,fundamentals,
1402945,CIK1402945,fundamentals,
1403008,CIK1403008,fundamentals,
1403081,CIK1403081,fundamentals,
1403085,CIK1403085,fundamentals,
1403231,CIK1403231,fundamentals,
1403256,CIK1403256,fundamentals,
1403385,CIK1403385,fundamentals,
1403431,CIK1403431,fundamentals,
1403433,CIK1403433,fundamentals,
1403548,CIK1403548,fundamentals,
1403570,CIK1403570,fundamentals,
1403674,CIK1403674,fundamentals,
1403676,CIK1403676,fundamentals,
1403708,CIK1403708,fundamentals,
1403720,CIK1403720,fundamentals,
1403739,CIK1403739,fundamentals,
1403752,CIK1403752,fundamentals,
1403792,CIK1403792,fundamentals,
1403794,CIK1403794,fundamentals,
1403802,CIK1403802,fundamentals,
1403853,CIK1403853,fundamentals,
1404079,CIK1404079,fundamentals,
1404123,CIK1404123,fundamentals,
1404212,CIK1404212,fundamentals,
1404280,CIK1404280,fundamentals,
1404296,CIK1404296,fundamentals,
1404306,CIK1404306,fundamentals,
1404526,CIK1404526,fundamentals,
1404592,CIK1404592,fundamentals,
1404624,CIK1404624,fundamentals,
1404636,CIK1404636,fundamentals,
1404935,CIK1404935,fundamentals,
1404943,CIK1404943,fundamentals,
1404973,CIK1404973,fundamentals,
1405041,CIK1405041,fundamentals,
1405049,CIK1405049,fundamentals,
1405073,CIK1405073,fundamentals,
1405197,CIK1405197,fundamentals,
1405227,CIK1405227,fundamentals,
1405249,CIK1405249,fundamentals,
1405260,CIK1405260,fundamentals,
1405277,CIK1405277,fundamentals,
1405286,CIK1405286,fundamentals,
1405287,CIK1405287,fundamentals,
1405424,CIK1405424,fundamentals,
1405621,CIK1405621,fundamentals,
1405646,CIK1405646,fundamentals,
1405660,CIK1405660,fundamentals,
1405663,CIK1405663,fundamentals,
1405686,CIK1405686,fundamentals,
1405858,CIK1405858,fundamentals,
1405917,CIK1405917,fundamentals,
1406243,CIK1406243,fundamentals,
1406251,CIK1406251,fundamentals,
1406568,CIK1406568,fundamentals,
1406574,CIK1406574,fundamentals,
1406578,CIK1406578,fundamentals,
1406588,CIK1406588,fundamentals,
1406796,CIK1406796,fundamentals,
1406979,CIK1406979,fundamentals,
1406980,CIK1406980,fundamentals,
1407038,CIK1407038,fundamentals,
1407041,CIK1407041,fundamentals,
1407067,CIK1407067,fundamentals,
1407161,CIK1407161,fundamentals,
1407190,CIK1407190,fundamentals,
1407268,CIK1407268,fundamentals,
1407343,CIK1407343,fundamentals,
1407450,CIK1407450,fundamentals,
1407463,CIK1407463,fundamentals,
1407539,CIK1407539,fundamentals,
1407573,CIK1407573,fundamentals,
1407623,CIK1407623,fundamentals,
1407703,CIK1407703,fundamentals,
1407739,CIK1407739,fundamentals,
1407805,CIK1407805,fundamentals,
1407878,CIK1407878,fundamentals,
1407882,CIK1407882,fundamentals,
1408057,CIK1408057,fundamentals,
1408276,CIK1408276,fundamentals,
1408278,CIK1408278,fundamentals,
1408287,CIK1408287,fundamentals,
1408299,CIK1408299,fundamentals,
1408300,CIK1408300,fundamentals,
1408351,CIK1408351,fundamentals,
1408356,CIK1408356,fundamentals,
1408597,CIK1408597,fundamentals,
1408950,CIK1408950,fundamentals,
1408956,CIK1408956,fundamentals,
1409014,CIK1409014,fundamentals,
1409175,CIK1409175,fundamentals,
1409430,CIK1409430,fundamentals,
1409431,CIK1409431,fundamentals,
1409432,CIK1409432,fundamentals,
1409446,CIK1409446,fundamentals,
1409477,CIK1409477,fundamentals,
1409565,CIK1409565,fundamentals,
1409624,CIK1409624,fundamentals,
1409775,CIK1409775,fundamentals,
1409834,CIK1409834,fundamentals,
1409885,CIK1409885,fundamentals,
1409916,CIK1409916,fundamentals,
1409947,CIK1409947,fundamentals,
1409986,CIK1409986,fundamentals,
1409999,CIK1409999,fundamentals,
1410056,CIK1410056,fundamentals,
1410087,CIK1410087,fundamentals,
1410132,CIK1410132,fundamentals,
1410187,CIK1410187,fundamentals,
1410240,CIK1410240,fundamentals,
1410253,CIK1410253,fundamentals,
1410402,CIK1410402,fundamentals,
1410471,CIK1410471,fundamentals,
1410567,CIK1410567,fundamentals,
1410711,CIK1410711,fundamentals,
1410838,CIK1410838,fundamentals,
1410939,CIK1410939,fundamentals,
1410997,CIK1410997,fundamentals,
1411009,CIK1411009,fundamentals,
1411036,CIK1411036,fundamentals,
1411058,CIK1411058,fundamentals,
1411059,CIK1411059,fundamentals,
1411158,CIK1411158,fundamentals,
1411165,CIK1411165,fundamentals,
1411168,CIK1411168,fundamentals,
1411179,CIK1411179,fundamentals,
1411303,CIK1411303,fundamentals,
1411308,CIK1411308,fundamentals,
1411488,CIK1411488,fundamentals,
1411494,CIK1411494,fundamentals,
1411574,CIK1411574,fundamentals,
1411643,CIK1411643,fundamentals,
1411658,CIK1411658,fundamentals,
1411688,CIK1411688,fundamentals,
1411730,CIK1411730,fundamentals,
1411846,CIK1411846,fundamentals,
1411861,CIK1411861,fundamentals,
1411879,CIK1411879,fundamentals,
1411906,CIK1411906,fundamentals,
1411974,CIK1411974,fundamentals,
1412043,CIK1412043,fundamentals,
1412067,CIK1412067,fundamentals,
1412068,CIK1412068,fundamentals,
1412090,CIK1412090,fundamentals,
1412109,CIK1412109,fundamentals,
1412130,CIK1412130,fundamentals,
1412212,CIK1412212,fundamentals,
1412232,CIK1412232,fundamentals,
1412270,CIK1412270,fundamentals,
1412347,CIK1412347,fundamentals,
1412502,CIK1412502,fundamentals,
1412659,CIK1412659,fundamentals,
1412665,CIK1412665,fundamentals,
1412707,CIK1412707,fundamentals,
1413263,CIK1413263,fundamentals,
1413299,CIK1413299,fundamentals,
1413440,CIK1413440,fundamentals,
1413488,CIK1413488,fundamentals,
1413507,CIK1413507,fundamentals,
1413547,CIK1413547,fundamentals,
1413659,CIK1413659,fundamentals,
1413754,CIK1413754,fundamentals,
1413797,CIK1413797,fundamentals,
1413837,CIK1413837,fundamentals,
1413862,CIK1413862,fundamentals,
1413898,CIK1413898,fundamentals,
1413990,CIK1413990,fundamentals,
1413993,CIK1413993,fundamentals,
1414030,CIK1414030,fundamentals,
1414043,CIK1414043,fundamentals,
1414078,CIK1414078,fundamentals,
1414295,CIK1414295,fundamentals,
1414374,CIK1414374,fundamentals,
1414475,CIK1414475,fundamentals,
1414581,CIK1414581,fundamentals,
1414628,CIK1414628,fundamentals,
1414964,CIK1414964,fundamentals,
1415020,CIK1415020,fundamentals,
1415022,CIK1415022,fundamentals,
1415277,CIK1415277,fundamentals,
1415286,CIK1415286,fundamentals,
1415301,CIK1415301,fundamentals,
1415305,CIK1415305,fundamentals,
1415306,CIK1415306,fundamentals,
1415336,CIK1415336,fundamentals,
1415432,CIK1415432,fundamentals,
1415598,CIK1415598,fundamentals,
1415603,CIK1415603,fundamentals,
1415605,CIK1415605,fundamentals,
1415624,CIK1415624,fundamentals,
1415684,CIK1415684,fundamentals,
1415736,CIK1415736,fundamentals,
1415751,CIK1415751,fundamentals,
1415813,CIK1415813,fundamentals,
1415917,CIK1415917,fundamentals,
1415935,CIK1415935,fundamentals,
1415936,CIK1415936,fundamentals,
1415952,CIK1415952,fundamentals,
1415998,CIK1415998,fundamentals,
1416083,CIK1416083,fundamentals,
1416172,CIK1416172,fundamentals,
1416183,CIK1416183,fundamentals,
1416265,CIK1416265,fundamentals,
1416299,CIK1416299,fundamentals,
1416682,CIK1416682,fundamentals,
1416712,CIK1416712,fundamentals,
1416729,CIK1416729,fundamentals,
1416792,CIK1416792,fundamentals,
1416995,CIK1416995,fundamentals,
1417028,CIK1417028,fundamentals,
1417172,CIK1417172,fundamentals,
1417192,CIK1417192,fundamentals,
1417398,CIK1417398,fundamentals,
1417425,CIK1417425,fundamentals,
1417451,CIK1417451,fundamentals,
1417624,CIK1417624,fundamentals,
1417664,CIK1417664,fundamentals,
1417892,CIK1417892,fundamentals,
1417900,CIK1417900,fundamentals,
1417907,CIK1417907,fundamentals,
1418065,CIK1418065,fundamentals,
1418091,CIK1418091,fundamentals,
1418100,CIK1418100,fundamentals,
1418115,CIK1418115,fundamentals,
1418133,CIK1418133,fundamentals,
1418134,CIK1418134,fundamentals,
1418175,CIK1418175,fundamentals,
1418196,CIK1418196,fundamentals,
1418243,CIK1418243,fundamentals,
1418302,CIK1418302,fundamentals,
1418372,CIK1418372,fundamentals,
1418452,CIK1418452,fundamentals,
1418475,CIK1418475,fundamentals,
1418489,CIK1418489,fundamentals,
1418506,CIK1418506,fundamentals,
1418780,CIK1418780,fundamentals,
1418826,CIK1418826,fundamentals,
1418862,CIK1418862,fundamentals,
1419051,CIK1419051,fundamentals,
1419067,CIK1419067,fundamentals,
1419069,CIK1419069,fundamentals,
1419073,CIK1419073,fundamentals,
1419122,CIK1419122,fundamentals,
1419177,CIK1419177,fundamentals,
1419178,CIK1419178,fundamentals,
1419242,CIK1419242,fundamentals,
1419428,CIK1419428,fundamentals,
1419482,CIK1419482,fundamentals,
14195,CIK14195,fundamentals,
1419521,CIK1419521,fundamentals,
1419552,CIK1419552,fundamentals,
1419553,CIK1419553,fundamentals,
1419556,CIK1419556,fundamentals,
1419559,CIK1419559,fundamentals,
1419560,CIK1419560,fundamentals,
1419577,CIK1419577,fundamentals,
1419581,CIK1419581,fundamentals,
1419582,CIK1419582,fundamentals,
1419583,CIK1419583,fundamentals,
1419600,CIK1419600,fundamentals,
1419625,CIK1419625,fundamentals,
1419836,CIK1419836,fundamentals,
1419852,CIK1419852,fundamentals,
1419886,CIK1419886,fundamentals,
1419984,CIK1419984,fundamentals,
1419985,CIK1419985,fundamentals,
1419995,CIK1419995,fundamentals,
1420030,CIK1420030,fundamentals,
1420031,CIK1420031,fundamentals,
1420033,CIK1420033,fundamentals,
1420034,CIK1420034,fundamentals,
1420035,CIK1420035,fundamentals,
1420061,CIK1420061,fundamentals,
1420078,CIK1420078,fundamentals,
1420216,CIK1420216,fundamentals,
1420239,CIK1420239,fundamentals,
1420302,CIK1420302,fundamentals,
1420421,CIK1420421,fundamentals,
1420488,CIK1420488,fundamentals,
1420525,CIK1420525,fundamentals,
1420526,CIK1420526,fundamentals,
1420566,CIK1420566,fundamentals,
1420569,CIK1420569,fundamentals,
1420783,CIK1420783,fundamentals,
1420811,CIK1420811,fundamentals,
1420850,CIK1420850,fundamentals,
1421182,CIK1421182,fundamentals,
1421204,CIK1421204,fundamentals,
1421265,CIK1421265,fundamentals,
1421289,CIK1421289,fundamentals,
1421378,CIK1421378,fundamentals,
1421523,CIK1421523,fundamentals,
1421538,CIK1421538,fundamentals,
1421561,CIK1421561,fundamentals,
1421601,CIK1421601,fundamentals,
1421602,CIK1421602,fundamentals,
1421603,CIK1421603,fundamentals,
1421636,CIK1421636,fundamentals,
1421665,CIK1421665,fundamentals,
1421766,CIK1421766,fundamentals,
1421816,CIK1421816,fundamentals,
1421819,CIK1421819,fundamentals,
1421851,CIK1421851,fundamentals,
1421865,CIK1421865,fundamentals,
1421871,CIK1421871,fundamentals,
1421874,CIK1421874,fundamentals,
1421901,CIK1421901,fundamentals,
1421907,CIK1421907,fundamentals,
1421981,CIK1421981,fundamentals,
1422059,CIK1422059,fundamentals,
1422105,CIK1422105,fundamentals,
1422109,CIK1422109,fundamentals,
1422141,CIK1422141,fundamentals,
1422215,CIK1422215,fundamentals,
1422220,CIK1422220,fundamentals,
1422222,CIK1422222,fundamentals,
1422295,CIK1422295,fundamentals,
1422296,CIK1422296,fundamentals,
1422357,CIK1422357,fundamentals,
1422768,CIK1422768,fundamentals,
1422841,CIK1422841,fundamentals,
1422862,CIK1422862,fundamentals,
1422949,CIK1422949,fundamentals,
1422992,CIK1422992,fundamentals,
1423107,CIK1423107,fundamentals,
1423243,CIK1423243,fundamentals,
1423244,CIK1423244,fundamentals,
1423245,CIK1423245,fundamentals,
1423246,CIK1423246,fundamentals,
1423325,CIK1423325,fundamentals,
1423357,CIK1423357,fundamentals,
1423417,CIK1423417,fundamentals,
1423542,CIK1423542,fundamentals,
1423579,CIK1423579,fundamentals,
1423586,CIK1423586,fundamentals,
1423588,CIK1423588,fundamentals,
1423723,CIK1423723,fundamentals,
1423746,CIK1423746,fundamentals,
1423774,CIK1423774,fundamentals,
1423824,CIK1423824,fundamentals,
1423974,CIK1423974,fundamentals,
1424030,CIK1424030,fundamentals,
1424100,CIK1424100,fundamentals,
1424151,CIK1424151,fundamentals,
1424280,CIK1424280,fundamentals,
1424328,CIK1424328,fundamentals,
1424404,CIK1424404,fundamentals,
1424415,CIK1424415,fundamentals,
1424454,CIK1424454,fundamentals,
1424455,CIK1424455,fundamentals,
1424549,CIK1424549,fundamentals,
1424640,CIK1424640,fundamentals,
1424718,CIK1424718,fundamentals,
1424755,CIK1424755,fundamentals,
1424812,CIK1424812,fundamentals,
1424822,CIK1424822,fundamentals,
1424844,CIK1424844,fundamentals,
1424847,CIK1424847,fundamentals,
1424879,CIK1424879,fundamentals,
1424988,CIK1424988,fundamentals,
1425173,CIK1425173,fundamentals,
1425203,CIK1425203,fundamentals,
1425264,CIK1425264,fundamentals,
1425289,CIK1425289,fundamentals,
1425392,CIK1425392,fundamentals,
1425565,CIK1425565,fundamentals,
1425597,CIK1425597,fundamentals,
1425715,CIK1425715,fundamentals,
1425808,CIK1425808,fundamentals,
1425883,CIK1425883,fundamentals,
1425919,CIK1425919,fundamentals,
1425923,CIK1425923,fundamentals,
1426011,CIK1426011,fundamentals,
1426332,CIK1426332,fundamentals,
1426506,CIK1426506,fundamentals,
1426530,CIK1426530,fundamentals,
1426568,CIK1426568,fundamentals,
1426703,CIK1426703,fundamentals,
1426780,CIK1426780,fundamentals,
1426808,CIK1426808,fundamentals,
1426850,CIK1426850,fundamentals,
1426874,CIK1426874,fundamentals,
1426945,CIK1426945,fundamentals,
1427030,CIK1427030,fundamentals,
1427352,CIK1427352,fundamentals,
1427553,CIK1427553,fundamentals,
1427580,CIK1427580,fundamentals,
1427639,CIK1427639,fundamentals,
1427714,CIK1427714,fundamentals,
1428040,CIK1428040,fundamentals,
1428042,CIK1428042,fundamentals,
1428043,CIK1428043,fundamentals,
1428389,CIK1428389,fundamentals,
1428397,CIK1428397,fundamentals,
1428469,CIK1428469,fundamentals,
1428508,CIK1428508,fundamentals,
1428522,CIK1428522,fundamentals,
1428669,CIK1428669,fundamentals,
1428765,CIK1428765,fundamentals,
1428802,CIK1428802,fundamentals,
1428816,CIK1428816,fundamentals,
1428875,CIK1428875,fundamentals,
1429373,CIK1429373,fundamentals,
1429386,CIK1429386,fundamentals,
1429470,CIK1429470,fundamentals,
1429560,CIK1429560,fundamentals,
1429592,CIK1429592,fundamentals,
1429627,CIK1429627,fundamentals,
1429684,CIK1429684,fundamentals,
1429775,CIK1429775,fundamentals,
1429896,CIK1429896,fundamentals,
1429900,CIK1429900,fundamentals,
1430060,CIK1430060,fundamentals,
1430124,CIK1430124,fundamentals,
1430174,CIK1430174,fundamentals,
1430259,CIK1430259,fundamentals,
1430319,CIK1430319,fundamentals,
1430415,CIK1430415,fundamentals,
1430523,CIK1430523,fundamentals,
1430592,CIK1430592,fundamentals,
1430602,CIK1430602,fundamentals,
1430683,CIK1430683,fundamentals,
1430869,CIK1430869,fundamentals,
1430960,CIK1430960,fundamentals,
1430975,CIK1430975,fundamentals,
1431074,CIK1431074,fundamentals,
1431372,CIK1431372,fundamentals,
1431499,CIK1431499,fundamentals,
1431695,CIK1431695,fundamentals,
1431766,CIK1431766,fundamentals,
1431824,CIK1431824,fundamentals,
1431835,CIK1431835,fundamentals,
1431837,CIK1431837,fundamentals,
1431880,CIK1431880,fundamentals,
1431888,CIK1431888,fundamentals,
1431897,CIK1431897,fundamentals,
1431934,CIK1431934,fundamentals,
1431936,CIK1431936,fundamentals,
1431959,CIK1431959,fundamentals,
1432001,CIK1432001,fundamentals,
1432139,CIK1432139,fundamentals,
1432150,CIK1432150,fundamentals,
1432176,CIK1432176,fundamentals,
1432196,CIK1432196,fundamentals,
1432254,CIK1432254,fundamentals,
1432271,CIK1432271,fundamentals,
1432272,CIK1432272,fundamentals,
1432290,CIK1432290,fundamentals,
1432405,CIK1432405,fundamentals,
1432732,CIK1432732,fundamentals,
1432754,CIK1432754,fundamentals,
1432939,CIK1432939,fundamentals,
1432963,CIK1432963,fundamentals,
1432967,CIK1432967,fundamentals,
1432985,CIK1432985,fundamentals,
1432987,CIK1432987,fundamentals,
1433147,CIK1433147,fundamentals,
1433269,CIK1433269,fundamentals,
1433593,CIK1433593,fundamentals,
1433669,CIK1433669,fundamentals,
1433714,CIK1433714,fundamentals,
1433818,CIK1433818,fundamentals,
1433821,CIK1433821,fundamentals,
1433833,CIK1433833,fundamentals,
1433966,CIK1433966,fundamentals,
1433994,CIK1433994,fundamentals,
1433995,CIK1433995,fundamentals,
1434017,CIK1434017,fundamentals,
1434028,CIK1434028,fundamentals,
1434070,CIK1434070,fundamentals,
1434109,CIK1434109,fundamentals,
1434110,CIK1434110,fundamentals,
1434111,CIK1434111,fundamentals,
1434388,CIK1434388,fundamentals,
1434389,CIK1434389,fundamentals,
1434418,CIK1434418,fundamentals,
1434477,CIK1434477,fundamentals,
1434485,CIK1434485,fundamentals,
1434589,CIK1434589,fundamentals,
1434598,CIK1434598,fundamentals,
1434620,CIK1434620,fundamentals,
1434667,CIK1434667,fundamentals,
1434674,CIK1434674,fundamentals,
1434702,CIK1434702,fundamentals,
1434729,CIK1434729,fundamentals,
1434737,CIK1434737,fundamentals,
1434743,CIK1434743,fundamentals,
1434768,CIK1434768,fundamentals,
1434830,CIK1434830,fundamentals,
1434838,CIK1434838,fundamentals,
1434842,CIK1434842,fundamentals,
1434893,CIK1434893,fundamentals,
1434994,CIK1434994,fundamentals,
1435039,CIK1435039,fundamentals,
1435049,CIK1435049,fundamentals,
1435161,CIK1435161,fundamentals,
1435163,CIK1435163,fundamentals,
1435224,CIK1435224,fundamentals,
1435375,CIK1435375,fundamentals,
1435387,CIK1435387,fundamentals,
1435394,CIK1435394,fundamentals,
1435508,CIK1435508,fundamentals,
1435530,CIK1435530,fundamentals,
1435717,CIK1435717,fundamentals,
1435736,CIK1435736,fundamentals,
1435812,CIK1435812,fundamentals,
1435936,CIK1435936,fundamentals,
1436161,CIK1436161,fundamentals,
1436164,CIK1436164,fundamentals,
1436174,CIK1436174,fundamentals,
1436273,CIK1436273,fundamentals,
1436304,CIK1436304,fundamentals,
1436309,CIK1436309,fundamentals,
1436426,CIK1436426,fundamentals,
1436549,CIK1436549,fundamentals,
1436568,CIK1436568,fundamentals,
1436599,CIK1436599,fundamentals,
1436624,CIK1436624,fundamentals,
1436942,CIK1436942,fundamentals,
1436975,CIK1436975,fundamentals,
1437106,CIK1437106,fundamentals,
1437172,CIK1437172,fundamentals,
1437352,CIK1437352,fundamentals,
1437395,CIK1437395,fundamentals,
1437425,CIK1437425,fundamentals,
1437467,CIK1437467,fundamentals,
1437476,CIK1437476,fundamentals,
1437491,CIK1437491,fundamentals,
1437557,CIK1437557,fundamentals,
1437596,CIK1437596,fundamentals,
1437751,CIK1437751,fundamentals,
1437786,CIK1437786,fundamentals,
1437822,CIK1437822,fundamentals,
1438035,CIK1438035,fundamentals,
1438095,CIK1438095,fundamentals,
1438138,CIK1438138,fundamentals,
1438139,CIK1438139,fundamentals,
1438231,CIK1438231,fundamentals,
1438392,CIK1438392,fundamentals,
1438535,CIK1438535,fundamentals,
1438576,CIK1438576,fundamentals,
1438650,CIK1438650,fundamentals,
1438660,CIK1438660,fundamentals,
1438673,CIK1438673,fundamentals,
1438731,CIK1438731,fundamentals,
1438882,CIK1438882,fundamentals,
1438884,CIK1438884,fundamentals,
1438897,CIK1438897,fundamentals,
1438901,CIK1438901,fundamentals,
1438945,CIK1438945,fundamentals,
1439095,CIK1439095,fundamentals,
1439133,CIK1439133,fundamentals,
1439154,CIK1439154,fundamentals,
1439199,CIK1439199,fundamentals,
1439237,CIK1439237,fundamentals,
1439240,CIK1439240,fundamentals,
1439241,CIK1439241,fundamentals,
1439242,CIK1439242,fundamentals,
1439245,CIK1439245,fundamentals,
1439254,CIK1439254,fundamentals,
1439299,CIK1439299,fundamentals,
1439397,CIK1439397,fundamentals,
1439404,CIK1439404,fundamentals,
1439434,CIK1439434,fundamentals,
1439446,CIK1439446,fundamentals,
1439567,CIK1439567,fundamentals,
1439636,CIK1439636,fundamentals,
1439724,CIK1439724,fundamentals,
1439746,CIK1439746,fundamentals,
1439813,CIK1439813,fundamentals,
1439971,CIK1439971,fundamentals,
1439981,CIK1439981,fundamentals,
1439984,CIK1439984,fundamentals,
1440024,CIK1440024,fundamentals,
1440153,CIK1440153,fundamentals,
1440172,CIK1440172,fundamentals,
1440208,CIK1440208,fundamentals,
1440292,CIK1440292,fundamentals,
1440476,CIK1440476,fundamentals,
1440517,CIK1440517,fundamentals,
1440760,CIK1440760,fundamentals,
1440770,CIK1440770,fundamentals,
1440819,CIK1440819,fundamentals,
1441082,CIK1441082,fundamentals,
1441247,CIK1441247,fundamentals,
1441362,CIK1441362,fundamentals,
1441551,CIK1441551,fundamentals,
1441567,CIK1441567,fundamentals,
1441573,CIK1441573,fundamentals,
1441634,CIK1441634,fundamentals,
1441649,CIK1441649,fundamentals,
1441693,CIK1441693,fundamentals,
1441769,CIK1441769,fundamentals,
1441849,CIK1441849,fundamentals,
1442101,CIK1442101,fundamentals,
1442215,CIK1442215,fundamentals,
1442376,CIK1442376,fundamentals,
1442505,CIK1442505,fundamentals,
1442626,CIK1442626,fundamentals,
1442634,CIK1442634,fundamentals,
1442711,CIK1442711,fundamentals,
1442741,CIK1442741,fundamentals,
1442836,CIK1442836,fundamentals,
1442853,CIK1442853,fundamentals,
1442999,CIK1442999,fundamentals,
1443062,CIK1443062,fundamentals,
1443075,CIK1443075,fundamentals,
1443089,CIK1443089,fundamentals,
1443157,CIK1443157,fundamentals,
1443242,CIK1443242,fundamentals,
1443270,CIK1443270,fundamentals,
1443388,CIK1443388,fundamentals,
1443609,CIK1443609,fundamentals,
1443611,CIK1443611,fundamentals,
1443799,CIK1443799,fundamentals,
1443818,CIK1443818,fundamentals,
1444064,CIK1444064,fundamentals,
1444090,CIK1444090,fundamentals,
1444144,CIK1444144,fundamentals,
1444145,CIK1444145,fundamentals,
1444177,CIK1444177,fundamentals,
1444275,CIK1444275,fundamentals,
1444277,CIK1444277,fundamentals,
1444279,CIK1444279,fundamentals,
1444307,CIK1444307,fundamentals,
1444310,CIK1444310,fundamentals,
1444363,CIK1444363,fundamentals,
1444380,CIK1444380,fundamentals,
1444397,CIK1444397,fundamentals,
1444403,CIK1444403,fundamentals,
1444570,CIK1444570,fundamentals,
1444598,CIK1444598,fundamentals,
1444837,CIK1444837,fundamentals,
1445049,CIK1445049,fundamentals,
1445109,CIK1445109,fundamentals,
1445146,CIK1445146,fundamentals,
1445175,CIK1445175,fundamentals,
1445226,CIK1445226,fundamentals,
1445229,CIK1445229,fundamentals,
1445235,CIK1445235,fundamentals,
1445283,CIK1445283,fundamentals,
1445297,CIK1445297,fundamentals,
1445499,CIK1445499,fundamentals,
1445541,CIK1445541,fundamentals,
1445625,CIK1445625,fundamentals,
1445635,CIK1445635,fundamentals,
1445831,CIK1445831,fundamentals,
1445883,CIK1445883,fundamentals,
1445918,CIK1445918,fundamentals,
1445941,CIK1445941,fundamentals,
1446140,CIK1446140,fundamentals,
1446152,CIK1446152,fundamentals,
1446210,CIK1446210,fundamentals,
1446371,CIK1446371,fundamentals,
1446414,CIK1446414,fundamentals,
1446687,CIK1446687,fundamentals,
1446714,CIK1446714,fundamentals,
1446801,CIK1446801,fundamentals,
1446806,CIK1446806,fundamentals,
1446896,CIK1446896,fundamentals,
1447051,CIK1447051,fundamentals,
1447599,CIK1447599,fundamentals,
1448056,CIK1448056,fundamentals,
1448064,CIK1448064,fundamentals,
1448301,CIK1448301,fundamentals,
1448324,CIK1448324,fundamentals,
1448558,CIK1448558,fundamentals,
1448597,CIK1448597,fundamentals,
1448695,CIK1448695,fundamentals,
1448763,CIK1448763,fundamentals,
1448776,CIK1448776,fundamentals,
1448780,CIK1448780,fundamentals,
1448806,CIK1448806,fundamentals,
1448900,CIK1448900,fundamentals,
1448962,CIK1448962,fundamentals,
1449001,CIK1449001,fundamentals,
1449097,CIK1449097,fundamentals,
1449224,CIK1449224,fundamentals,
1449278,CIK1449278,fundamentals,
1449447,CIK1449447,fundamentals,
1449488,CIK1449488,fundamentals,
1449574,CIK1449574,fundamentals,
1449732,CIK1449732,fundamentals,
1449934,CIK1449934,fundamentals,
1450015,CIK1450015,fundamentals,
1450307,CIK1450307,fundamentals,
1450335,CIK1450335,fundamentals,
1450390,CIK1450390,fundamentals,
1450416,CIK1450416,fundamentals,
1450524,CIK1450524,fundamentals,
1450551,CIK1450551,fundamentals,
1450552,CIK1450552,fundamentals,
1450708,CIK1450708,fundamentals,
1450973,CIK1450973,fundamentals,
1451432,CIK1451432,fundamentals,
1451433,CIK1451433,fundamentals,
1451512,CIK1451512,fundamentals,
1451514,CIK1451514,fundamentals,
1451520,CIK1451520,fundamentals,
1451565,CIK1451565,fundamentals,
1451598,CIK1451598,fundamentals,
1451653,CIK1451653,fundamentals,
1451654,CIK1451654,fundamentals,
1451775,CIK1451775,fundamentals,
1451797,CIK1451797,fundamentals,
1451822,CIK1451822,fundamentals,
1451929,CIK1451929,fundamentals,
1451951,CIK1451951,fundamentals,
1451980,CIK1451980,fundamentals,
1452164,CIK1452164,fundamentals,
1452168,CIK1452168,fundamentals,
1452176,CIK1452176,fundamentals,
1452217,CIK1452217,fundamentals,
1452274,CIK1452274,fundamentals,
1452476,CIK1452476,fundamentals,
1452575,CIK1452575,fundamentals,
1452580,CIK1452580,fundamentals,
1452751,CIK1452751,fundamentals,
1452857,CIK1452857,fundamentals,
1452872,CIK1452872,fundamentals,
1452899,CIK1452899,fundamentals,
1452920,CIK1452920,fundamentals,
1452936,CIK1452936,fundamentals,
1452965,CIK1452965,fundamentals,
1453001,CIK1453001,fundamentals,
1453086,CIK1453086,fundamentals,
1453090,CIK1453090,fundamentals,
1453099,CIK1453099,fundamentals,
1453420,CIK1453420,fundamentals,
1453684,CIK1453684,fundamentals,
1453814,CIK1453814,fundamentals,
1453818,CIK1453818,fundamentals,
1453820,CIK1453820,fundamentals,
1453883,CIK1453883,fundamentals,
1454007,CIK1454007,fundamentals,
1454010,CIK1454010,fundamentals,
1454124,CIK1454124,fundamentals,
1454189,CIK1454189,fundamentals,
1454298,CIK1454298,fundamentals,
1454311,CIK1454311,fundamentals,
1454384,CIK1454384,fundamentals,
1454389,CIK1454389,fundamentals,
1454504,CIK1454504,fundamentals,
1454510,CIK1454510,fundamentals,
1454712,CIK1454712,fundamentals,
1454719,CIK1454719,fundamentals,
1454725,CIK1454725,fundamentals,
1454789,CIK1454789,fundamentals,
1455206,CIK1455206,fundamentals,
1455271,CIK1455271,fundamentals,
1455380,CIK1455380,fundamentals,
1455650,CIK1455650,fundamentals,
1455694,CIK1455694,fundamentals,
1455741,CIK1455741,fundamentals,
1455768,CIK1455768,fundamentals,
1455819,CIK1455819,fundamentals,
1455926,CIK1455926,fundamentals,
1456016,CIK1456016,fundamentals,
1456090,CIK1456090,fundamentals,
1456137,CIK1456137,fundamentals,
1456212,CIK1456212,fundamentals,
1456455,CIK1456455,fundamentals,
1456802,CIK1456802,fundamentals,
1456857,CIK1456857,fundamentals,
1456993,CIK1456993,fundamentals,
1457435,CIK1457435,fundamentals,
1457543,CIK1457543,fundamentals,
1457612,CIK1457612,fundamentals,
1457737,CIK1457737,fundamentals,
1457919,CIK1457919,fundamentals,
1458023,CIK1458023,fundamentals,
1458412,CIK1458412,fundamentals,
1458581,CIK1458581,fundamentals,
1458631,CIK1458631,fundamentals,
1458704,CIK1458704,fundamentals,
1458868,CIK1458868,fundamentals,
1458891,CIK1458891,fundamentals,
1458962,CIK1458962,fundamentals,
1459003,CIK1459003,fundamentals,
1459241,CIK1459241,fundamentals,
1459266,CIK1459266,fundamentals,
1459287,CIK1459287,fundamentals,
1459417,CIK1459417,fundamentals,
1459450,CIK1459450,fundamentals,
1459482,CIK1459482,fundamentals,
1459697,CIK1459697,fundamentals,
1459764,CIK1459764,fundamentals,
1460198,CIK1460198,fundamentals,
1460602,CIK1460602,fundamentals,
1460801,CIK1460801,fundamentals,
1461119,CIK1461119,fundamentals,
1461640,CIK1461640,fundamentals,
1461755,CIK1461755,fundamentals,
1461993,CIK1461993,fundamentals,
1462013,CIK1462013,fundamentals,
1462047,CIK1462047,fundamentals,
1462103,CIK1462103,fundamentals,
1462109,CIK1462109,fundamentals,
1462506,CIK1462506,fundamentals,
1462566,CIK1462566,fundamentals,
1462567,CIK1462567,fundamentals,
1462633,CIK1462633,fundamentals,
1462694,CIK1462694,fundamentals,
1463172,CIK1463172,fundamentals,
1463176,CIK1463176,fundamentals,
1463191,CIK1463191,fundamentals,
1463258,CIK1463258,fundamentals,
1463361,CIK1463361,fundamentals,
1463389,CIK1463389,fundamentals,
1463729,CIK1463729,fundamentals,
1463792,CIK1463792,fundamentals,
1463833,CIK1463833,fundamentals,
1463913,CIK1463913,fundamentals,
1463959,CIK1463959,fundamentals,
1463961,CIK1463961,fundamentals,
1464300,CIK1464300,fundamentals,
1464305,CIK1464305,fundamentals,
1464720,CIK1464720,fundamentals,
1464766,CIK1464766,fundamentals,
1464830,CIK1464830,fundamentals,
1465062,CIK1465062,fundamentals,
1465112,CIK1465112,fundamentals,
1465130,CIK1465130,fundamentals,
1465264,CIK1465264,fundamentals,
1465470,CIK1465470,fundamentals,
1465509,CIK1465509,fundamentals,
1465872,CIK1465872,fundamentals,
1465885,CIK1465885,fundamentals,
1465969,CIK1465969,fundamentals,
1466225,CIK1466225,fundamentals,
1466292,CIK1466292,fundamentals,
1466301,CIK1466301,fundamentals,
1466369,CIK1466369,fundamentals,
1466538,CIK1466538,fundamentals,
1466629,CIK1466629,fundamentals,
1466739,CIK1466739,fundamentals,
1466815,CIK1466815,fundamentals,
1467027,CIK1467027,fundamentals,
1467076,CIK1467076,fundamentals,
1467154,CIK1467154,fundamentals,
1467434,CIK1467434,fundamentals,
1467560,CIK1467560,fundamentals,
1467652,CIK1467652,fundamentals,
1467746,CIK1467746,fundamentals,
1467845,CIK1467845,fundamentals,
1467913,CIK1467913,fundamentals,
1468010,CIK1468010,fundamentals,
1468164,CIK1468164,fundamentals,
1468516,CIK1468516,fundamentals,
1468666,CIK1468666,fundamentals,
1468679,CIK1468679,fundamentals,
1468780,CIK1468780,fundamentals,
1468910,CIK1468910,fundamentals,
1468924,CIK1468924,fundamentals,
1469038,CIK1469038,fundamentals,
1469114,CIK1469114,fundamentals,
1469115,CIK1469115,fundamentals,
1469134,CIK1469134,fundamentals,
1469207,CIK1469207,fundamentals,
1469284,CIK1469284,fundamentals,
1469317,CIK1469317,fundamentals,
1469372,CIK1469372,fundamentals,
1469383,CIK1469383,fundamentals,
1469384,CIK1469384,fundamentals,
1469385,CIK1469385,fundamentals,
1469412,CIK1469412,fundamentals,
1469433,CIK1469433,fundamentals,
1469488,CIK1469488,fundamentals,
1469510,CIK1469510,fundamentals,
1469559,CIK1469559,fundamentals,
1469606,CIK1469606,fundamentals,
1469628,CIK1469628,fundamentals,
1469822,CIK1469822,fundamentals,
1470022,CIK1470022,fundamentals,
1470099,CIK1470099,fundamentals,
1470205,CIK1470205,fundamentals,
1470215,CIK1470215,fundamentals,
1470512,CIK1470512,fundamentals,
1470550,CIK1470550,fundamentals,
1470699,CIK1470699,fundamentals,
1470701,CIK1470701,fundamentals,
1470719,CIK1470719,fundamentals,
1470795,CIK1470795,fundamentals,
1470915,CIK1470915,fundamentals,
1471088,CIK1471088,fundamentals,
1471089,CIK1471089,fundamentals,
1471092,CIK1471092,fundamentals,
1471136,CIK1471136,fundamentals,
1471256,CIK1471256,fundamentals,
1471261,CIK1471261,fundamentals,
1471266,CIK1471266,fundamentals,
1471270,CIK1471270,fundamentals,
1471271,CIK1471271,fundamentals,
1471302,CIK1471302,fundamentals,
1471387,CIK1471387,fundamentals,
1471458,CIK1471458,fundamentals,
1471487,CIK1471487,fundamentals,
1471717,CIK1471717,fundamentals,
1471968,CIK1471968,fundamentals,
1472093,CIK1472093,fundamentals,
1472147,CIK1472147,fundamentals,
1472174,CIK1472174,fundamentals,
1472277,CIK1472277,fundamentals,
1472343,CIK1472343,fundamentals,
1472468,CIK1472468,fundamentals,
1472595,CIK1472595,fundamentals,
1472601,CIK1472601,fundamentals,
1472635,CIK1472635,fundamentals,
1472847,CIK1472847,fundamentals,
1472862,CIK1472862,fundamentals,
1472998,CIK1472998,fundamentals,
1473061,CIK1473061,fundamentals,
1473078,CIK1473078,fundamentals,
1473287,CIK1473287,fundamentals,
1473579,CIK1473579,fundamentals,
1473591,CIK1473591,fundamentals,
1473597,CIK1473597,fundamentals,
1473637,CIK1473637,fundamentals,
1473654,CIK1473654,fundamentals,
1473971,CIK1473971,fundamentals,
1474042,CIK1474042,fundamentals,
1474266,CIK1474266,fundamentals,
1474301,CIK1474301,fundamentals,
1474307,CIK1474307,fundamentals,
1474439,CIK1474439,fundamentals,
1474459,CIK1474459,fundamentals,
1474464,CIK1474464,fundamentals,
1474777,CIK1474777,fundamentals,
1475065,CIK1475065,fundamentals,
1475115,CIK1475115,fundamentals,
1475204,CIK1475204,fundamentals,
1475273,CIK1475273,fundamentals,
1475274,CIK1475274,fundamentals,
1475348,CIK1475348,fundamentals,
1475430,CIK1475430,fundamentals,
1475899,CIK1475899,fundamentals,
1476170,CIK1476170,fundamentals,
1476246,CIK1476246,fundamentals,
1476264,CIK1476264,fundamentals,
1476278,CIK1476278,fundamentals,
1476470,CIK1476470,fundamentals,
1476638,CIK1476638,fundamentals,
1476651,CIK1476651,fundamentals,
1476655,CIK1476655,fundamentals,
1476719,CIK1476719,fundamentals,
1476886,CIK1476886,fundamentals,
1476963,CIK1476963,fundamentals,
1477032,CIK1477032,fundamentals,
1477130,CIK1477130,fundamentals,
1477168,CIK1477168,fundamentals,
1477200,CIK1477200,fundamentals,
1477246,CIK1477246,fundamentals,
1477425,CIK1477425,fundamentals,
1477472,CIK1477472,fundamentals,
1477598,CIK1477598,fundamentals,
1477776,CIK1477776,fundamentals,
1477961,CIK1477961,fundamentals,
1477968,CIK1477968,fundamentals,
1478069,CIK1478069,fundamentals,
1478085,CIK1478085,fundamentals,
1478087,CIK1478087,fundamentals,
1478121,CIK1478121,fundamentals,
1478132,CIK1478132,fundamentals,
1478176,CIK1478176,fundamentals,
1478220,CIK1478220,fundamentals,
1478259,CIK1478259,fundamentals,
1478484,CIK1478484,fundamentals,
1478490,CIK1478490,fundamentals,
1478493,CIK1478493,fundamentals,
1478535,CIK1478535,fundamentals,
1478682,CIK1478682,fundamentals,
1478725,CIK1478725,fundamentals,
1478726,CIK1478726,fundamentals,
1478838,CIK1478838,fundamentals,
1478950,CIK1478950,fundamentals,
1478974,CIK1478974,fundamentals,
1479000,CIK1479000,fundamentals,
1479014,CIK1479014,fundamentals,
1479046,CIK1479046,fundamentals,
1479142,CIK1479142,fundamentals,
1479239,CIK1479239,fundamentals,
1479290,CIK1479290,fundamentals,
1479320,CIK1479320,fundamentals,
1479362,CIK1479362,fundamentals,
1479382,CIK1479382,fundamentals,
1479426,CIK1479426,fundamentals,
1479488,CIK1479488,fundamentals,
1479526,CIK1479526,fundamentals,
1479575,CIK1479575,fundamentals,
1479683,CIK1479683,fundamentals,
1479750,CIK1479750,fundamentals,
1479915,CIK1479915,fundamentals,
1479919,CIK1479919,fundamentals,
1479920,CIK1479920,fundamentals,
1480797,CIK1480797,fundamentals,
1481056,CIK1481056,fundamentals,
1481199,CIK1481199,fundamentals,
1481218,CIK1481218,fundamentals,
1481339,CIK1481339,fundamentals,
1481427,CIK1481427,fundamentals,
1481506,CIK1481506,fundamentals,
1481512,CIK1481512,fundamentals,
1481646,CIK1481646,fundamentals,
1481832,CIK1481832,fundamentals,
1482073,CIK1482073,fundamentals,
1482075,CIK1482075,fundamentals,
1482080,CIK1482080,fundamentals,
1482179,CIK1482179,fundamentals,
1482278,CIK1482278,fundamentals,
1482361,CIK1482361,fundamentals,
1482550,CIK1482550,fundamentals,
1482875,CIK1482875,fundamentals,
1482876,CIK1482876,fundamentals,
1482877,CIK1482877,fundamentals,
1482878,CIK1482878,fundamentals,
1482879,CIK1482879,fundamentals,
1482974,CIK1482974,fundamentals,
1483057,CIK1483057,fundamentals,
1483058,CIK1483058,fundamentals,
1483078,CIK1483078,fundamentals,
1483096,CIK1483096,fundamentals,
1483173,CIK1483173,fundamentals,
1483195,CIK1483195,fundamentals,
1483230,CIK1483230,fundamentals,
1483496,CIK1483496,fundamentals,
1483510,CIK1483510,fundamentals,
1483623,CIK1483623,fundamentals,
1483714,CIK1483714,fundamentals,
1483731,CIK1483731,fundamentals,
1483798,CIK1483798,fundamentals,
1483830,CIK1483830,fundamentals,
1483935,CIK1483935,fundamentals,
1484042,CIK1484042,fundamentals,
1484478,CIK1484478,fundamentals,
1484504,CIK1484504,fundamentals,
1484931,CIK1484931,fundamentals,
1484949,CIK1484949,fundamentals,
1485001,CIK1485001,fundamentals,
1485029,CIK1485029,fundamentals,
1485156,CIK1485156,fundamentals,
1485176,CIK1485176,fundamentals,
1485469,CIK1485469,fundamentals,
1485527,CIK1485527,fundamentals,
1485589,CIK1485589,fundamentals,
1485594,CIK1485594,fundamentals,
1485933,CIK1485933,fundamentals,
1485964,CIK1485964,fundamentals,
1486058,CIK1486058,fundamentals,
1486279,CIK1486279,fundamentals,
1486297,CIK1486297,fundamentals,
1486299,CIK1486299,fundamentals,
1486315,CIK1486315,fundamentals,
1486526,CIK1486526,fundamentals,
1486597,CIK1486597,fundamentals,
1486640,CIK1486640,fundamentals,
1486800,CIK1486800,fundamentals,
1487052,CIK1487052,fundamentals,
1487101,CIK1487101,fundamentals,
1487202,CIK1487202,fundamentals,
1487239,CIK1487239,fundamentals,
1487252,CIK1487252,fundamentals,
1487347,CIK1487347,fundamentals,
1487371,CIK1487371,fundamentals,
1487439,CIK1487439,fundamentals,
1487447,CIK1487447,fundamentals,
1487522,CIK1487522,fundamentals,
1487544,CIK1487544,fundamentals,
1487561,CIK1487561,fundamentals,
1487623,CIK1487623,fundamentals,
1487659,CIK1487659,fundamentals,
1487685,CIK1487685,fundamentals,
1487712,CIK1487712,fundamentals,
1487730,CIK1487730,fundamentals,
1487775,CIK1487775,fundamentals,
1487782,CIK1487782,fundamentals,
1487843,CIK1487843,fundamentals,
1487906,CIK1487906,fundamentals,
1487920,CIK1487920,fundamentals,
1487931,CIK1487931,fundamentals,
1487932,CIK1487932,fundamentals,
1487933,CIK1487933,fundamentals,
1487941,CIK1487941,fundamentals,
1487986,CIK1487986,fundamentals,
1487990,CIK1487990,fundamentals,
1487997,CIK1487997,fundamentals,
1487999,CIK1487999,fundamentals,
1488075,CIK1488075,fundamentals,
1488087,CIK1488087,fundamentals,
1488309,CIK1488309,fundamentals,
1488366,CIK1488366,fundamentals,
1488419,CIK1488419,fundamentals,
1488420,CIK1488420,fundamentals,
1488438,CIK1488438,fundamentals,
1488501,CIK1488501,fundamentals,
1488591,CIK1488591,fundamentals,
1488613,CIK1488613,fundamentals,
1488638,CIK1488638,fundamentals,
1488934,CIK1488934,fundamentals,
1489024,CIK1489024,fundamentals,
1489039,CIK1489039,fundamentals,
1489077,CIK1489077,fundamentals,
1489136,CIK1489136,fundamentals,
1489137,CIK1489137,fundamentals,
1489256,CIK1489256,fundamentals,
1489367,CIK1489367,fundamentals,
1489588,CIK1489588,fundamentals,
1489644,CIK1489644,fundamentals,
1489744,CIK1489744,fundamentals,
1489902,CIK1489902,fundamentals,
1489955,CIK1489955,fundamentals,
1489979,CIK1489979,fundamentals,
1490165,CIK1490165,fundamentals,
1490346,CIK1490346,fundamentals,
1490381,CIK1490381,fundamentals,
1490490,CIK1490490,fundamentals,
1490626,CIK1490626,fundamentals,
1490630,CIK1490630,fundamentals,
1490636,CIK1490636,fundamentals,
1490653,CIK1490653,fundamentals,
1490660,CIK1490660,fundamentals,
1490700,CIK1490700,fundamentals,
1490711,CIK1490711,fundamentals,
1490824,CIK1490824,fundamentals,
1490892,CIK1490892,fundamentals,
1490927,CIK1490927,fundamentals,
1490930,CIK1490930,fundamentals,
1490949,CIK1490949,fundamentals,
1490983,CIK1490983,fundamentals,
1491029,CIK1491029,fundamentals,
1491262,CIK1491262,fundamentals,
1491471,CIK1491471,fundamentals,
1491479,CIK1491479,fundamentals,
1491487,CIK1491487,fundamentals,
1491501,CIK1491501,fundamentals,
1491525,CIK1491525,fundamentals,
1491576,CIK1491576,fundamentals,
1491675,CIK1491675,fundamentals,
1491778,CIK1491778,fundamentals,
1491828,CIK1491828,fundamentals,
1491829,CIK1491829,fundamentals,
1491830,CIK1491830,fundamentals,
1491959,CIK1491959,fundamentals,
1492052,CIK1492052,fundamentals,
1492091,CIK1492091,fundamentals,
1492116,CIK1492116,fundamentals,
1492135,CIK1492135,fundamentals,
1492151,CIK1492151,fundamentals,
1492168,CIK1492168,fundamentals,
1492324,CIK1492324,fundamentals,
1492422,CIK1492422,fundamentals,
1492426,CIK1492426,fundamentals,
1492459,CIK1492459,fundamentals,
1492541,CIK1492541,fundamentals,
1492633,CIK1492633,fundamentals,
1492658,CIK1492658,fundamentals,
1492674,CIK1492674,fundamentals,
1492683,CIK1492683,fundamentals,
1492832,CIK1492832,fundamentals,
1492850,CIK1492850,fundamentals,
1492869,CIK1492869,fundamentals,
1492915,CIK1492915,fundamentals,
1493006,CIK1493006,fundamentals,
1493040,CIK1493040,fundamentals,
1493109,CIK1493109,fundamentals,
1493144,CIK1493144,fundamentals,
1493174,CIK1493174,fundamentals,
1493182,CIK1493182,fundamentals,
1493212,CIK1493212,fundamentals,
1493265,CIK1493265,fundamentals,
1493491,CIK1493491,fundamentals,
1493526,CIK1493526,fundamentals,
1493552,CIK1493552,fundamentals,
1493563,CIK1493563,fundamentals,
1493566,CIK1493566,fundamentals,
1493587,CIK1493587,fundamentals,
1493893,CIK1493893,fundamentals,
1493976,CIK1493976,fundamentals,
1494162,CIK1494162,fundamentals,
1494186,CIK1494186,fundamentals,
1494214,CIK1494214,fundamentals,
1494319,CIK1494319,fundamentals,
1494448,CIK1494448,fundamentals,
1494473,CIK1494473,fundamentals,
1494502,CIK1494502,fundamentals,
1494562,CIK1494562,fundamentals,
1494650,CIK1494650,fundamentals,
1494722,CIK1494722,fundamentals,
1494809,CIK1494809,fundamentals,
1495028,CIK1495028,fundamentals,
1495191,CIK1495191,fundamentals,
1495229,CIK1495229,fundamentals,
1495230,CIK1495230,fundamentals,
1495479,CIK1495479,fundamentals,
1495491,CIK1495491,fundamentals,
1495536,CIK1495536,fundamentals,
1495569,CIK1495569,fundamentals,
1495648,CIK1495648,fundamentals,
1495850,CIK1495850,fundamentals,
1495898,CIK1495898,fundamentals,
1495899,CIK1495899,fundamentals,
1495900,CIK1495900,fundamentals,
1495925,CIK1495925,fundamentals,
1496048,CIK1496048,fundamentals,
1496139,CIK1496139,fundamentals,
1496264,CIK1496264,fundamentals,
1496268,CIK1496268,fundamentals,
1496323,CIK1496323,fundamentals,
1496337,CIK1496337,fundamentals,
1496454,CIK1496454,fundamentals,
1496623,CIK1496623,fundamentals,
1496631,CIK1496631,fundamentals,
1496646,CIK1496646,fundamentals,
1496671,CIK1496671,fundamentals,
1496741,CIK1496741,fundamentals,
1496818,CIK1496818,fundamentals,
1496819,CIK1496819,fundamentals,
1496868,CIK1496868,fundamentals,
1496963,CIK1496963,fundamentals,
1497029,CIK1497029,fundamentals,
1497031,CIK1497031,fundamentals,
1497033,CIK1497033,fundamentals,
1497046,CIK1497046,fundamentals,
1497055,CIK1497055,fundamentals,
1497074,CIK1497074,fundamentals,
1497120,CIK1497120,fundamentals,
1497130,CIK1497130,fundamentals,
1497165,CIK1497165,fundamentals,
1497188,CIK1497188,fundamentals,
1497246,CIK1497246,fundamentals,
1497251,CIK1497251,fundamentals,
1497275,CIK1497275,fundamentals,
1497316,CIK1497316,fundamentals,
1497421,CIK1497421,fundamentals,
1497504,CIK1497504,fundamentals,
1497572,CIK1497572,fundamentals,
1497632,CIK1497632,fundamentals,
1497644,CIK1497644,fundamentals,
1497647,CIK1497647,fundamentals,
1497764,CIK1497764,fundamentals,
1497814,CIK1497814,fundamentals,
1497916,CIK1497916,fundamentals,
1497917,CIK1497917,fundamentals,
1497918,CIK1497918,fundamentals,
1497919,CIK1497919,fundamentals,
1497920,CIK1497920,fundamentals,
1498021,CIK1498021,fundamentals,
1498046,CIK1498046,fundamentals,
1498068,CIK1498068,fundamentals,
1498122,CIK1498122,fundamentals,
1498157,CIK1498157,fundamentals,
1498210,CIK1498210,fundamentals,
1498232,CIK1498232,fundamentals,
1498233,CIK1498233,fundamentals,
1498234,CIK1498234,fundamentals,
1498291,CIK1498291,fundamentals,
1498301,CIK1498301,fundamentals,
1498325,CIK1498325,fundamentals,
1498352,CIK1498352,fundamentals,
1498380,CIK1498380,fundamentals,
1498388,CIK1498388,fundamentals,
1498398,CIK1498398,fundamentals,
1498415,CIK1498415,fundamentals,
1498522,CIK1498522,fundamentals,
1498542,CIK1498542,fundamentals,
1498622,CIK1498622,fundamentals,
1498828,CIK1498828,fundamentals,
1498864,CIK1498864,fundamentals,
1499034,CIK1499034,fundamentals,
1499197,CIK1499197,fundamentals,
1499200,CIK1499200,fundamentals,
1499268,CIK1499268,fundamentals,
1499274,CIK1499274,fundamentals,
1499355,CIK1499355,fundamentals,
1499361,CIK1499361,fundamentals,
1499453,CIK1499453,fundamentals,
1499467,CIK1499467,fundamentals,
1499482,CIK1499482,fundamentals,
1499501,CIK1499501,fundamentals,
1499573,CIK1499573,fundamentals,
1499618,CIK1499618,fundamentals,
1499684,CIK1499684,fundamentals,
1499686,CIK1499686,fundamentals,
1499717,CIK1499717,fundamentals,
1499735,CIK1499735,fundamentals,
1499785,CIK1499785,fundamentals,
1499790,CIK1499790,fundamentals,
1499807,CIK1499807,fundamentals,
1499855,CIK1499855,fundamentals,
1499871,CIK1499871,fundamentals,
1499875,CIK1499875,fundamentals,
1499912,CIK1499912,fundamentals,
1500122,CIK1500122,fundamentals,
1500123,CIK1500123,fundamentals,
1500157,CIK1500157,fundamentals,
1500213,CIK1500213,fundamentals,
1500242,CIK1500242,fundamentals,
1500305,CIK1500305,fundamentals,
1500341,CIK1500341,fundamentals,
1500365,CIK1500365,fundamentals,
1500366,CIK1500366,fundamentals,
1500367,CIK1500367,fundamentals,
1500497,CIK1500497,fundamentals,
1500554,CIK1500554,fundamentals,
1500711,CIK1500711,fundamentals,
1500768,CIK1500768,fundamentals,
1500836,CIK1500836,fundamentals,
1500837,CIK1500837,fundamentals,
1500861,CIK1500861,fundamentals,
1500894,CIK1500894,fundamentals,
1500904,CIK1500904,fundamentals,
1501017,CIK1501017,fundamentals,
1501112,CIK1501112,fundamentals,
1501134,CIK1501134,fundamentals,
1501162,CIK1501162,fundamentals,
1501225,CIK1501225,fundamentals,
1501257,CIK1501257,fundamentals,
1501268,CIK1501268,fundamentals,
1501331,CIK1501331,fundamentals,
1501350,CIK1501350,fundamentals,
1501364,CIK1501364,fundamentals,
1501489,CIK1501489,fundamentals,
1501570,CIK1501570,fundamentals,
1501720,CIK1501720,fundamentals,
1501729,CIK1501729,fundamentals,
1501732,CIK1501732,fundamentals,
1501745,CIK1501745,fundamentals,
1501756,CIK1501756,fundamentals,
1501804,CIK1501804,fundamentals,
1501845,CIK1501845,fundamentals,
1501862,CIK1501862,fundamentals,
1501919,CIK1501919,fundamentals,
1501958,CIK1501958,fundamentals,
1501972,CIK1501972,fundamentals,
1502012,CIK1502012,fundamentals,
1502034,CIK1502034,fundamentals,
1502152,CIK1502152,fundamentals,
1502519,CIK1502519,fundamentals,
1502555,CIK1502555,fundamentals,
1502629,CIK1502629,fundamentals,
1502630,CIK1502630,fundamentals,
1502659,CIK1502659,fundamentals,
1502747,CIK1502747,fundamentals,
1502749,CIK1502749,fundamentals,
1502756,CIK1502756,fundamentals,
1502772,CIK1502772,fundamentals,
1502774,CIK1502774,fundamentals,
1502777,CIK1502777,fundamentals,
1502952,CIK1502952,fundamentals,
1502974,CIK1502974,fundamentals,
1503063,CIK1503063,fundamentals,
1503161,CIK1503161,fundamentals,
1503227,CIK1503227,fundamentals,
1503401,CIK1503401,fundamentals,
1503455,CIK1503455,fundamentals,
1503458,CIK1503458,fundamentals,
1503518,CIK1503518,fundamentals,
1503538,CIK1503538,fundamentals,
1503579,CIK1503579,fundamentals,
1503636,CIK1503636,fundamentals,
1503707,CIK1503707,fundamentals,
1503813,CIK1503813,fundamentals,
1503828,CIK1503828,fundamentals,
1503985,CIK1503985,fundamentals,
1503993,CIK1503993,fundamentals,
1504167,CIK1504167,fundamentals,
1504222,CIK1504222,fundamentals,
1504239,CIK1504239,fundamentals,
1504307,CIK1504307,fundamentals,
1504388,CIK1504388,fundamentals,
1504389,CIK1504389,fundamentals,
1504464,CIK1504464,fundamentals,
1504735,CIK1504735,fundamentals,
1504747,CIK1504747,fundamentals,
1504875,CIK1504875,fundamentals,
1504876,CIK1504876,fundamentals,
1504877,CIK1504877,fundamentals,
1504886,CIK1504886,fundamentals,
1504912,CIK1504912,fundamentals,
1504937,CIK1504937,fundamentals,
1505124,CIK1505124,fundamentals,
1505361,CIK1505361,fundamentals,
1505362,CIK1505362,fundamentals,
1505363,CIK1505363,fundamentals,
1505364,CIK1505364,fundamentals,
1505366,CIK1505366,fundamentals,
1505367,CIK1505367,fundamentals,
1505368,CIK1505368,fundamentals,
1505369,CIK1505369,fundamentals,
1505370,CIK1505370,fundamentals,
1505371,CIK1505371,fundamentals,
1505512,CIK1505512,fundamentals,
1505611,CIK1505611,fundamentals,
1505823,CIK1505823,fundamentals,
1505892,CIK1505892,fundamentals,
1505966,CIK1505966,fundamentals,
1506215,CIK1506215,fundamentals,
1506270,CIK1506270,fundamentals,
1506295,CIK1506295,fundamentals,
1506302,CIK1506302,fundamentals,
1506325,CIK1506325,fundamentals,
1506374,CIK1506374,fundamentals,
1506385,CIK1506385,fundamentals,
1506401,CIK1506401,fundamentals,
1506439,CIK1506439,fundamentals,
1506481,CIK1506481,fundamentals,
1506503,CIK1506503,fundamentals,
1506522,CIK1506522,fundamentals,
1506545,CIK1506545,fundamentals,
1506546,CIK1506546,fundamentals,
1506742,CIK1506742,fundamentals,
1506744,CIK1506744,fundamentals,
1506814,CIK1506814,fundamentals,
1506928,CIK1506928,fundamentals,
1506932,CIK1506932,fundamentals,
1507103,CIK1507103,fundamentals,
1507181,CIK1507181,fundamentals,
1507196,CIK1507196,fundamentals,
1507277,CIK1507277,fundamentals,
1507385,CIK1507385,fundamentals,
1507571,CIK1507571,fundamentals,
1507615,CIK1507615,fundamentals,
1507718,CIK1507718,fundamentals,
1507858,CIK1507858,fundamentals,
1507881,CIK1507881,fundamentals,
1507934,CIK1507934,fundamentals,
1507951,CIK1507951,fundamentals,
1507964,CIK1507964,fundamentals,
1507986,CIK1507986,fundamentals,
1508128,CIK1508128,fundamentals,
1508262,CIK1508262,fundamentals,
1508332,CIK1508332,fundamentals,
1508348,CIK1508348,fundamentals,
1508363,CIK1508363,fundamentals,
1508381,CIK1508381,fundamentals,
1508470,CIK1508470,fundamentals,
1508594,CIK1508594,fundamentals,
1508677,CIK1508677,fundamentals,
1508933,CIK1508933,fundamentals,
1509190,CIK1509190,fundamentals,
1509223,CIK1509223,fundamentals,
1509273,CIK1509273,fundamentals,
1509351,CIK1509351,fundamentals,
1509432,CIK1509432,fundamentals,
1509477,CIK1509477,fundamentals,
1509589,CIK1509589,fundamentals,
1509692,CIK1509692,fundamentals,
1509786,CIK1509786,fundamentals,
1509879,CIK1509879,fundamentals,
1510030,CIK1510030,fundamentals,
1510130,CIK1510130,fundamentals,
1510247,CIK1510247,fundamentals,
1510256,CIK1510256,fundamentals,
1510326,CIK1510326,fundamentals,
1510333,CIK1510333,fundamentals,
1510487,CIK1510487,fundamentals,
1510489,CIK1510489,fundamentals,
1510518,CIK1510518,fundamentals,
1510524,CIK1510524,fundamentals,
1510580,CIK1510580,fundamentals,
1510775,CIK1510775,fundamentals,
1510832,CIK1510832,fundamentals,
1510839,CIK1510839,fundamentals,
1510871,CIK1510871,fundamentals,
1510891,CIK1510891,fundamentals,
1510949,CIK1510949,fundamentals,
1510961,CIK1510961,fundamentals,
1510962,CIK1510962,fundamentals,
1510963,CIK1510963,fundamentals,
1510976,CIK1510976,fundamentals,
1511071,CIK1511071,fundamentals,
1511139,CIK1511139,fundamentals,
1511159,CIK1511159,fundamentals,
1511161,CIK1511161,fundamentals,
1511198,CIK1511198,fundamentals,
1511261,CIK1511261,fundamentals,
1511325,CIK1511325,fundamentals,
1511367,CIK1511367,fundamentals,
1511447,CIK1511447,fundamentals,
1511448,CIK1511448,fundamentals,
1511618,CIK1511618,fundamentals,
1511648,CIK1511648,fundamentals,
1511735,CIK1511735,fundamentals,
1511800,CIK1511800,fundamentals,
1511863,CIK1511863,fundamentals,
1511967,CIK1511967,fundamentals,
1512074,CIK1512074,fundamentals,
1512077,CIK1512077,fundamentals,
1512138,CIK1512138,fundamentals,
1512574,CIK1512574,fundamentals,
1512693,CIK1512693,fundamentals,
1512787,CIK1512787,fundamentals,
1512890,CIK1512890,fundamentals,
1512927,CIK1512927,fundamentals,
1512931,CIK1512931,fundamentals,
1512983,CIK1512983,fundamentals,
1513153,CIK1513153,fundamentals,
1513161,CIK1513161,fundamentals,
1513403,CIK1513403,fundamentals,
1513514,CIK1513514,fundamentals,
1513818,CIK1513818,fundamentals,
1513856,CIK1513856,fundamentals,
1513965,CIK1513965,fundamentals,
1513971,CIK1513971,fundamentals,
1514113,CIK1514113,fundamentals,
1514128,CIK1514128,fundamentals,
1514131,CIK1514131,fundamentals,
1514149,CIK1514149,fundamentals,
1514226,CIK1514226,fundamentals,
1514242,CIK1514242,fundamentals,
1514324,CIK1514324,fundamentals,
1514370,CIK1514370,fundamentals,
1514371,CIK1514371,fundamentals,
1514372,CIK1514372,fundamentals,
1514373,CIK1514373,fundamentals,
1514403,CIK1514403,fundamentals,
1514404,CIK1514404,fundamentals,
1514418,CIK1514418,fundamentals,
1514514,CIK1514514,fundamentals,
1514608,CIK1514608,fundamentals,
1514682,CIK1514682,fundamentals,
1514732,CIK1514732,fundamentals,
1514743,CIK1514743,fundamentals,
1514888,CIK1514888,fundamentals,
1514993,CIK1514993,fundamentals,
1514994,CIK1514994,fundamentals,
1515003,CIK1515003,fundamentals,
1515069,CIK1515069,fundamentals,
1515114,CIK1515114,fundamentals,
1515115,CIK1515115,fundamentals,
1515250,CIK1515250,fundamentals,
1515275,CIK1515275,fundamentals,
1515319,CIK1515319,fundamentals,
1515353,CIK1515353,fundamentals,
1515382,CIK1515382,fundamentals,
1515620,CIK1515620,fundamentals,
1515635,CIK1515635,fundamentals,
1515718,CIK1515718,fundamentals,
1515740,CIK1515740,fundamentals,
1515741,CIK1515741,fundamentals,
1515742,CIK1515742,fundamentals,
1515800,CIK1515800,fundamentals,
1515816,CIK1515816,fundamentals,
1515966,CIK1515966,fundamentals,
1515980,CIK1515980,fundamentals,
1516007,CIK1516007,fundamentals,
1516079,CIK1516079,fundamentals,
1516332,CIK1516332,fundamentals,
1516386,CIK1516386,fundamentals,
1516479,CIK1516479,fundamentals,
1516522,CIK1516522,fundamentals,
1516559,CIK1516559,fundamentals,
1516580,CIK1516580,fundamentals,
1516805,CIK1516805,fundamentals,
1516887,CIK1516887,fundamentals,
1516973,CIK1516973,fundamentals,
1517006,CIK1517006,fundamentals,
1517007,CIK1517007,fundamentals,
1517008,CIK1517008,fundamentals,
1517112,CIK1517112,fundamentals,
1517130,CIK1517130,fundamentals,
1517224,CIK1517224,fundamentals,
1517248,CIK1517248,fundamentals,
1517342,CIK1517342,fundamentals,
1517391,CIK1517391,fundamentals,
1517393,CIK1517393,fundamentals,
1517401,CIK1517401,fundamentals,
1517498,CIK1517498,fundamentals,
1517526,CIK1517526,fundamentals,
1517577,CIK1517577,fundamentals,
1517591,CIK1517591,fundamentals,
1517650,CIK1517650,fundamentals,
1517653,CIK1517653,fundamentals,
1517709,CIK1517709,fundamentals,
1517783,CIK1517783,fundamentals,
1517990,CIK1517990,fundamentals,
1517992,CIK1517992,fundamentals,
1518041,CIK1518041,fundamentals,
1518171,CIK1518171,fundamentals,
1518222,CIK1518222,fundamentals,
1518238,CIK1518238,fundamentals,
1518380,CIK1518380,fundamentals,
1518403,CIK1518403,fundamentals,
1518487,CIK1518487,fundamentals,
1518520,CIK1518520,fundamentals,
1518548,CIK1518548,fundamentals,
1518587,CIK1518587,fundamentals,
1518720,CIK1518720,fundamentals,
1518749,CIK1518749,fundamentals,
1518832,CIK1518832,fundamentals,
1518909,CIK1518909,fundamentals,
1518964,CIK1518964,fundamentals,
1518985,CIK1518985,fundamentals,
1519117,CIK1519117,fundamentals,
1519177,CIK1519177,fundamentals,
1519405,CIK1519405,fundamentals,
1519450,CIK1519450,fundamentals,
1519534,CIK1519534,fundamentals,
1519625,CIK1519625,fundamentals,
1519628,CIK1519628,fundamentals,
1519632,CIK1519632,fundamentals,
1519817,CIK1519817,fundamentals,
1519820,CIK1519820,fundamentals,
1519894,CIK1519894,fundamentals,
1519955,CIK1519955,fundamentals,
1520007,CIK1520007,fundamentals,
1520047,CIK1520047,fundamentals,
1520108,CIK1520108,fundamentals,
1520216,CIK1520216,fundamentals,
1520300,CIK1520300,fundamentals,
1520320,CIK1520320,fundamentals,
1520321,CIK1520321,fundamentals,
1520353,CIK1520353,fundamentals,
1520512,CIK1520512,fundamentals,
1520528,CIK1520528,fundamentals,
1520566,CIK1520566,fundamentals,
1520586,CIK1520586,fundamentals,
1520592,CIK1520592,fundamentals,
1520668,CIK1520668,fundamentals,
1520744,CIK1520744,fundamentals,
1520874,CIK1520874,fundamentals,
1521013,CIK1521013,fundamentals,
1521065,CIK1521065,fundamentals,
1521222,CIK1521222,fundamentals,
1521417,CIK1521417,fundamentals,
1521420,CIK1521420,fundamentals,
1521466,CIK1521466,fundamentals,
1521476,CIK1521476,fundamentals,
1521549,CIK1521549,fundamentals,
1521722,CIK1521722,fundamentals,
1521762,CIK1521762,fundamentals,
1521847,CIK1521847,fundamentals,
1521945,CIK1521945,fundamentals,
1522118,CIK1522118,fundamentals,
1522120,CIK1522120,fundamentals,
1522121,CIK1522121,fundamentals,
1522138,CIK1522138,fundamentals,
1522164,CIK1522164,fundamentals,
1522165,CIK1522165,fundamentals,
1522182,CIK1522182,fundamentals,
1522211,CIK1522211,fundamentals,
1522214,CIK1522214,fundamentals,
1522215,CIK1522215,fundamentals,
1522219,CIK1522219,fundamentals,
1522221,CIK1522221,fundamentals,
1522222,CIK1522222,fundamentals,
1522236,CIK1522236,fundamentals,
1522327,CIK1522327,fundamentals,
1522420,CIK1522420,fundamentals,
1522469,CIK1522469,fundamentals,
1522538,CIK1522538,fundamentals,
1522602,CIK1522602,fundamentals,
1522690,CIK1522690,fundamentals,
1522699,CIK1522699,fundamentals,
1522704,CIK1522704,fundamentals,
1522724,CIK1522724,fundamentals,
1522787,CIK1522787,fundamentals,
1522860,CIK1522860,fundamentals,
1522903,CIK1522903,fundamentals,
1523404,CIK1523404,fundamentals,
1523486,CIK1523486,fundamentals,
1523733,CIK1523733,fundamentals,
1523854,CIK1523854,fundamentals,
1523855,CIK1523855,fundamentals,
1524083,CIK1524083,fundamentals,
1524223,CIK1524223,fundamentals,
1524471,CIK1524471,fundamentals,
1524607,CIK1524607,fundamentals,
1524741,CIK1524741,fundamentals,
1524774,CIK1524774,fundamentals,
1524829,CIK1524829,fundamentals,
1524872,CIK1524872,fundamentals,
1524931,CIK1524931,fundamentals,
1525040,CIK1525040,fundamentals,
1525287,CIK1525287,fundamentals,
1525773,CIK1525773,fundamentals,
1525852,CIK1525852,fundamentals,
1525874,CIK1525874,fundamentals,
1525896,CIK1525896,fundamentals,
1525998,CIK1525998,fundamentals,
1526160,CIK1526160,fundamentals,
1526183,CIK1526183,fundamentals,
1526185,CIK1526185,fundamentals,
1526543,CIK1526543,fundamentals,
1526600,CIK1526600,fundamentals,
1526608,CIK1526608,fundamentals,
1526689,CIK1526689,fundamentals,
1526726,CIK1526726,fundamentals,
1526759,CIK1526759,fundamentals,
1526796,CIK1526796,fundamentals,
1526952,CIK1526952,fundamentals,
1527027,CIK1527027,fundamentals,
1527032,CIK1527032,fundamentals,
1527096,CIK1527096,fundamentals,
1527102,CIK1527102,fundamentals,
1527190,CIK1527190,fundamentals,
1527349,CIK1527349,fundamentals,
1527355,CIK1527355,fundamentals,
1527378,CIK1527378,fundamentals,
1527383,CIK1527383,fundamentals,
1527424,CIK1527424,fundamentals,
1527508,CIK1527508,fundamentals,
1527547,CIK1527547,fundamentals,
1527622,CIK1527622,fundamentals,
1527624,CIK1527624,fundamentals,
1527666,CIK1527666,fundamentals,
1527675,CIK1527675,fundamentals,
1527698,CIK1527698,fundamentals,
1527705,CIK1527705,fundamentals,
1527709,CIK1527709,fundamentals,
1527722,CIK1527722,fundamentals,
1527727,CIK1527727,fundamentals,
1527760,CIK1527760,fundamentals,
1527795,CIK1527795,fundamentals,
1527844,CIK1527844,fundamentals,
1527974,CIK1527974,fundamentals,
1528006,CIK1528006,fundamentals,
1528061,CIK1528061,fundamentals,
1528098,CIK1528098,fundamentals,
1528103,CIK1528103,fundamentals,
1528129,CIK1528129,fundamentals,
1528171,CIK1528171,fundamentals,
1528234,CIK1528234,fundamentals,
1528308,CIK1528308,fundamentals,
1528393,CIK1528393,fundamentals,
1528410,CIK1528410,fundamentals,
1528557,CIK1528557,fundamentals,
1528558,CIK1528558,fundamentals,
1528610,CIK1528610,fundamentals,
1528697,CIK1528697,fundamentals,
1528749,CIK1528749,fundamentals,
1528760,CIK1528760,fundamentals,
1528837,CIK1528837,fundamentals,
1528843,CIK1528843,fundamentals,
1528875,CIK1528875,fundamentals,
1528930,CIK1528930,fundamentals,
1529133,CIK1529133,fundamentals,
1529293,CIK1529293,fundamentals,
1529433,CIK1529433,fundamentals,
1529463,CIK1529463,fundamentals,
1529505,CIK1529505,fundamentals,
1529516,CIK1529516,fundamentals,
1529804,CIK1529804,fundamentals,
1529979,CIK1529979,fundamentals,
1530163,CIK1530163,fundamentals,
1530244,CIK1530244,fundamentals,
1530796,CIK1530796,fundamentals,
1530874,CIK1530874,fundamentals,
1530981,CIK1530981,fundamentals,
1531048,CIK1531048,fundamentals,
1531272,CIK1531272,fundamentals,
1531433,CIK1531433,fundamentals,
1531434,CIK1531434,fundamentals,
1531477,CIK1531477,fundamentals,
1531537,CIK1531537,fundamentals,
1531618,CIK1531618,fundamentals,
1531649,CIK1531649,fundamentals,
1531744,CIK1531744,fundamentals,
1531764,CIK1531764,fundamentals,
1531978,CIK1531978,fundamentals,
1532063,CIK1532063,fundamentals,
1532158,CIK1532158,fundamentals,
1532288,CIK1532288,fundamentals,
1532346,CIK1532346,fundamentals,
1532424,CIK1532424,fundamentals,
1532543,CIK1532543,fundamentals,
1532595,CIK1532595,fundamentals,
1532750,CIK1532750,fundamentals,
1532796,CIK1532796,fundamentals,
1532828,CIK1532828,fundamentals,
1532882,CIK1532882,fundamentals,
1532926,CIK1532926,fundamentals,
1532930,CIK1532930,fundamentals,
1532961,CIK1532961,fundamentals,
1533030,CIK1533030,fundamentals,
1533106,CIK1533106,fundamentals,
1533311,CIK1533311,fundamentals,
1533427,CIK1533427,fundamentals,
1533454,CIK1533454,fundamentals,
1533455,CIK1533455,fundamentals,
1533526,CIK1533526,fundamentals,
1533758,CIK1533758,fundamentals,
1533932,CIK1533932,fundamentals,
1534099,CIK1534099,fundamentals,
1534155,CIK1534155,fundamentals,
1534263,CIK1534263,fundamentals,
1534287,CIK1534287,fundamentals,
1534298,CIK1534298,fundamentals,
1534463,CIK1534463,fundamentals,
1534628,CIK1534628,fundamentals,
1534629,CIK1534629,fundamentals,
1534731,CIK1534731,fundamentals,
1534814,CIK1534814,fundamentals,
1534992,CIK1534992,fundamentals,
1535013,CIK1535013,fundamentals,
1535031,CIK1535031,fundamentals,
1535079,CIK1535079,fundamentals,
1535194,CIK1535194,fundamentals,
1535365,CIK1535365,fundamentals,
1535379,CIK1535379,fundamentals,
1535469,CIK1535469,fundamentals,
1535635,CIK1535635,fundamentals,
15357,CIK15357,fundamentals,
1536035,CIK1536035,fundamentals,
1536047,CIK1536047,fundamentals,
1536089,CIK1536089,fundamentals,
1536256,CIK1536256,fundamentals,
1536394,CIK1536394,fundamentals,
1536521,CIK1536521,fundamentals,
1536577,CIK1536577,fundamentals,
1536643,CIK1536643,fundamentals,
1537028,CIK1537028,fundamentals,
1537048,CIK1537048,fundamentals,
1537069,CIK1537069,fundamentals,
1537118,CIK1537118,fundamentals,
1537169,CIK1537169,fundamentals,
1537258,CIK1537258,fundamentals,
1537274,CIK1537274,fundamentals,
1537293,CIK1537293,fundamentals,
1537511,CIK1537511,fundamentals,
1537528,CIK1537528,fundamentals,
1537561,CIK1537561,fundamentals,
1537660,CIK1537660,fundamentals,
1537663,CIK1537663,fundamentals,
1537667,CIK1537667,fundamentals,
1537689,CIK1537689,fundamentals,
1537834,CIK1537834,fundamentals,
1537917,CIK1537917,fundamentals,
1537951,CIK1537951,fundamentals,
1538123,CIK1538123,fundamentals,
1538210,CIK1538210,fundamentals,
1538217,CIK1538217,fundamentals,
1538329,CIK1538329,fundamentals,
1538333,CIK1538333,fundamentals,
1538789,CIK1538789,fundamentals,
1538927,CIK1538927,fundamentals,
1538990,CIK1538990,fundamentals,
15393,CIK15393,fundamentals,
1539429,CIK1539429,fundamentals,
1539447,CIK1539447,fundamentals,
1539551,CIK1539551,fundamentals,
1539574,CIK1539574,fundamentals,
1539778,CIK1539778,fundamentals,
1539892,CIK1539892,fundamentals,
1539894,CIK1539894,fundamentals,
1540013,CIK1540013,fundamentals,
1540047,CIK1540047,fundamentals,
1540145,CIK1540145,fundamentals,
1540160,CIK1540160,fundamentals,
1540184,CIK1540184,fundamentals,
1540237,CIK1540237,fundamentals,
1540334,CIK1540334,fundamentals,
1540400,CIK1540400,fundamentals,
1540563,CIK1540563,fundamentals,
1540615,CIK1540615,fundamentals,
1540729,CIK1540729,fundamentals,
1540755,CIK1540755,fundamentals,
1540771,CIK1540771,fundamentals,
1540947,CIK1540947,fundamentals,
1541165,CIK1541165,fundamentals,
1541354,CIK1541354,fundamentals,
1541719,CIK1541719,fundamentals,
1541884,CIK1541884,fundamentals,
1542013,CIK1542013,fundamentals,
1542261,CIK1542261,fundamentals,
1542299,CIK1542299,fundamentals,
1542335,CIK1542335,fundamentals,
1542447,CIK1542447,fundamentals,
1542624,CIK1542624,fundamentals,
1542625,CIK1542625,fundamentals,
1542626,CIK1542626,fundamentals,
1542627,CIK1542627,fundamentals,
1542628,CIK1542628,fundamentals,
1542918,CIK1542918,fundamentals,
1542934,CIK1542934,fundamentals,
1543066,CIK1543066,fundamentals,
1543083,CIK1543083,fundamentals,
1543098,CIK1543098,fundamentals,
1543272,CIK1543272,fundamentals,
1543367,CIK1543367,fundamentals,
1543395,CIK1543395,fundamentals,
1543450,CIK1543450,fundamentals,
1543605,CIK1543605,fundamentals,
1543643,CIK1543643,fundamentals,
1543668,CIK1543668,fundamentals,
1543679,CIK1543679,fundamentals,
1543739,CIK1543739,fundamentals,
1543916,CIK1543916,fundamentals,
1544116,CIK1544116,fundamentals,
1544190,CIK1544190,fundamentals,
1544229,CIK1544229,fundamentals,
1544238,CIK1544238,fundamentals,
1544597,CIK1544597,fundamentals,
1544861,CIK1544861,fundamentals,
1545061,CIK1545061,fundamentals,
1545158,CIK1545158,fundamentals,
1545208,CIK1545208,fundamentals,
1545232,CIK1545232,fundamentals,
1545312,CIK1545312,fundamentals,
1545391,CIK1545391,fundamentals,
1545447,CIK1545447,fundamentals,
1545654,CIK1545654,fundamentals,
1546381,CIK1546381,fundamentals,
1546392,CIK1546392,fundamentals,
1546589,CIK1546589,fundamentals,
1546609,CIK1546609,fundamentals,
1546640,CIK1546640,fundamentals,
1546679,CIK1546679,fundamentals,
1546958,CIK1546958,fundamentals,
1547015,CIK1547015,fundamentals,
1547021,CIK1547021,fundamentals,
1547063,CIK1547063,fundamentals,
1547282,CIK1547282,fundamentals,
1547355,CIK1547355,fundamentals,
1547521,CIK1547521,fundamentals,
1547530,CIK1547530,fundamentals,
1547635,CIK1547635,fundamentals,
1547638,CIK1547638,fundamentals,
1547705,CIK1547705,fundamentals,
1547716,CIK1547716,fundamentals,
1547996,CIK1547996,fundamentals,
1548082,CIK1548082,fundamentals,
1548106,CIK1548106,fundamentals,
1548187,CIK1548187,fundamentals,
1548223,CIK1548223,fundamentals,
1548240,CIK1548240,fundamentals,
1548261,CIK1548261,fundamentals,
1548309,CIK1548309,fundamentals,
1548404,CIK1548404,fundamentals,
1548621,CIK1548621,fundamentals,
1548691,CIK1548691,fundamentals,
1548805,CIK1548805,fundamentals,
1548953,CIK1548953,fundamentals,
1548981,CIK1548981,fundamentals,
1549276,CIK1549276,fundamentals,
1549719,CIK1549719,fundamentals,
1549756,CIK1549756,fundamentals,
1549848,CIK1549848,fundamentals,
1549872,CIK1549872,fundamentals,
1549922,CIK1549922,fundamentals,
1550020,CIK1550020,fundamentals,
1550053,CIK1550053,fundamentals,
1550222,CIK1550222,fundamentals,
1550377,CIK1550377,fundamentals,
1550518,CIK1550518,fundamentals,
1550536,CIK1550536,fundamentals,
1550603,CIK1550603,fundamentals,
1550695,CIK1550695,fundamentals,
1550737,CIK1550737,fundamentals,
1550929,CIK1550929,fundamentals,
1550956,CIK1550956,fundamentals,
15511,CIK15511,fundamentals,
1551206,CIK1551206,fundamentals,
1551286,CIK1551286,fundamentals,
1551390,CIK1551390,fundamentals,
1551454,CIK1551454,fundamentals,
1551510,CIK1551510,fundamentals,
1551693,CIK1551693,fundamentals,
1551739,CIK1551739,fundamentals,
1551887,CIK1551887,fundamentals,
1551906,CIK1551906,fundamentals,
1551986,CIK1551986,fundamentals,
1552164,CIK1552164,fundamentals,
1552358,CIK1552358,fundamentals,
1552451,CIK1552451,fundamentals,
1552493,CIK1552493,fundamentals,
1552700,CIK1552700,fundamentals,
1552719,CIK1552719,fundamentals,
1552743,CIK1552743,fundamentals,
1552845,CIK1552845,fundamentals,
1552890,CIK1552890,fundamentals,
1552946,CIK1552946,fundamentals,
1552979,CIK1552979,fundamentals,
1553023,CIK1553023,fundamentals,
1553210,CIK1553210,fundamentals,
1553304,CIK1553304,fundamentals,
1553326,CIK1553326,fundamentals,
1553404,CIK1553404,fundamentals,
1553588,CIK1553588,fundamentals,
1553620,CIK1553620,fundamentals,
1553734,CIK1553734,fundamentals,
1553830,CIK1553830,fundamentals,
1554054,CIK1554054,fundamentals,
1554225,CIK1554225,fundamentals,
1554238,CIK1554238,fundamentals,
1554240,CIK1554240,fundamentals,
1554241,CIK1554241,fundamentals,
1554300,CIK1554300,fundamentals,
1554594,CIK1554594,fundamentals,
1554859,CIK1554859,fundamentals,
1554864,CIK1554864,fundamentals,
1554875,CIK1554875,fundamentals,
1554906,CIK1554906,fundamentals,
1554923,CIK1554923,fundamentals,
1554947,CIK1554947,fundamentals,
1554970,CIK1554970,fundamentals,
1555039,CIK1555039,fundamentals,
1555074,CIK1555074,fundamentals,
1555082,CIK1555082,fundamentals,
1555177,CIK1555177,fundamentals,
1555214,CIK1555214,fundamentals,
1555365,CIK1555365,fundamentals,
1555458,CIK1555458,fundamentals,
1555492,CIK1555492,fundamentals,
1555538,CIK1555538,fundamentals,
1555560,CIK1555560,fundamentals,
1555571,CIK1555571,fundamentals,
1555877,CIK1555877,fundamentals,
1555972,CIK1555972,fundamentals,
1555995,CIK1555995,fundamentals,
1556148,CIK1556148,fundamentals,
1556169,CIK1556169,fundamentals,
1556179,CIK1556179,fundamentals,
1556226,CIK1556226,fundamentals,
1556263,CIK1556263,fundamentals,
1556266,CIK1556266,fundamentals,
1556276,CIK1556276,fundamentals,
1556364,CIK1556364,fundamentals,
1556377,CIK1556377,fundamentals,
1556416,CIK1556416,fundamentals,
1556508,CIK1556508,fundamentals,
1556753,CIK1556753,fundamentals,
1556766,CIK1556766,fundamentals,
1556898,CIK1556898,fundamentals,
1557127,CIK1557127,fundamentals,
1557142,CIK1557142,fundamentals,
1557255,CIK1557255,fundamentals,
1557340,CIK1557340,fundamentals,
1557421,CIK1557421,fundamentals,
1557565,CIK1557565,fundamentals,
1557644,CIK1557644,fundamentals,
1557668,CIK1557668,fundamentals,
1557796,CIK1557796,fundamentals,
1557883,CIK1557883,fundamentals,
1557939,CIK1557939,fundamentals,
1558009,CIK1558009,fundamentals,
1558085,CIK1558085,fundamentals,
1558235,CIK1558235,fundamentals,
1558294,CIK1558294,fundamentals,
1558432,CIK1558432,fundamentals,
1558441,CIK1558441,fundamentals,
1558465,CIK1558465,fundamentals,
1558583,CIK1558583,fundamentals,
1558785,CIK1558785,fundamentals,
1558902,CIK1558902,fundamentals,
1558989,CIK1558989,fundamentals,
1559001,CIK1559001,fundamentals,
1559157,CIK1559157,fundamentals,
1559172,CIK1559172,fundamentals,
1559270,CIK1559270,fundamentals,
1559289,CIK1559289,fundamentals,
1559356,CIK1559356,fundamentals,
1559484,CIK1559484,fundamentals,
1559754,CIK1559754,fundamentals,
1559845,CIK1559845,fundamentals,
1559954,CIK1559954,fundamentals,
1559998,CIK1559998,fundamentals,
1560021,CIK1560021,fundamentals,
1560046,CIK1560046,fundamentals,
1560158,CIK1560158,fundamentals,
1560241,CIK1560241,fundamentals,
1560443,CIK1560443,fundamentals,
1560449,CIK1560449,fundamentals,
1560452,CIK1560452,fundamentals,
1560905,CIK1560905,fundamentals,
1561092,CIK1561092,fundamentals,
1561180,CIK1561180,fundamentals,
1561196,CIK1561196,fundamentals,
1561206,CIK1561206,fundamentals,
1561257,CIK1561257,fundamentals,
1561299,CIK1561299,fundamentals,
1561387,CIK1561387,fundamentals,
1561399,CIK1561399,fundamentals,
1561504,CIK1561504,fundamentals,
1561551,CIK1561551,fundamentals,
1561622,CIK1561622,fundamentals,
1561627,CIK1561627,fundamentals,
1561660,CIK1561660,fundamentals,
1561679,CIK1561679,fundamentals,
1561686,CIK1561686,fundamentals,
1561697,CIK1561697,fundamentals,
1561743,CIK1561743,fundamentals,
1561781,CIK1561781,fundamentals,
1561782,CIK1561782,fundamentals,
1561865,CIK1561865,fundamentals,
1561880,CIK1561880,fundamentals,
1561951,CIK1561951,fundamentals,
1562039,CIK1562039,fundamentals,
1562107,CIK1562107,fundamentals,
1562201,CIK1562201,fundamentals,
1562214,CIK1562214,fundamentals,
1562498,CIK1562498,fundamentals,
1562594,CIK1562594,fundamentals,
1562622,CIK1562622,fundamentals,
1562636,CIK1562636,fundamentals,
1562738,CIK1562738,fundamentals,
1562872,CIK1562872,fundamentals,
1563004,CIK1563004,fundamentals,
1563227,CIK1563227,fundamentals,
1563298,CIK1563298,fundamentals,
1563315,CIK1563315,fundamentals,
1563407,CIK1563407,fundamentals,
1563463,CIK1563463,fundamentals,
1563536,CIK1563536,fundamentals,
1563699,CIK1563699,fundamentals,
1563756,CIK1563756,fundamentals,
1563855,CIK1563855,fundamentals,
1563915,CIK1563915,fundamentals,
1563922,CIK1563922,fundamentals,
1564273,CIK1564273,fundamentals,
1564406,CIK1564406,fundamentals,
1564609,CIK1564609,fundamentals,
1564610,CIK1564610,fundamentals,
1564618,CIK1564618,fundamentals,
1564657,CIK1564657,fundamentals,
1564709,CIK1564709,fundamentals,
1564822,CIK1564822,fundamentals,
1564824,CIK1564824,fundamentals,
1564863,CIK1564863,fundamentals,
1565220,CIK1565220,fundamentals,
1565248,CIK1565248,fundamentals,
1565337,CIK1565337,fundamentals,
1565383,CIK1565383,fundamentals,
1565430,CIK1565430,fundamentals,
1565487,CIK1565487,fundamentals,
1565640,CIK1565640,fundamentals,
1565700,CIK1565700,fundamentals,
1566011,CIK1566011,fundamentals,
1566039,CIK1566039,fundamentals,
1566049,CIK1566049,fundamentals,
1566243,CIK1566243,fundamentals,
1566265,CIK1566265,fundamentals,
1566373,CIK1566373,fundamentals,
1566445,CIK1566445,fundamentals,
1566469,CIK1566469,fundamentals,
1566561,CIK1566561,fundamentals,
1566895,CIK1566895,fundamentals,
1566897,CIK1566897,fundamentals,
1566912,CIK1566912,fundamentals,
1566978,CIK1566978,fundamentals,
1567098,CIK1567098,fundamentals,
1567345,CIK1567345,fundamentals,
1567388,CIK1567388,fundamentals,
1567503,CIK1567503,fundamentals,
1567514,CIK1567514,fundamentals,
1567517,CIK1567517,fundamentals,
1567520,CIK1567520,fundamentals,
1567771,CIK1567771,fundamentals,
1567802,CIK1567802,fundamentals,
1567852,CIK1567852,fundamentals,
1567860,CIK1567860,fundamentals,
1567865,CIK1567865,fundamentals,
1567892,CIK1567892,fundamentals,
1568079,CIK1568079,fundamentals,
1568139,CIK1568139,fundamentals,
1568162,CIK1568162,fundamentals,
1568319,CIK1568319,fundamentals,
1568427,CIK1568427,fundamentals,
1568669,CIK1568669,fundamentals,
1568693,CIK1568693,fundamentals,
1568832,CIK1568832,fundamentals,
1568875,CIK1568875,fundamentals,
1569055,CIK1569055,fundamentals,
1569083,CIK1569083,fundamentals,
1569134,CIK1569134,fundamentals,
1569329,CIK1569329,fundamentals,
1569389,CIK1569389,fundamentals,
1569391,CIK1569391,fundamentals,
1569568,CIK1569568,fundamentals,
1569737,CIK1569737,fundamentals,
1570279,CIK1570279,fundamentals,
1570649,CIK1570649,fundamentals,
1570774,CIK1570774,fundamentals,
1571088,CIK1571088,fundamentals,
1571116,CIK1571116,fundamentals,
1571274,CIK1571274,fundamentals,
1571329,CIK1571329,fundamentals,
1571371,CIK1571371,fundamentals,
1571384,CIK1571384,fundamentals,
1571398,CIK1571398,fundamentals,
1571498,CIK1571498,fundamentals,
1571636,CIK1571636,fundamentals,
1571759,CIK1571759,fundamentals,
1571804,CIK1571804,fundamentals,
1571833,CIK1571833,fundamentals,
1572317,CIK1572317,fundamentals,
1572384,CIK1572384,fundamentals,
1572422,CIK1572422,fundamentals,
1572552,CIK1572552,fundamentals,
1572565,CIK1572565,fundamentals,
1572684,CIK1572684,fundamentals,
1572699,CIK1572699,fundamentals,
1572702,CIK1572702,fundamentals,
1572758,CIK1572758,fundamentals,
1572840,CIK1572840,fundamentals,
1572910,CIK1572910,fundamentals,
1572983,CIK1572983,fundamentals,
1573097,CIK1573097,fundamentals,
1573166,CIK1573166,fundamentals,
1573590,CIK1573590,fundamentals,
1573683,CIK1573683,fundamentals,
1573766,CIK1573766,fundamentals,
1574097,CIK1574097,fundamentals,
1574135,CIK1574135,fundamentals,
1574186,CIK1574186,fundamentals,
1574291,CIK1574291,fundamentals,
1574300,CIK1574300,fundamentals,
1574460,CIK1574460,fundamentals,
1574532,CIK1574532,fundamentals,
1574540,CIK1574540,fundamentals,
1574596,CIK1574596,fundamentals,
1574648,CIK1574648,fundamentals,
1574672,CIK1574672,fundamentals,
1574774,CIK1574774,fundamentals,
1574815,CIK1574815,fundamentals,
1574863,CIK1574863,fundamentals,
1574910,CIK1574910,fundamentals,
1574946,CIK1574946,fundamentals,
1574963,CIK1574963,fundamentals,
1574969,CIK1574969,fundamentals,
1575048,CIK1575048,fundamentals,
1575051,CIK1575051,fundamentals,
1575189,CIK1575189,fundamentals,
1575259,CIK1575259,fundamentals,
1575295,CIK1575295,fundamentals,
1575319,CIK1575319,fundamentals,
1575345,CIK1575345,fundamentals,
1575360,CIK1575360,fundamentals,
1575420,CIK1575420,fundamentals,
1575428,CIK1575428,fundamentals,
1575434,CIK1575434,fundamentals,
1575571,CIK1575571,fundamentals,
1575599,CIK1575599,fundamentals,
1575659,CIK1575659,fundamentals,
1575810,CIK1575810,fundamentals,
1575879,CIK1575879,fundamentals,
1575913,CIK1575913,fundamentals,
1575975,CIK1575975,fundamentals,
1575988,CIK1575988,fundamentals,
1576044,CIK1576044,fundamentals,
1576169,CIK1576169,fundamentals,
1576263,CIK1576263,fundamentals,
1576336,CIK1576336,fundamentals,
1576575,CIK1576575,fundamentals,
1576678,CIK1576678,fundamentals,
1576724,CIK1576724,fundamentals,
1576778,CIK1576778,fundamentals,
1576914,CIK1576914,fundamentals,
1577095,CIK1577095,fundamentals,
1577189,CIK1577189,fundamentals,
1577230,CIK1577230,fundamentals,
1577368,CIK1577368,fundamentals,
1577416,CIK1577416,fundamentals,
1577423,CIK1577423,fundamentals,
1577603,CIK1577603,fundamentals,
1577785,CIK1577785,fundamentals,
1577882,CIK1577882,fundamentals,
1577898,CIK1577898,fundamentals,
1577916,CIK1577916,fundamentals,
1578086,CIK1578086,fundamentals,
1578305,CIK1578305,fundamentals,
1578318,CIK1578318,fundamentals,
1578327,CIK1578327,fundamentals,
1578328,CIK1578328,fundamentals,
1578329,CIK1578329,fundamentals,
1578505,CIK1578505,fundamentals,
1578523,CIK1578523,fundamentals,
1578685,CIK1578685,fundamentals,
1578731,CIK1578731,fundamentals,
1578735,CIK1578735,fundamentals,
1578742,CIK1578742,fundamentals,
1578776,CIK1578776,fundamentals,
1578845,CIK1578845,fundamentals,
1578932,CIK1578932,fundamentals,
1579010,CIK1579010,fundamentals,
1579252,CIK1579252,fundamentals,
1579471,CIK1579471,fundamentals,
1579541,CIK1579541,fundamentals,
1579717,CIK1579717,fundamentals,
1579823,CIK1579823,fundamentals,
1579910,CIK1579910,fundamentals,
1580063,CIK1580063,fundamentals,
1580095,CIK1580095,fundamentals,
1580156,CIK1580156,fundamentals,
1580167,CIK1580167,fundamentals,
1580185,CIK1580185,fundamentals,
1580264,CIK1580264,fundamentals,
1580276,CIK1580276,fundamentals,
1580297,CIK1580297,fundamentals,
1580426,CIK1580426,fundamentals,
1580443,CIK1580443,fundamentals,
1580485,CIK1580485,fundamentals,
1580552,CIK1580552,fundamentals,
1580608,CIK1580608,fundamentals,
1580673,CIK1580673,fundamentals,
1580676,CIK1580676,fundamentals,
1580836,CIK1580836,fundamentals,
1580883,CIK1580883,fundamentals,
1580988,CIK1580988,fundamentals,
1581164,CIK1581164,fundamentals,
1581220,CIK1581220,fundamentals,
1581223,CIK1581223,fundamentals,
1581312,CIK1581312,fundamentals,
1581316,CIK1581316,fundamentals,
1581378,CIK1581378,fundamentals,
1581405,CIK1581405,fundamentals,
1581545,CIK1581545,fundamentals,
1581552,CIK1581552,fundamentals,
1581607,CIK1581607,fundamentals,
1581720,CIK1581720,fundamentals,
1581776,CIK1581776,fundamentals,
1581874,CIK1581874,fundamentals,
1581889,CIK1581889,fundamentals,
1581908,CIK1581908,fundamentals,
1582054,CIK1582054,fundamentals,
1582086,CIK1582086,fundamentals,
1582244,CIK1582244,fundamentals,
1582249,CIK1582249,fundamentals,
1582341,CIK1582341,fundamentals,
1582568,CIK1582568,fundamentals,
1582576,CIK1582576,fundamentals,
1582586,CIK1582586,fundamentals,
1582589,CIK1582589,fundamentals,
1582616,CIK1582616,fundamentals,
1582718,CIK1582718,fundamentals,
1582741,CIK1582741,fundamentals,
1582919,CIK1582919,fundamentals,
1582962,CIK1582962,fundamentals,
1582966,CIK1582966,fundamentals,
1583077,CIK1583077,fundamentals,
1583103,CIK1583103,fundamentals,
1583138,CIK1583138,fundamentals,
1583513,CIK1583513,fundamentals,
1583671,CIK1583671,fundamentals,
1583744,CIK1583744,fundamentals,
1583773,CIK1583773,fundamentals,
1584057,CIK1584057,fundamentals,
1584104,CIK1584104,fundamentals,
1584137,CIK1584137,fundamentals,
1584423,CIK1584423,fundamentals,
1584489,CIK1584489,fundamentals,
1584584,CIK1584584,fundamentals,
1584701,CIK1584701,fundamentals,
1584751,CIK1584751,fundamentals,
1584754,CIK1584754,fundamentals,
1584770,CIK1584770,fundamentals,
1584952,CIK1584952,fundamentals,
1585002,CIK1585002,fundamentals,
1585023,CIK1585023,fundamentals,
1585064,CIK1585064,fundamentals,
1585149,CIK1585149,fundamentals,
1585219,CIK1585219,fundamentals,
1585583,CIK1585583,fundamentals,
1585644,CIK1585644,fundamentals,
1585738,CIK1585738,fundamentals,
1585755,CIK1585755,fundamentals,
1585790,CIK1585790,fundamentals,
1585854,CIK1585854,fundamentals,
1586049,CIK1586049,fundamentals,
1586105,CIK1586105,fundamentals,
1586227,CIK1586227,fundamentals,
1586300,CIK1586300,fundamentals,
1586372,CIK1586372,fundamentals,
1586452,CIK1586452,fundamentals,
1586454,CIK1586454,fundamentals,
1586468,CIK1586468,fundamentals,
1586494,CIK1586494,fundamentals,
1586495,CIK1586495,fundamentals,
1586513,CIK1586513,fundamentals,
1586573,CIK1586573,fundamentals,
1586609,CIK1586609,fundamentals,
1586727,CIK1586727,fundamentals,
1586988,CIK1586988,fundamentals,
1587063,CIK1587063,fundamentals,
1587221,CIK1587221,fundamentals,
1587246,CIK1587246,fundamentals,
1587285,CIK1587285,fundamentals,
1587413,CIK1587413,fundamentals,
1587476,CIK1587476,fundamentals,
1587637,CIK1587637,fundamentals,
1587755,CIK1587755,fundamentals,
1588216,CIK1588216,fundamentals,
1588238,CIK1588238,fundamentals,
1588242,CIK1588242,fundamentals,
1588272,CIK1588272,fundamentals,
1588869,CIK1588869,fundamentals,
1588972,CIK1588972,fundamentals,
1589094,CIK1589094,fundamentals,
1589096,CIK1589096,fundamentals,
1589361,CIK1589361,fundamentals,
1589919,CIK1589919,fundamentals,
1590044,CIK1590044,fundamentals,
1590383,CIK1590383,fundamentals,
1590496,CIK1590496,fundamentals,
1590565,CIK1590565,fundamentals,
1590685,CIK1590685,fundamentals,
1590695,CIK1590695,fundamentals,
1590743,CIK1590743,fundamentals,
1590799,CIK1590799,fundamentals,
1591096,CIK1591096,fundamentals,
1591157,CIK1591157,fundamentals,
1591165,CIK1591165,fundamentals,
1591330,CIK1591330,fundamentals,
1591387,CIK1591387,fundamentals,
1591517,CIK1591517,fundamentals,
1591565,CIK1591565,fundamentals,
1591587,CIK1591587,fundamentals,
1591615,CIK1591615,fundamentals,
1591763,CIK1591763,fundamentals,
1591768,CIK1591768,fundamentals,
1591834,CIK1591834,fundamentals,
1591877,CIK1591877,fundamentals,
1592000,CIK1592000,fundamentals,
1592016,CIK1592016,fundamentals,
1592057,CIK1592057,fundamentals,
1592058,CIK1592058,fundamentals,
1592107,CIK1592107,fundamentals,
1592288,CIK1592288,fundamentals,
1592329,CIK1592329,fundamentals,
1592365,CIK1592365,fundamentals,
1592379,CIK1592379,fundamentals,
1592407,CIK1592407,fundamentals,
1592411,CIK1592411,fundamentals,
1592480,CIK1592480,fundamentals,
1592592,CIK1592592,fundamentals,
1592603,CIK1592603,fundamentals,
1592706,CIK1592706,fundamentals,
1592745,CIK1592745,fundamentals,
1592782,CIK1592782,fundamentals,
1592998,CIK1592998,fundamentals,
1593034,CIK1593034,fundamentals,
1593195,CIK1593195,fundamentals,
1593204,CIK1593204,fundamentals,
1593222,CIK1593222,fundamentals,
1593470,CIK1593470,fundamentals,
1593548,CIK1593548,fundamentals,
1593773,CIK1593773,fundamentals,
1593936,CIK1593936,fundamentals,
1594012,CIK1594012,fundamentals,
1594109,CIK1594109,fundamentals,
1594114,CIK1594114,fundamentals,
1594219,CIK1594219,fundamentals,
1594337,CIK1594337,fundamentals,
1594420,CIK1594420,fundamentals,
1594466,CIK1594466,fundamentals,
1594485,CIK1594485,fundamentals,
1594555,CIK1594555,fundamentals,
1594590,CIK1594590,fundamentals,
1594617,CIK1594617,fundamentals,
1594686,CIK1594686,fundamentals,
1594864,CIK1594864,fundamentals,
1594879,CIK1594879,fundamentals,
1595140,CIK1595140,fundamentals,
1595262,CIK1595262,fundamentals,
1595326,CIK1595326,fundamentals,
1595552,CIK1595552,fundamentals,
1595585,CIK1595585,fundamentals,
1595627,CIK1595627,fundamentals,
1595893,CIK1595893,fundamentals,
1596062,CIK1596062,fundamentals,
1596089,CIK1596089,fundamentals,
1596448,CIK1596448,fundamentals,
1596783,CIK1596783,fundamentals,
1596946,CIK1596946,fundamentals,
1597131,CIK1597131,fundamentals,
1597264,CIK1597264,fundamentals,
1597313,CIK1597313,fundamentals,
1597483,CIK1597483,fundamentals,
1597503,CIK1597503,fundamentals,
1597553,CIK1597553,fundamentals,
1597929,CIK1597929,fundamentals,
1598014,CIK1598014,fundamentals,
1598308,CIK1598308,fundamentals,
1598323,CIK1598323,fundamentals,
1598674,CIK1598674,fundamentals,
1598683,CIK1598683,fundamentals,
1598776,CIK1598776,fundamentals,
1598893,CIK1598893,fundamentals,
1598924,CIK1598924,fundamentals,
1598968,CIK1598968,fundamentals,
1599222,CIK1599222,fundamentals,
1599385,CIK1599385,fundamentals,
1599414,CIK1599414,fundamentals,
1599489,CIK1599489,fundamentals,
1599891,CIK1599891,fundamentals,
1599901,CIK1599901,fundamentals,
1599947,CIK1599947,fundamentals,
1600065,CIK1600065,fundamentals,
1600125,CIK1600125,fundamentals,
1600132,CIK1600132,fundamentals,
1600249,CIK1600249,fundamentals,
1600347,CIK1600347,fundamentals,
1600422,CIK1600422,fundamentals,
1600438,CIK1600438,fundamentals,
1600470,CIK1600470,fundamentals,
1600508,CIK1600508,fundamentals,
1600694,CIK1600694,fundamentals,
1600750,CIK1600750,fundamentals,
1600774,CIK1600774,fundamentals,
1600784,CIK1600784,fundamentals,
1600847,CIK1600847,fundamentals,
1600890,CIK1600890,fundamentals,
1601280,CIK1601280,fundamentals,
1601347,CIK1601347,fundamentals,
1601545,CIK1601545,fundamentals,
1601602,CIK1601602,fundamentals,
1601669,CIK1601669,fundamentals,
1602065,CIK1602065,fundamentals,
1602078,CIK1602078,fundamentals,
1602143,CIK1602143,fundamentals,
1602367,CIK1602367,fundamentals,
1602381,CIK1602381,fundamentals,
1602706,CIK1602706,fundamentals,
1602813,CIK1602813,fundamentals,
1602929,CIK1602929,fundamentals,
1602949,CIK1602949,fundamentals,
1603207,CIK1603207,fundamentals,
1603286,CIK1603286,fundamentals,
1603480,CIK1603480,fundamentals,
1603494,CIK1603494,fundamentals,
1603671,CIK1603671,fundamentals,
1603756,CIK1603756,fundamentals,
1603794,CIK1603794,fundamentals,
1603969,CIK1603969,fundamentals,
1604082,CIK1604082,fundamentals,
1604416,CIK1604416,fundamentals,
1604477,CIK1604477,fundamentals,
1604627,CIK1604627,fundamentals,
1604643,CIK1604643,fundamentals,
1604738,CIK1604738,fundamentals,
1604906,CIK1604906,fundamentals,
1604930,CIK1604930,fundamentals,
1604950,CIK1604950,fundamentals,
1605024,CIK1605024,fundamentals,
1605607,CIK1605607,fundamentals,
1605674,CIK1605674,fundamentals,
1605740,CIK1605740,fundamentals,
1605780,CIK1605780,fundamentals,
1605810,CIK1605810,fundamentals,
1605931,CIK1605931,fundamentals,
1605997,CIK1605997,fundamentals,
1606069,CIK1606069,fundamentals,
1606180,CIK1606180,fundamentals,
1606219,CIK1606219,fundamentals,
1606254,CIK1606254,fundamentals,
1606355,CIK1606355,fundamentals,
1606363,CIK1606363,fundamentals,
1606364,CIK1606364,fundamentals,
1606440,CIK1606440,fundamentals,
1606645,CIK1606645,fundamentals,
1606698,CIK1606698,fundamentals,
1606699,CIK1606699,fundamentals,
1606700,CIK1606700,fundamentals,
1606736,CIK1606736,fundamentals,
1606745,CIK1606745,fundamentals,
1606808,CIK1606808,fundamentals,
1606965,CIK1606965,fundamentals,
1607250,CIK1607250,fundamentals,
1607281,CIK1607281,fundamentals,
1607302,CIK1607302,fundamentals,
1607450,CIK1607450,fundamentals,
1607549,CIK1607549,fundamentals,
1607679,CIK1607679,fundamentals,
1607716,CIK1607716,fundamentals,
1607741,CIK1607741,fundamentals,
1608104,CIK1608104,fundamentals,
1608109,CIK1608109,fundamentals,
1608249,CIK1608249,fundamentals,
1608269,CIK1608269,fundamentals,
1608298,CIK1608298,fundamentals,
1608429,CIK1608429,fundamentals,
1608430,CIK1608430,fundamentals,
1608638,CIK1608638,fundamentals,
1609132,CIK1609132,fundamentals,
1609139,CIK1609139,fundamentals,
1609234,CIK1609234,fundamentals,
1609319,CIK1609319,fundamentals,
1609351,CIK1609351,fundamentals,
1609471,CIK1609471,fundamentals,
1609472,CIK1609472,fundamentals,
1609702,CIK1609702,fundamentals,
1609727,CIK1609727,fundamentals,
1609865,CIK1609865,fundamentals,
1609866,CIK1609866,fundamentals,
1609880,CIK1609880,fundamentals,
16099,CIK16099,fundamentals,
1609951,CIK1609951,fundamentals,
1609988,CIK1609988,fundamentals,
1609989,CIK1609989,fundamentals,
1610092,CIK1610092,fundamentals,
1610114,CIK1610114,fundamentals,
16104,CIK16104,fundamentals,
1610418,CIK1610418,fundamentals,
1610457,CIK1610457,fundamentals,
1610462,CIK1610462,fundamentals,
1610466,CIK1610466,fundamentals,
1610473,CIK1610473,fundamentals,
1610532,CIK1610532,fundamentals,
1610607,CIK1610607,fundamentals,
1610618,CIK1610618,fundamentals,
1610754,CIK1610754,fundamentals,
1610764,CIK1610764,fundamentals,
1610785,CIK1610785,fundamentals,
1610793,CIK1610793,fundamentals,
1610804,CIK1610804,fundamentals,
1610834,CIK1610834,fundamentals,
1610950,CIK1610950,fundamentals,
1610979,CIK1610979,fundamentals,
1611019,CIK1611019,fundamentals,
1611110,CIK1611110,fundamentals,
1611231,CIK1611231,fundamentals,
1611277,CIK1611277,fundamentals,
1611282,CIK1611282,fundamentals,
1611702,CIK1611702,fundamentals,
1611742,CIK1611742,fundamentals,
1611852,CIK1611852,fundamentals,
1611988,CIK1611988,fundamentals,
1612188,CIK1612188,fundamentals,
1612252,CIK1612252,fundamentals,
1612253,CIK1612253,fundamentals,
1612254,CIK1612254,fundamentals,
1612624,CIK1612624,fundamentals,
1612851,CIK1612851,fundamentals,
1613011,CIK1613011,fundamentals,
1613394,CIK1613394,fundamentals,
1613665,CIK1613665,fundamentals,
1613685,CIK1613685,fundamentals,
1613809,CIK1613809,fundamentals,
1613859,CIK1613859,fundamentals,
1613895,CIK1613895,fundamentals,
1614067,CIK1614067,fundamentals,
1614083,CIK1614083,fundamentals,
1614106,CIK1614106,fundamentals,
1614184,CIK1614184,fundamentals,
1614436,CIK1614436,fundamentals,
1614466,CIK1614466,fundamentals,
1614502,CIK1614502,fundamentals,
1614540,CIK1614540,fundamentals,
1614556,CIK1614556,fundamentals,
1614818,CIK1614818,fundamentals,
1614826,CIK1614826,fundamentals,
1614924,CIK1614924,fundamentals,
1614976,CIK1614976,fundamentals,
1615055,CIK1615055,fundamentals,
1615153,CIK1615153,fundamentals,
1615169,CIK1615169,fundamentals,
1615222,CIK1615222,fundamentals,
1615346,CIK1615346,fundamentals,
1615368,CIK1615368,fundamentals,
1615418,CIK1615418,fundamentals,
1615780,CIK1615780,fundamentals,
1615817,CIK1615817,fundamentals,
1615892,CIK1615892,fundamentals,
1615942,CIK1615942,fundamentals,
1615999,CIK1615999,fundamentals,
1616093,CIK1616093,fundamentals,
1616101,CIK1616101,fundamentals,
1616212,CIK1616212,fundamentals,
1616297,CIK1616297,fundamentals,
1616314,CIK1616314,fundamentals,
1616318,CIK1616318,fundamentals,
1616495,CIK1616495,fundamentals,
1616741,CIK1616741,fundamentals,
1616788,CIK1616788,fundamentals,
1616817,CIK1616817,fundamentals,
1617227,CIK1617227,fundamentals,
1617291,CIK1617291,fundamentals,
1617351,CIK1617351,fundamentals,
1617431,CIK1617431,fundamentals,
1617667,CIK1617667,fundamentals,
1617669,CIK1617669,fundamentals,
1617686,CIK1617686,fundamentals,
1617765,CIK1617765,fundamentals,
1617798,CIK1617798,fundamentals,
1617898,CIK1617898,fundamentals,
1617977,CIK1617977,fundamentals,
1618561,CIK1618561,fundamentals,
1618694,CIK1618694,fundamentals,
1618696,CIK1618696,fundamentals,
1618697,CIK1618697,fundamentals,
1618798,CIK1618798,fundamentals,
1618921,CIK1618921,fundamentals,
1618930,CIK1618930,fundamentals,
1619055,CIK1619055,fundamentals,
1619087,CIK1619087,fundamentals,
1619174,CIK1619174,fundamentals,
1619250,CIK1619250,fundamentals,
1619409,CIK1619409,fundamentals,
1619541,CIK1619541,fundamentals,
1619551,CIK1619551,fundamentals,
1619558,CIK1619558,fundamentals,
1619739,CIK1619739,fundamentals,
1619870,CIK1619870,fundamentals,
1619914,CIK1619914,fundamentals,
1619917,CIK1619917,fundamentals,
1619954,CIK1619954,fundamentals,
1620053,CIK1620053,fundamentals,
1620070,CIK1620070,fundamentals,
1620179,CIK1620179,fundamentals,
1620280,CIK1620280,fundamentals,
1620546,CIK1620546,fundamentals,
1620702,CIK1620702,fundamentals,
1620908,CIK1620908,fundamentals,
1620928,CIK1620928,fundamentals,
1621199,CIK1621199,fundamentals,
1621430,CIK1621430,fundamentals,
1621443,CIK1621443,fundamentals,
1621499,CIK1621499,fundamentals,
1621563,CIK1621563,fundamentals,
1621697,CIK1621697,fundamentals,
1622057,CIK1622057,fundamentals,
1622175,CIK1622175,fundamentals,
1622231,CIK1622231,fundamentals,
1622353,CIK1622353,fundamentals,
1622408,CIK1622408,fundamentals,
1622491,CIK1622491,fundamentals,
1622537,CIK1622537,fundamentals,
1622577,CIK1622577,fundamentals,
1622620,CIK1622620,fundamentals,
1622676,CIK1622676,fundamentals,
1622767,CIK1622767,fundamentals,
1622822,CIK1622822,fundamentals,
1622867,CIK1622867,fundamentals,
1622879,CIK1622879,fundamentals,
1622893,CIK1622893,fundamentals,
1623013,CIK1623013,fundamentals,
1623016,CIK1623016,fundamentals,
1623024,CIK1623024,fundamentals,
1623077,CIK1623077,fundamentals,
1623360,CIK1623360,fundamentals,
1623554,CIK1623554,fundamentals,
1623590,CIK1623590,fundamentals,
1623595,CIK1623595,fundamentals,
1623613,CIK1623613,fundamentals,
1623715,CIK1623715,fundamentals,
1623919,CIK1623919,fundamentals,
1624025,CIK1624025,fundamentals,
1624140,CIK1624140,fundamentals,
1624203,CIK1624203,fundamentals,
1624644,CIK1624644,fundamentals,
1624658,CIK1624658,fundamentals,
1624826,CIK1624826,fundamentals,
1624899,CIK1624899,fundamentals,
1624982,CIK1624982,fundamentals,
1625042,CIK1625042,fundamentals,
1625095,CIK1625095,fundamentals,
1625285,CIK1625285,fundamentals,
1625288,CIK1625288,fundamentals,
1625376,CIK1625376,fundamentals,
1625584,CIK1625584,fundamentals,
1625703,CIK1625703,fundamentals,
1625941,CIK1625941,fundamentals,
1626078,CIK1626078,fundamentals,
1626199,CIK1626199,fundamentals,
1626556,CIK1626556,fundamentals,
1626696,CIK1626696,fundamentals,
1626853,CIK1626853,fundamentals,
1627014,CIK1627014,fundamentals,
1627041,CIK1627041,fundamentals,
1627452,CIK1627452,fundamentals,
1627469,CIK1627469,fundamentals,
1627487,CIK1627487,fundamentals,
1627554,CIK1627554,fundamentals,
1627611,CIK1627611,fundamentals,
1627631,CIK1627631,fundamentals,
1627811,CIK1627811,fundamentals,
1627857,CIK1627857,fundamentals,
1628104,CIK1628104,fundamentals,
1628175,CIK1628175,fundamentals,
1628228,CIK1628228,fundamentals,
1628468,CIK1628468,fundamentals,
1628738,CIK1628738,fundamentals,
1628739,CIK1628739,fundamentals,
1628871,CIK1628871,fundamentals,
1628945,CIK1628945,fundamentals,
1629137,CIK1629137,fundamentals,
1629205,CIK1629205,fundamentals,
1629261,CIK1629261,fundamentals,
1629606,CIK1629606,fundamentals,
1629665,CIK1629665,fundamentals,
1629702,CIK1629702,fundamentals,
1629995,CIK1629995,fundamentals,
1630132,CIK1630132,fundamentals,
1630391,CIK1630391,fundamentals,
1630430,CIK1630430,fundamentals,
1630856,CIK1630856,fundamentals,
1630940,CIK1630940,fundamentals,
1630970,CIK1630970,fundamentals,
1631001,CIK1631001,fundamentals,
1631256,CIK1631256,fundamentals,
1631282,CIK1631282,fundamentals,
1631547,CIK1631547,fundamentals,
1631650,CIK1631650,fundamentals,
1631825,CIK1631825,fundamentals,
1632053,CIK1632053,fundamentals,
1632081,CIK1632081,fundamentals,
1632275,CIK1632275,fundamentals,
1632276,CIK1632276,fundamentals,
1632312,CIK1632312,fundamentals,
1632323,CIK1632323,fundamentals,
1632933,CIK1632933,fundamentals,
1633070,CIK1633070,fundamentals,
1633142,CIK1633142,fundamentals,
1633651,CIK1633651,fundamentals,
1633858,CIK1633858,fundamentals,
1633932,CIK1633932,fundamentals,
1634038,CIK1634038,fundamentals,
1634052,CIK1634052,fundamentals,
1634291,CIK1634291,fundamentals,
1634379,CIK1634379,fundamentals,
1634408,CIK1634408,fundamentals,
1634413,CIK1634413,fundamentals,
1634421,CIK1634421,fundamentals,
1634423,CIK1634423,fundamentals,
1634424,CIK1634424,fundamentals,
1634432,CIK1634432,fundamentals,
1634447,CIK1634447,fundamentals,
1634452,CIK1634452,fundamentals,
1634912,CIK1634912,fundamentals,
1634942,CIK1634942,fundamentals,
1634997,CIK1634997,fundamentals,
1635136,CIK1635136,fundamentals,
1635261,CIK1635261,fundamentals,
1635341,CIK1635341,fundamentals,
1635484,CIK1635484,fundamentals,
1635538,CIK1635538,fundamentals,
1635581,CIK1635581,fundamentals,
1635607,CIK1635607,fundamentals,
1635626,CIK1635626,fundamentals,
1635650,CIK1635650,fundamentals,
1635718,CIK1635718,fundamentals,
1635748,CIK1635748,fundamentals,
1635840,CIK1635840,fundamentals,
1635863,CIK1635863,fundamentals,
1635881,CIK1635881,fundamentals,
1635965,CIK1635965,fundamentals,
1635984,CIK1635984,fundamentals,
1636023,CIK1636023,fundamentals,
1636050,CIK1636050,fundamentals,
1636286,CIK1636286,fundamentals,
1636300,CIK1636300,fundamentals,
1636315,CIK1636315,fundamentals,
1636509,CIK1636509,fundamentals,
1636760,CIK1636760,fundamentals,
1637197,CIK1637197,fundamentals,
1637242,CIK1637242,fundamentals,
1637558,CIK1637558,fundamentals,
1637655,CIK1637655,fundamentals,
1637736,CIK1637736,fundamentals,
1637757,CIK1637757,fundamentals,
1637761,CIK1637761,fundamentals,
1637866,CIK1637866,fundamentals,
1637880,CIK1637880,fundamentals,
1637913,CIK1637913,fundamentals,
1638058,CIK1638058,fundamentals,
1638381,CIK1638381,fundamentals,
1639143,CIK1639143,fundamentals,
1639225,CIK1639225,fundamentals,
1639234,CIK1639234,fundamentals,
1639327,CIK1639327,fundamentals,
1639669,CIK1639669,fundamentals,
1639836,CIK1639836,fundamentals,
1639874,CIK1639874,fundamentals,
1639947,CIK1639947,fundamentals,
1640265,CIK1640265,fundamentals,
1640313,CIK1640313,fundamentals,
1640455,CIK1640455,fundamentals,
1640967,CIK1640967,fundamentals,
1640982,CIK1640982,fundamentals,
1640997,CIK1640997,fundamentals,
1641129,CIK1641129,fundamentals,
1641197,CIK1641197,fundamentals,
1641488,CIK1641488,fundamentals,
1641521,CIK1641521,fundamentals,
1641640,CIK1641640,fundamentals,
1641751,CIK1641751,fundamentals,
1641991,CIK1641991,fundamentals,
1642081,CIK1642081,fundamentals,
1642223,CIK1642223,fundamentals,
1642363,CIK1642363,fundamentals,
1642375,CIK1642375,fundamentals,
1642453,CIK1642453,fundamentals,
1642545,CIK1642545,fundamentals,
1642862,CIK1642862,fundamentals,
1642985,CIK1642985,fundamentals,
1643194,CIK1643194,fundamentals,
1643269,CIK1643269,fundamentals,
1643301,CIK1643301,fundamentals,
1643319,CIK1643319,fundamentals,
1643542,CIK1643542,fundamentals,
1643848,CIK1643848,fundamentals,
1643930,CIK1643930,fundamentals,
1643988,CIK1643988,fundamentals,
1644149,CIK1644149,fundamentals,
1644406,CIK1644406,fundamentals,
1644440,CIK1644440,fundamentals,
1644482,CIK1644482,fundamentals,
1644488,CIK1644488,fundamentals,
1644509,CIK1644509,fundamentals,
1644675,CIK1644675,fundamentals,
1644825,CIK1644825,fundamentals,
1644869,CIK1644869,fundamentals,
1644889,CIK1644889,fundamentals,
1645026,CIK1645026,fundamentals,
1645070,CIK1645070,fundamentals,
1645260,CIK1645260,fundamentals,
1645316,CIK1645316,fundamentals,
1645494,CIK1645494,fundamentals,
1645569,CIK1645569,fundamentals,
1645842,CIK1645842,fundamentals,
1645926,CIK1645926,fundamentals,
1646228,CIK1646228,fundamentals,
1646383,CIK1646383,fundamentals,
1646576,CIK1646576,fundamentals,
1646587,CIK1646587,fundamentals,
1646614,CIK1646614,fundamentals,
1646916,CIK1646916,fundamentals,
1647170,CIK1647170,fundamentals,
1647339,CIK1647339,fundamentals,
1647509,CIK1647509,fundamentals,
1647513,CIK1647513,fundamentals,
1647705,CIK1647705,fundamentals,
1647771,CIK1647771,fundamentals,
1648104,CIK1648104,fundamentals,
1648365,CIK1648365,fundamentals,
1648383,CIK1648383,fundamentals,
1648428,CIK1648428,fundamentals,
1648893,CIK1648893,fundamentals,
1648903,CIK1648903,fundamentals,
1648955,CIK1648955,fundamentals,
1649173,CIK1649173,fundamentals,
1649338,CIK1649338,fundamentals,
1649345,CIK1649345,fundamentals,
1649676,CIK1649676,fundamentals,
1649709,CIK1649709,fundamentals,
1649881,CIK1649881,fundamentals,
1650203,CIK1650203,fundamentals,
1650204,CIK1650204,fundamentals,
1650205,CIK1650205,fundamentals,
1650445,CIK1650445,fundamentals,
1650505,CIK1650505,fundamentals,
1650739,CIK1650739,fundamentals,
1650962,CIK1650962,fundamentals,
1651052,CIK1651052,fundamentals,
1651094,CIK1651094,fundamentals,
1651235,CIK1651235,fundamentals,
1651286,CIK1651286,fundamentals,
1651311,CIK1651311,fundamentals,
1651407,CIK1651407,fundamentals,
1651431,CIK1651431,fundamentals,
1651561,CIK1651561,fundamentals,
1651577,CIK1651577,fundamentals,
1651716,CIK1651716,fundamentals,
1651944,CIK1651944,fundamentals,
1651958,CIK1651958,fundamentals,
1651987,CIK1651987,fundamentals,
1652101,CIK1652101,fundamentals,
1652106,CIK1652106,fundamentals,
1652133,CIK1652133,fundamentals,
1652362,CIK1652362,fundamentals,
1652724,CIK1652724,fundamentals,
1652842,CIK1652842,fundamentals,
1652871,CIK1652871,fundamentals,
1652923,CIK1652923,fundamentals,
1652926,CIK1652926,fundamentals,
1653099,CIK1653099,fundamentals,
1653247,CIK1653247,fundamentals,
1653629,CIK1653629,fundamentals,
1653710,CIK1653710,fundamentals,
1653821,CIK1653821,fundamentals,
1653876,CIK1653876,fundamentals,
1653882,CIK1653882,fundamentals,
1653979,CIK1653979,fundamentals,
1654151,CIK1654151,fundamentals,
1654588,CIK1654588,fundamentals,
1654948,CIK1654948,fundamentals,
1655008,CIK1655008,fundamentals,
1655020,CIK1655020,fundamentals,
1655075,CIK1655075,fundamentals,
1655349,CIK1655349,fundamentals,
1655780,CIK1655780,fundamentals,
1655887,CIK1655887,fundamentals,
1655971,CIK1655971,fundamentals,
1656053,CIK1656053,fundamentals,
1656239,CIK1656239,fundamentals,
1656328,CIK1656328,fundamentals,
1656501,CIK1656501,fundamentals,
1656536,CIK1656536,fundamentals,
1656589,CIK1656589,fundamentals,
1656634,CIK1656634,fundamentals,
1656936,CIK1656936,fundamentals,
1657045,CIK1657045,fundamentals,
1657197,CIK1657197,fundamentals,
1657249,CIK1657249,fundamentals,
1657250,CIK1657250,fundamentals,
1657312,CIK1657312,fundamentals,
1657564,CIK1657564,fundamentals,
1657737,CIK1657737,fundamentals,
1657803,CIK1657803,fundamentals,
1658304,CIK1658304,fundamentals,
1658305,CIK1658305,fundamentals,
1658432,CIK1658432,fundamentals,
1658433,CIK1658433,fundamentals,
1658520,CIK1658520,fundamentals,
1658521,CIK1658521,fundamentals,
1658605,CIK1658605,fundamentals,
1658880,CIK1658880,fundamentals,
1659122,CIK1659122,fundamentals,
1659183,CIK1659183,fundamentals,
1659207,CIK1659207,fundamentals,
1659228,CIK1659228,fundamentals,
1659352,CIK1659352,fundamentals,
1659559,CIK1659559,fundamentals,
1659911,CIK1659911,fundamentals,
1660156,CIK1660156,fundamentals,
1660484,CIK1660484,fundamentals,
1660690,CIK1660690,fundamentals,
1660719,CIK1660719,fundamentals,
1660839,CIK1660839,fundamentals,
1660851,CIK1660851,fundamentals,
1661039,CIK1661039,fundamentals,
1661306,CIK1661306,fundamentals,
16614,CIK16614,fundamentals,
1661458,CIK1661458,fundamentals,
1661460,CIK1661460,fundamentals,
1661779,CIK1661779,fundamentals,
1661920,CIK1661920,fundamentals,
1662244,CIK1662244,fundamentals,
1662253,CIK1662253,fundamentals,
1662382,CIK1662382,fundamentals,
1662524,CIK1662524,fundamentals,
1662574,CIK1662574,fundamentals,
1662645,CIK1662645,fundamentals,
1662669,CIK1662669,fundamentals,
1662706,CIK1662706,fundamentals,
1662907,CIK1662907,fundamentals,
1663641,CIK1663641,fundamentals,
1664038,CIK1664038,fundamentals,
1664040,CIK1664040,fundamentals,
1664106,CIK1664106,fundamentals,
1664127,CIK1664127,fundamentals,
1664740,CIK1664740,fundamentals,
1664780,CIK1664780,fundamentals,
1664998,CIK1664998,fundamentals,
1665421,CIK1665421,fundamentals,
1665598,CIK1665598,fundamentals,
1665658,CIK1665658,fundamentals,
1665840,CIK1665840,fundamentals,
1666114,CIK1666114,fundamentals,
1666178,CIK1666178,fundamentals,
1666267,CIK1666267,fundamentals,
1666384,CIK1666384,fundamentals,
1666487,CIK1666487,fundamentals,
1667154,CIK1667154,fundamentals,
1667161,CIK1667161,fundamentals,
1667489,CIK1667489,fundamentals,
1667615,CIK1667615,fundamentals,
1667633,CIK1667633,fundamentals,
1667840,CIK1667840,fundamentals,
1667939,CIK1667939,fundamentals,
1667944,CIK1667944,fundamentals,
1668082,CIK1668082,fundamentals,
1668105,CIK1668105,fundamentals,
1668224,CIK1668224,fundamentals,
1668370,CIK1668370,fundamentals,
1668428,CIK1668428,fundamentals,
1668523,CIK1668523,fundamentals,
1668673,CIK1668673,fundamentals,
1669400,CIK1669400,fundamentals,
1669479,CIK1669479,fundamentals,
1669513,CIK1669513,fundamentals,
1669600,CIK1669600,fundamentals,
1669792,CIK1669792,fundamentals,
1669812,CIK1669812,fundamentals,
1670196,CIK1670196,fundamentals,
1670349,CIK1670349,fundamentals,
1670538,CIK1670538,fundamentals,
1670869,CIK1670869,fundamentals,
1670961,CIK1670961,fundamentals,
1671013,CIK1671013,fundamentals,
1671077,CIK1671077,fundamentals,
1671284,CIK1671284,fundamentals,
1671686,CIK1671686,fundamentals,
1671818,CIK1671818,fundamentals,
1671854,CIK1671854,fundamentals,
1671941,CIK1671941,fundamentals,
1672255,CIK1672255,fundamentals,
1672326,CIK1672326,fundamentals,
1672690,CIK1672690,fundamentals,
1672754,CIK1672754,fundamentals,
1672773,CIK1672773,fundamentals,
1672885,CIK1672885,fundamentals,
1672886,CIK1672886,fundamentals,
1672897,CIK1672897,fundamentals,
1672899,CIK1672899,fundamentals,
1672900,CIK1672900,fundamentals,
1672985,CIK1672985,fundamentals,
1673431,CIK1673431,fundamentals,
1673772,CIK1673772,fundamentals,
1673987,CIK1673987,fundamentals,
1674365,CIK1674365,fundamentals,
1674760,CIK1674760,fundamentals,
1675192,CIK1675192,fundamentals,
1675442,CIK1675442,fundamentals,
1675583,CIK1675583,fundamentals,
1675634,CIK1675634,fundamentals,
1675820,CIK1675820,fundamentals,
1676394,CIK1676394,fundamentals,
1676479,CIK1676479,fundamentals,
1676580,CIK1676580,fundamentals,
1676667,CIK1676667,fundamentals,
1676852,CIK1676852,fundamentals,
1677203,CIK1677203,fundamentals,
1677761,CIK1677761,fundamentals,
1678463,CIK1678463,fundamentals,
1678531,CIK1678531,fundamentals,
1678536,CIK1678536,fundamentals,
1678746,CIK1678746,fundamentals,
1678848,CIK1678848,fundamentals,
1679063,CIK1679063,fundamentals,
1679082,CIK1679082,fundamentals,
1679363,CIK1679363,fundamentals,
1679379,CIK1679379,fundamentals,
1679426,CIK1679426,fundamentals,
1679629,CIK1679629,fundamentals,
1679826,CIK1679826,fundamentals,
1679836,CIK1679836,fundamentals,
1680228,CIK1680228,fundamentals,
1680232,CIK1680232,fundamentals,
1680237,CIK1680237,fundamentals,
1680379,CIK1680379,fundamentals,
1680525,CIK1680525,fundamentals,
1680935,CIK1680935,fundamentals,
1680966,CIK1680966,fundamentals,
1681282,CIK1681282,fundamentals,
1681302,CIK1681302,fundamentals,
1681306,CIK1681306,fundamentals,
1681309,CIK1681309,fundamentals,
1681400,CIK1681400,fundamentals,
1681689,CIK1681689,fundamentals,
1681714,CIK1681714,fundamentals,
1681769,CIK1681769,fundamentals,
1681903,CIK1681903,fundamentals,
1681941,CIK1681941,fundamentals,
1682325,CIK1682325,fundamentals,
1682593,CIK1682593,fundamentals,
1683131,CIK1683131,fundamentals,
1683252,CIK1683252,fundamentals,
1684506,CIK1684506,fundamentals,
1684508,CIK1684508,fundamentals,
1684682,CIK1684682,fundamentals,
1685071,CIK1685071,fundamentals,
1685237,CIK1685237,fundamentals,
1685311,CIK1685311,fundamentals,
1685462,CIK1685462,fundamentals,
1685570,CIK1685570,fundamentals,
1685616,CIK1685616,fundamentals,
1685715,CIK1685715,fundamentals,
1685766,CIK1685766,fundamentals,
1686400,CIK1686400,fundamentals,
1686515,CIK1686515,fundamentals,
1686850,CIK1686850,fundamentals,
1687065,CIK1687065,fundamentals,
1687221,CIK1687221,fundamentals,
1687242,CIK1687242,fundamentals,
1687505,CIK1687505,fundamentals,
1687926,CIK1687926,fundamentals,
1687999,CIK1687999,fundamentals,
1688016,CIK1688016,fundamentals,
1688476,CIK1688476,fundamentals,
1688487,CIK1688487,fundamentals,
1688667,CIK1688667,fundamentals,
1688852,CIK1688852,fundamentals,
1688941,CIK1688941,fundamentals,
1689066,CIK1689066,fundamentals,
1689084,CIK1689084,fundamentals,
1689382,CIK1689382,fundamentals,
1689490,CIK1689490,fundamentals,
1689657,CIK1689657,fundamentals,
1689731,CIK1689731,fundamentals,
1689813,CIK1689813,fundamentals,
1689923,CIK1689923,fundamentals,
1690384,CIK1690384,fundamentals,
1690486,CIK1690486,fundamentals,
1690536,CIK1690536,fundamentals,
1690622,CIK1690622,fundamentals,
1690666,CIK1690666,fundamentals,
1690769,CIK1690769,fundamentals,
1690881,CIK1690881,fundamentals,
1690921,CIK1690921,fundamentals,
1691077,CIK1691077,fundamentals,
1691337,CIK1691337,fundamentals,
1691430,CIK1691430,fundamentals,
1691507,CIK1691507,fundamentals,
1691906,CIK1691906,fundamentals,
1691936,CIK1691936,fundamentals,
1692144,CIK1692144,fundamentals,
1692412,CIK1692412,fundamentals,
1692780,CIK1692780,fundamentals,
1692830,CIK1692830,fundamentals,
1692951,CIK1692951,fundamentals,
1692981,CIK1692981,fundamentals,
1693011,CIK1693011,fundamentals,
1693317,CIK1693317,fundamentals,
1693415,CIK1693415,fundamentals,
1693664,CIK1693664,fundamentals,
1693683,CIK1693683,fundamentals,
1693686,CIK1693686,fundamentals,
1693690,CIK1693690,fundamentals,
1693696,CIK1693696,fundamentals,
1693801,CIK1693801,fundamentals,
1693853,CIK1693853,fundamentals,
1694187,CIK1694187,fundamentals,
1694665,CIK1694665,fundamentals,
1694688,CIK1694688,fundamentals,
1695098,CIK1695098,fundamentals,
1695357,CIK1695357,fundamentals,
1695963,CIK1695963,fundamentals,
1696088,CIK1696088,fundamentals,
1696195,CIK1696195,fundamentals,
1696898,CIK1696898,fundamentals,
1697021,CIK1697021,fundamentals,
1697080,CIK1697080,fundamentals,
1697152,CIK1697152,fundamentals,
1697412,CIK1697412,fundamentals,
1697532,CIK1697532,fundamentals,
1697587,CIK1697587,fundamentals,
1697730,CIK1697730,fundamentals,
1697805,CIK1697805,fundamentals,
1697834,CIK1697834,fundamentals,
1697935,CIK1697935,fundamentals,
1698113,CIK1698113,fundamentals,
1698209,CIK1698209,fundamentals,
1698519,CIK1698519,fundamentals,
1698702,CIK1698702,fundamentals,
1698832,CIK1698832,fundamentals,
1699018,CIK1699018,fundamentals,
1699126,CIK1699126,fundamentals,
1699683,CIK1699683,fundamentals,
1699759,CIK1699759,fundamentals,
1699838,CIK1699838,fundamentals,
1700175,CIK1700175,fundamentals,
1700357,CIK1700357,fundamentals,
1700849,CIK1700849,fundamentals,
1701040,CIK1701040,fundamentals,
1701051,CIK1701051,fundamentals,
1701114,CIK1701114,fundamentals,
1701732,CIK1701732,fundamentals,
1701821,CIK1701821,fundamentals,
1701859,CIK1701859,fundamentals,
1701874,CIK1701874,fundamentals,
1702191,CIK1702191,fundamentals,
1702388,CIK1702388,fundamentals,
1702494,CIK1702494,fundamentals,
1702510,CIK1702510,fundamentals,
1702541,CIK1702541,fundamentals,
1702916,CIK1702916,fundamentals,
1703038,CIK1703038,fundamentals,
1703489,CIK1703489,fundamentals,
1703497,CIK1703497,fundamentals,
1703785,CIK1703785,fundamentals,
1703975,CIK1703975,fundamentals,
1704235,CIK1704235,fundamentals,
1704596,CIK1704596,fundamentals,
1704760,CIK1704760,fundamentals,
1704795,CIK1704795,fundamentals,
1704956,CIK1704956,fundamentals,
1705126,CIK1705126,fundamentals,
1705338,CIK1705338,fundamentals,
1705445,CIK1705445,fundamentals,
1705458,CIK1705458,fundamentals,
1705682,CIK1705682,fundamentals,
1705771,CIK1705771,fundamentals,
1705873,CIK1705873,fundamentals,
1706573,CIK1706573,fundamentals,
1706945,CIK1706945,fundamentals,
1707092,CIK1707092,fundamentals,
1707178,CIK1707178,fundamentals,
1707258,CIK1707258,fundamentals,
1707306,CIK1707306,fundamentals,
1708176,CIK1708176,fundamentals,
1708301,CIK1708301,fundamentals,
1708331,CIK1708331,fundamentals,
1708405,CIK1708405,fundamentals,
1708410,CIK1708410,fundamentals,
1708493,CIK1708493,fundamentals,
1708715,CIK1708715,fundamentals,
1709017,CIK1709017,fundamentals,
1709401,CIK1709401,fundamentals,
1709474,CIK1709474,fundamentals,
1709542,CIK1709542,fundamentals,
1709587,CIK1709587,fundamentals,
1709768,CIK1709768,fundamentals,
1709774,CIK1709774,fundamentals,
1710583,CIK1710583,fundamentals,
1711291,CIK1711291,fundamentals,
1711438,CIK1711438,fundamentals,
1711485,CIK1711485,fundamentals,
1711631,CIK1711631,fundamentals,
1711675,CIK1711675,fundamentals,
1711736,CIK1711736,fundamentals,
1711799,CIK1711799,fundamentals,
1711933,CIK1711933,fundamentals,
1712041,CIK1712041,fundamentals,
1712543,CIK1712543,fundamentals,
1712923,CIK1712923,fundamentals,
1713407,CIK1713407,fundamentals,
1713809,CIK1713809,fundamentals,
1713832,CIK1713832,fundamentals,
1713909,CIK1713909,fundamentals,
1713952,CIK1713952,fundamentals,
1714232,CIK1714232,fundamentals,
1714367,CIK1714367,fundamentals,
1714379,CIK1714379,fundamentals,
1714798,CIK1714798,fundamentals,
1714973,CIK1714973,fundamentals,
1715268,CIK1715268,fundamentals,
1715611,CIK1715611,fundamentals,
1715629,CIK1715629,fundamentals,
1715768,CIK1715768,fundamentals,
1715933,CIK1715933,fundamentals,
1715942,CIK1715942,fundamentals,
1716188,CIK1716188,fundamentals,
1716324,CIK1716324,fundamentals,
1716558,CIK1716558,fundamentals,
1716583,CIK1716583,fundamentals,
1716697,CIK1716697,fundamentals,
1717310,CIK1717310,fundamentals,
1717452,CIK1717452,fundamentals,
1717556,CIK1717556,fundamentals,
1717961,CIK1717961,fundamentals,
1718108,CIK1718108,fundamentals,
1718644,CIK1718644,fundamentals,
1718852,CIK1718852,fundamentals,
1719395,CIK1719395,fundamentals,
1719435,CIK1719435,fundamentals,
1719489,CIK1719489,fundamentals,
1719881,CIK1719881,fundamentals,
1719893,CIK1719893,fundamentals,
1720025,CIK1720025,fundamentals,
1720201,CIK1720201,fundamentals,
1720259,CIK1720259,fundamentals,
1720286,CIK1720286,fundamentals,
1720353,CIK1720353,fundamentals,
1720671,CIK1720671,fundamentals,
1720725,CIK1720725,fundamentals,
1720821,CIK1720821,fundamentals,
1720990,CIK1720990,fundamentals,
1721133,CIK1721133,fundamentals,
1721386,CIK1721386,fundamentals,
1721478,CIK1721478,fundamentals,
1721741,CIK1721741,fundamentals,
1721947,CIK1721947,fundamentals,
1722271,CIK1722271,fundamentals,
1722287,CIK1722287,fundamentals,
1722438,CIK1722438,fundamentals,
1722964,CIK1722964,fundamentals,
1722992,CIK1722992,fundamentals,
1723083,CIK1723083,fundamentals,
1723089,CIK1723089,fundamentals,
1723177,CIK1723177,fundamentals,
1723187,CIK1723187,fundamentals,
1723580,CIK1723580,fundamentals,
1723648,CIK1723648,fundamentals,
1723866,CIK1723866,fundamentals,
1724001,CIK1724001,fundamentals,
1724344,CIK1724344,fundamentals,
1724570,CIK1724570,fundamentals,
1724670,CIK1724670,fundamentals,
1724787,CIK1724787,fundamentals,
1724979,CIK1724979,fundamentals,
1725057,CIK1725057,fundamentals,
1725063,CIK1725063,fundamentals,
1725134,CIK1725134,fundamentals,
1725206,CIK1725206,fundamentals,
1725516,CIK1725516,fundamentals,
1725526,CIK1725526,fundamentals,
1725579,CIK1725579,fundamentals,
1725872,CIK1725872,fundamentals,
1726146,CIK1726146,fundamentals,
1726287,CIK1726287,fundamentals,
1726293,CIK1726293,fundamentals,
1726548,CIK1726548,fundamentals,
1726744,CIK1726744,fundamentals,
1726822,CIK1726822,fundamentals,
1727815,CIK1727815,fundamentals,
1728041,CIK1728041,fundamentals,
1728205,CIK1728205,fundamentals,
1728599,CIK1728599,fundamentals,
1729750,CIK1729750,fundamentals,
1729751,CIK1729751,fundamentals,
1729756,CIK1729756,fundamentals,
1730346,CIK1730346,fundamentals,
1730732,CIK1730732,fundamentals,
1731176,CIK1731176,fundamentals,
1731289,CIK1731289,fundamentals,
1731362,CIK1731362,fundamentals,
1731536,CIK1731536,fundamentals,
1731727,CIK1731727,fundamentals,
1731831,CIK1731831,fundamentals,
1731911,CIK1731911,fundamentals,
1732677,CIK1732677,fundamentals,
1732845,CIK1732845,fundamentals,
1733186,CIK1733186,fundamentals,
1733294,CIK1733294,fundamentals,
1733413,CIK1733413,fundamentals,
1733443,CIK1733443,fundamentals,
1734517,CIK1734517,fundamentals,
1734875,CIK1734875,fundamentals,
1735092,CIK1735092,fundamentals,
1735184,CIK1735184,fundamentals,
1735803,CIK1735803,fundamentals,
1735828,CIK1735828,fundamentals,
1735858,CIK1735858,fundamentals,
1735948,CIK1735948,fundamentals,
1736865,CIK1736865,fundamentals,
1736874,CIK1736874,fundamentals,
1737193,CIK1737193,fundamentals,
1737204,CIK1737204,fundamentals,
1737372,CIK1737372,fundamentals,
1737422,CIK1737422,fundamentals,
1739208,CIK1739208,fundamentals,
1739426,CIK1739426,fundamentals,
1739614,CIK1739614,fundamentals,
1739936,CIK1739936,fundamentals,
1739942,CIK1739942,fundamentals,
1740093,CIK1740093,fundamentals,
1740547,CIK1740547,fundamentals,
1740695,CIK1740695,fundamentals,
1740742,CIK1740742,fundamentals,
1741231,CIK1741231,fundamentals,
1741257,CIK1741257,fundamentals,
1741603,CIK1741603,fundamentals,
1741830,CIK1741830,fundamentals,
1742089,CIK1742089,fundamentals,
1742313,CIK1742313,fundamentals,
1742491,CIK1742491,fundamentals,
1742550,CIK1742550,fundamentals,
1742924,CIK1742924,fundamentals,
1743415,CIK1743415,fundamentals,
1743858,CIK1743858,fundamentals,
1743886,CIK1743886,fundamentals,
1744659,CIK1744659,fundamentals,
1744894,CIK1744894,fundamentals,
1744895,CIK1744895,fundamentals,
1745020,CIK1745020,fundamentals,
1745032,CIK1745032,fundamentals,
1745041,CIK1745041,fundamentals,
1745317,CIK1745317,fundamentals,
1745797,CIK1745797,fundamentals,
1745931,CIK1745931,fundamentals,
1746037,CIK1746037,fundamentals,
1746214,CIK1746214,fundamentals,
1746278,CIK1746278,fundamentals,
1746468,CIK1746468,fundamentals,
1746563,CIK1746563,fundamentals,
1747009,CIK1747009,fundamentals,
1747748,CIK1747748,fundamentals,
1748232,CIK1748232,fundamentals,
1748252,CIK1748252,fundamentals,
1748401,CIK1748401,fundamentals,
17485,CIK17485,fundamentals,
1748621,CIK1748621,fundamentals,
1748773,CIK1748773,fundamentals,
1748907,CIK1748907,fundamentals,
1749704,CIK1749704,fundamentals,
1749849,CIK1749849,fundamentals,
1750019,CIK1750019,fundamentals,
1750153,CIK1750153,fundamentals,
1750384,CIK1750384,fundamentals,
1750398,CIK1750398,fundamentals,
1750506,CIK1750506,fundamentals,
1751143,CIK1751143,fundamentals,
1751299,CIK1751299,fundamentals,
1751692,CIK1751692,fundamentals,
1751700,CIK1751700,fundamentals,
1751882,CIK1751882,fundamentals,
1752036,CIK1752036,fundamentals,
1752039,CIK1752039,fundamentals,
1752474,CIK1752474,fundamentals,
1752773,CIK1752773,fundamentals,
1752836,CIK1752836,fundamentals,
1753648,CIK1753648,fundamentals,
1753681,CIK1753681,fundamentals,
1753706,CIK1753706,fundamentals,
1753886,CIK1753886,fundamentals,
1753931,CIK1753931,fundamentals,
1753945,CIK1753945,fundamentals,
1754820,CIK1754820,fundamentals,
1754824,CIK1754824,fundamentals,
1755347,CIK1755347,fundamentals,
1755755,CIK1755755,fundamentals,
1756497,CIK1756497,fundamentals,
1756574,CIK1756574,fundamentals,
1756640,CIK1756640,fundamentals,
1756704,CIK1756704,fundamentals,
1756761,CIK1756761,fundamentals,
1757067,CIK1757067,fundamentals,
1757932,CIK1757932,fundamentals,
1759008,CIK1759008,fundamentals,
1759424,CIK1759424,fundamentals,
1760173,CIK1760173,fundamentals,
1760439,CIK1760439,fundamentals,
1760683,CIK1760683,fundamentals,
1760717,CIK1760717,fundamentals,
1761534,CIK1761534,fundamentals,
1761540,CIK1761540,fundamentals,
1761696,CIK1761696,fundamentals,
1761940,CIK1761940,fundamentals,
1762322,CIK1762322,fundamentals,
1762359,CIK1762359,fundamentals,
1762533,CIK1762533,fundamentals,
1763657,CIK1763657,fundamentals,
1763731,CIK1763731,fundamentals,
1764301,CIK1764301,fundamentals,
1764443,CIK1764443,fundamentals,
1764711,CIK1764711,fundamentals,
1764925,CIK1764925,fundamentals,
1764974,CIK1764974,fundamentals,
1765107,CIK1765107,fundamentals,
1766016,CIK1766016,fundamentals,
1766037,CIK1766037,fundamentals,
1766146,CIK1766146,fundamentals,
1766267,CIK1766267,fundamentals,
1766352,CIK1766352,fundamentals,
1766363,CIK1766363,fundamentals,
1766526,CIK1766526,fundamentals,
1766682,CIK1766682,fundamentals,
1768012,CIK1768012,fundamentals,
1768206,CIK1768206,fundamentals,
1768910,CIK1768910,fundamentals,
1769267,CIK1769267,fundamentals,
1769318,CIK1769318,fundamentals,
1769617,CIK1769617,fundamentals,
1769725,CIK1769725,fundamentals,
1769759,CIK1769759,fundamentals,
1769804,CIK1769804,fundamentals,
1770141,CIK1770141,fundamentals,
1770202,CIK1770202,fundamentals,
1770251,CIK1770251,fundamentals,
1771077,CIK1771077,fundamentals,
1771514,CIK1771514,fundamentals,
1771908,CIK1771908,fundamentals,
1771917,CIK1771917,fundamentals,
1771928,CIK1771928,fundamentals,
1771951,CIK1771951,fundamentals,
1772028,CIK1772028,fundamentals,
1772695,CIK1772695,fundamentals,
1772704,CIK1772704,fundamentals,
1772757,CIK1772757,fundamentals,
1773086,CIK1773086,fundamentals,
1773087,CIK1773087,fundamentals,
1773427,CIK1773427,fundamentals,
1774155,CIK1774155,fundamentals,
1775625,CIK1775625,fundamentals,
1776048,CIK1776048,fundamentals,
1776197,CIK1776197,fundamentals,
1776903,CIK1776903,fundamentals,
1776932,CIK1776932,fundamentals,
1777946,CIK1777946,fundamentals,
1778343,CIK1778343,fundamentals,
1778784,CIK1778784,fundamentals,
1778805,CIK1778805,fundamentals,
1779020,CIK1779020,fundamentals,
1779523,CIK1779523,fundamentals,
1780097,CIK1780097,fundamentals,
1780262,CIK1780262,fundamentals,
1781115,CIK1781115,fundamentals,
1781405,CIK1781405,fundamentals,
1781870,CIK1781870,fundamentals,
1782627,CIK1782627,fundamentals,
1782754,CIK1782754,fundamentals,
1783032,CIK1783032,fundamentals,
1783317,CIK1783317,fundamentals,
1783400,CIK1783400,fundamentals,
1783875,CIK1783875,fundamentals,
1784168,CIK1784168,fundamentals,
1784567,CIK1784567,fundamentals,
1784700,CIK1784700,fundamentals,
1784797,CIK1784797,fundamentals,
1784851,CIK1784851,fundamentals,
1785041,CIK1785041,fundamentals,
1785173,CIK1785173,fundamentals,
1785345,CIK1785345,fundamentals,
1785592,CIK1785592,fundamentals,
1786119,CIK1786119,fundamentals,
1786255,CIK1786255,fundamentals,
1787005,CIK1787005,fundamentals,
1787123,CIK1787123,fundamentals,
1787384,CIK1787384,fundamentals,
1787412,CIK1787412,fundamentals,
1787640,CIK1787640,fundamentals,
1787791,CIK1787791,fundamentals,
1788717,CIK1788717,fundamentals,
1789330,CIK1789330,fundamentals,
1789760,CIK1789760,fundamentals,
1790121,CIK1790121,fundamentals,
1790625,CIK1790625,fundamentals,
1790665,CIK1790665,fundamentals,
1790982,CIK1790982,fundamentals,
1791091,CIK1791091,fundamentals,
1791325,CIK1791325,fundamentals,
1792509,CIK1792509,fundamentals,
1792581,CIK1792581,fundamentals,
1793294,CIK1793294,fundamentals,
1793330,CIK1793330,fundamentals,
1793906,CIK1793906,fundamentals,
1794621,CIK1794621,fundamentals,
1794717,CIK1794717,fundamentals,
1794905,CIK1794905,fundamentals,
1795938,CIK1795938,fundamentals,
1796129,CIK1796129,fundamentals,
1796160,CIK1796160,fundamentals,
1796297,CIK1796297,fundamentals,
1796303,CIK1796303,fundamentals,
1797099,CIK1797099,fundamentals,
1797336,CIK1797336,fundamentals,
1797762,CIK1797762,fundamentals,
1797768,CIK1797768,fundamentals,
1797956,CIK1797956,fundamentals,
1798270,CIK1798270,fundamentals,
1798458,CIK1798458,fundamentals,
1799208,CIK1799208,fundamentals,
1799332,CIK1799332,fundamentals,
1799611,CIK1799611,fundamentals,
1799850,CIK1799850,fundamentals,
1799858,CIK1799858,fundamentals,
1800199,CIK1800199,fundamentals,
1800347,CIK1800347,fundamentals,
1800682,CIK1800682,fundamentals,
1801075,CIK1801075,fundamentals,
1801754,CIK1801754,fundamentals,
1801762,CIK1801762,fundamentals,
1801777,CIK1801777,fundamentals,
1802546,CIK1802546,fundamentals,
1802749,CIK1802749,fundamentals,
1802830,CIK1802830,fundamentals,
1803284,CIK1803284,fundamentals,
1803498,CIK1803498,fundamentals,
1803827,CIK1803827,fundamentals,
1804506,CIK1804506,fundamentals,
1804585,CIK1804585,fundamentals,
1804591,CIK1804591,fundamentals,
1805024,CIK1805024,fundamentals,
1805087,CIK1805087,fundamentals,
1805387,CIK1805387,fundamentals,
1805508,CIK1805508,fundamentals,
1805795,CIK1805795,fundamentals,
1805890,CIK1805890,fundamentals,
18061,CIK18061,fundamentals,
1806156,CIK1806156,fundamentals,
1807427,CIK1807427,fundamentals,
1807594,CIK1807594,fundamentals,
1807707,CIK1807707,fundamentals,
1807846,CIK1807846,fundamentals,
1807901,CIK1807901,fundamentals,
1808158,CIK1808158,fundamentals,
1808865,CIK1808865,fundamentals,
1809353,CIK1809353,fundamentals,
1810140,CIK1810140,fundamentals,
1810491,CIK1810491,fundamentals,
1810739,CIK1810739,fundamentals,
1811109,CIK1811109,fundamentals,
1811623,CIK1811623,fundamentals,
1811764,CIK1811764,fundamentals,
1811856,CIK1811856,fundamentals,
1811882,CIK1811882,fundamentals,
1811972,CIK1811972,fundamentals,
1812234,CIK1812234,fundamentals,
1812554,CIK1812554,fundamentals,
1812667,CIK1812667,fundamentals,
1813658,CIK1813658,fundamentals,
1813756,CIK1813756,fundamentals,
1813793,CIK1813793,fundamentals,
1813914,CIK1813914,fundamentals,
1814140,CIK1814140,fundamentals,
1814329,CIK1814329,fundamentals,
1814728,CIK1814728,fundamentals,
1814824,CIK1814824,fundamentals,
1815086,CIK1815086,fundamentals,
1815184,CIK1815184,fundamentals,
1815302,CIK1815302,fundamentals,
1815495,CIK1815495,fundamentals,
1815526,CIK1815526,fundamentals,
1815737,CIK1815737,fundamentals,
1815753,CIK1815753,fundamentals,
1815805,CIK1815805,fundamentals,
1815849,CIK1815849,fundamentals,
1816048,CIK1816048,fundamentals,
1816090,CIK1816090,fundamentals,
1816101,CIK1816101,fundamentals,
1816114,CIK1816114,fundamentals,
1816176,CIK1816176,fundamentals,
1816233,CIK1816233,fundamentals,
1816261,CIK1816261,fundamentals,
1816613,CIK1816613,fundamentals,
1816696,CIK1816696,fundamentals,
1816816,CIK1816816,fundamentals,
18169,CIK18169,fundamentals,
1816906,CIK1816906,fundamentals,
1816937,CIK1816937,fundamentals,
1817071,CIK1817071,fundamentals,
1817153,CIK1817153,fundamentals,
18172,CIK18172,fundamentals,
1817218,CIK1817218,fundamentals,
1817565,CIK1817565,fundamentals,
1817640,CIK1817640,fundamentals,
1817786,CIK1817786,fundamentals,
1817825,CIK1817825,fundamentals,
1817868,CIK1817868,fundamentals,
1817944,CIK1817944,fundamentals,
1818089,CIK1818089,fundamentals,
1818152,CIK1818152,fundamentals,
1818212,CIK1818212,fundamentals,
1818221,CIK1818221,fundamentals,
1818346,CIK1818346,fundamentals,
1818355,CIK1818355,fundamentals,
1818550,CIK1818550,fundamentals,
1818605,CIK1818605,fundamentals,
1818674,CIK1818674,fundamentals,
1818787,CIK1818787,fundamentals,
1818873,CIK1818873,fundamentals,
1818876,CIK1818876,fundamentals,
1818880,CIK1818880,fundamentals,
1819006,CIK1819006,fundamentals,
1819035,CIK1819035,fundamentals,
1819113,CIK1819113,fundamentals,
1819157,CIK1819157,fundamentals,
1819263,CIK1819263,fundamentals,
1819313,CIK1819313,fundamentals,
1819394,CIK1819394,fundamentals,
1819395,CIK1819395,fundamentals,
1819399,CIK1819399,fundamentals,
1819496,CIK1819496,fundamentals,
1819498,CIK1819498,fundamentals,
1819510,CIK1819510,fundamentals,
1819584,CIK1819584,fundamentals,
1819608,CIK1819608,fundamentals,
1819615,CIK1819615,fundamentals,
1819663,CIK1819663,fundamentals,
1819724,CIK1819724,fundamentals,
1819881,CIK1819881,fundamentals,
1820143,CIK1820143,fundamentals,
1820160,CIK1820160,fundamentals,
1820175,CIK1820175,fundamentals,
1820191,CIK1820191,fundamentals,
1820201,CIK1820201,fundamentals,
1820209,CIK1820209,fundamentals,
1820272,CIK1820272,fundamentals,
1820566,CIK1820566,fundamentals,
1820630,CIK1820630,fundamentals,
1820727,CIK1820727,fundamentals,
1820852,CIK1820852,fundamentals,
1820877,CIK1820877,fundamentals,
1820931,CIK1820931,fundamentals,
1821018,CIK1821018,fundamentals,
1821075,CIK1821075,fundamentals,
1821146,CIK1821146,fundamentals,
1821160,CIK1821160,fundamentals,
1821169,CIK1821169,fundamentals,
1821171,CIK1821171,fundamentals,
1821317,CIK1821317,fundamentals,
1821318,CIK1821318,fundamentals,
1821323,CIK1821323,fundamentals,
1821329,CIK1821329,fundamentals,
1821393,CIK1821393,fundamentals,
1821595,CIK1821595,fundamentals,
1821606,CIK1821606,fundamentals,
1821682,CIK1821682,fundamentals,
1821742,CIK1821742,fundamentals,
1821788,CIK1821788,fundamentals,
1821812,CIK1821812,fundamentals,
1821850,CIK1821850,fundamentals,
1822027,CIK1822027,fundamentals,
1822145,CIK1822145,fundamentals,
1822219,CIK1822219,fundamentals,
1822250,CIK1822250,fundamentals,
1822309,CIK1822309,fundamentals,
1822312,CIK1822312,fundamentals,
1822366,CIK1822366,fundamentals,
1822372,CIK1822372,fundamentals,
1822553,CIK1822553,fundamentals,
1822691,CIK1822691,fundamentals,
1822711,CIK1822711,fundamentals,
1822792,CIK1822792,fundamentals,
1822835,CIK1822835,fundamentals,
1822862,CIK1822862,fundamentals,
1822873,CIK1822873,fundamentals,
1822877,CIK1822877,fundamentals,
1822886,CIK1822886,fundamentals,
1822888,CIK1822888,fundamentals,
1822912,CIK1822912,fundamentals,
1822929,CIK1822929,fundamentals,
1822935,CIK1822935,fundamentals,
1823000,CIK1823000,fundamentals,
1823033,CIK1823033,fundamentals,
1823034,CIK1823034,fundamentals,
1823086,CIK1823086,fundamentals,
1823143,CIK1823143,fundamentals,
1823200,CIK1823200,fundamentals,
1823323,CIK1823323,fundamentals,
1823340,CIK1823340,fundamentals,
1823383,CIK1823383,fundamentals,
1823465,CIK1823465,fundamentals,
1823481,CIK1823481,fundamentals,
1823524,CIK1823524,fundamentals,
1823575,CIK1823575,fundamentals,
1823634,CIK1823634,fundamentals,
1823707,CIK1823707,fundamentals,
1823733,CIK1823733,fundamentals,
1823766,CIK1823766,fundamentals,
1823767,CIK1823767,fundamentals,
1823776,CIK1823776,fundamentals,
1823826,CIK1823826,fundamentals,
1823854,CIK1823854,fundamentals,
1823855,CIK1823855,fundamentals,
1823857,CIK1823857,fundamentals,
1823882,CIK1823882,fundamentals,
1823884,CIK1823884,fundamentals,
1823896,CIK1823896,fundamentals,
1824013,CIK1824013,fundamentals,
1824119,CIK1824119,fundamentals,
1824149,CIK1824149,fundamentals,
1824153,CIK1824153,fundamentals,
1824171,CIK1824171,fundamentals,
1824185,CIK1824185,fundamentals,
1824211,CIK1824211,fundamentals,
1824301,CIK1824301,fundamentals,
1824434,CIK1824434,fundamentals,
1824577,CIK1824577,fundamentals,
1824677,CIK1824677,fundamentals,
1824734,CIK1824734,fundamentals,
1824846,CIK1824846,fundamentals,
1824884,CIK1824884,fundamentals,
1824888,CIK1824888,fundamentals,
1824963,CIK1824963,fundamentals,
1824993,CIK1824993,fundamentals,
1825042,CIK1825042,fundamentals,
1825249,CIK1825249,fundamentals,
1825254,CIK1825254,fundamentals,
1825265,CIK1825265,fundamentals,
1825367,CIK1825367,fundamentals,
1825384,CIK1825384,fundamentals,
1825413,CIK1825413,fundamentals,
1825437,CIK1825437,fundamentals,
1825473,CIK1825473,fundamentals,
1825480,CIK1825480,fundamentals,
1825497,CIK1825497,fundamentals,
1825590,CIK1825590,fundamentals,
1825720,CIK1825720,fundamentals,
1825724,CIK1825724,fundamentals,
1825739,CIK1825739,fundamentals,
1825962,CIK1825962,fundamentals,
1826018,CIK1826018,fundamentals,
1826058,CIK1826058,fundamentals,
1826059,CIK1826059,fundamentals,
1826333,CIK1826333,fundamentals,
1826435,CIK1826435,fundamentals,
1826553,CIK1826553,fundamentals,
1826574,CIK1826574,fundamentals,
1826669,CIK1826669,fundamentals,
1826671,CIK1826671,fundamentals,
1826729,CIK1826729,fundamentals,
1826814,CIK1826814,fundamentals,
1826855,CIK1826855,fundamentals,
1826991,CIK1826991,fundamentals,
1827075,CIK1827075,fundamentals,
1827076,CIK1827076,fundamentals,
1827087,CIK1827087,fundamentals,
1827248,CIK1827248,fundamentals,
1827328,CIK1827328,fundamentals,
1827392,CIK1827392,fundamentals,
1827506,CIK1827506,fundamentals,
1827669,CIK1827669,fundamentals,
1827821,CIK1827821,fundamentals,
1827871,CIK1827871,fundamentals,
1827980,CIK1827980,fundamentals,
1828049,CIK1828049,fundamentals,
1828096,CIK1828096,fundamentals,
1828182,CIK1828182,fundamentals,
1828183,CIK1828183,fundamentals,
1828248,CIK1828248,fundamentals,
1828250,CIK1828250,fundamentals,
1828325,CIK1828325,fundamentals,
1828326,CIK1828326,fundamentals,
1828376,CIK1828376,fundamentals,
1828438,CIK1828438,fundamentals,
1828443,CIK1828443,fundamentals,
1828478,CIK1828478,fundamentals,
1828522,CIK1828522,fundamentals,
1828608,CIK1828608,fundamentals,
1828613,CIK1828613,fundamentals,
1828650,CIK1828650,fundamentals,
1828672,CIK1828672,fundamentals,
1828723,CIK1828723,fundamentals,
1828735,CIK1828735,fundamentals,
1828739,CIK1828739,fundamentals,
1828811,CIK1828811,fundamentals,
1828817,CIK1828817,fundamentals,
1828852,CIK1828852,fundamentals,
1828914,CIK1828914,fundamentals,
1828957,CIK1828957,fundamentals,
1828985,CIK1828985,fundamentals,
1828989,CIK1828989,fundamentals,
1829042,CIK1829042,fundamentals,
1829322,CIK1829322,fundamentals,
1829328,CIK1829328,fundamentals,
1829426,CIK1829426,fundamentals,
1829427,CIK1829427,fundamentals,
1829432,CIK1829432,fundamentals,
1829455,CIK1829455,fundamentals,
1829558,CIK1829558,fundamentals,
1829615,CIK1829615,fundamentals,
1829730,CIK1829730,fundamentals,
1829797,CIK1829797,fundamentals,
1829889,CIK1829889,fundamentals,
1829953,CIK1829953,fundamentals,
1829966,CIK1829966,fundamentals,
1829999,CIK1829999,fundamentals,
1830029,CIK1830029,fundamentals,
1830063,CIK1830063,fundamentals,
1830180,CIK1830180,fundamentals,
1830197,CIK1830197,fundamentals,
1830210,CIK1830210,fundamentals,
1830232,CIK1830232,fundamentals,
1830374,CIK1830374,fundamentals,
1830392,CIK1830392,fundamentals,
1830503,CIK1830503,fundamentals,
1830531,CIK1830531,fundamentals,
1830547,CIK1830547,fundamentals,
1830795,CIK1830795,fundamentals,
1831006,CIK1831006,fundamentals,
1831114,CIK1831114,fundamentals,
1831236,CIK1831236,fundamentals,
1831270,CIK1831270,fundamentals,
1831363,CIK1831363,fundamentals,
1831617,CIK1831617,fundamentals,
1831874,CIK1831874,fundamentals,
1831928,CIK1831928,fundamentals,
1831937,CIK1831937,fundamentals,
1831964,CIK1831964,fundamentals,
1831978,CIK1831978,fundamentals,
1831992,CIK1831992,fundamentals,
1832010,CIK1832010,fundamentals,
1832136,CIK1832136,fundamentals,
1832148,CIK1832148,fundamentals,
1832168,CIK1832168,fundamentals,
1832250,CIK1832250,fundamentals,
1832300,CIK1832300,fundamentals,
1832351,CIK1832351,fundamentals,
1832352,CIK1832352,fundamentals,
1832371,CIK1832371,fundamentals,
1832415,CIK1832415,fundamentals,
1832433,CIK1832433,fundamentals,
1832459,CIK1832459,fundamentals,
1832505,CIK1832505,fundamentals,
1832696,CIK1832696,fundamentals,
1832737,CIK1832737,fundamentals,
1832765,CIK1832765,fundamentals,
1832950,CIK1832950,fundamentals,
1833213,CIK1833213,fundamentals,
1833235,CIK1833235,fundamentals,
1833764,CIK1833764,fundamentals,
1833908,CIK1833908,fundamentals,
1833909,CIK1833909,fundamentals,
1834045,CIK1834045,fundamentals,
1834226,CIK1834226,fundamentals,
1834336,CIK1834336,fundamentals,
1834342,CIK1834342,fundamentals,
1834494,CIK1834494,fundamentals,
1834518,CIK1834518,fundamentals,
1834543,CIK1834543,fundamentals,
1834585,CIK1834585,fundamentals,
1834628,CIK1834628,fundamentals,
1834645,CIK1834645,fundamentals,
1834755,CIK1834755,fundamentals,
18349,CIK18349,fundamentals,
1835205,CIK1835205,fundamentals,
1835236,CIK1835236,fundamentals,
1835256,CIK1835256,fundamentals,
1835378,CIK1835378,fundamentals,
1835416,CIK1835416,fundamentals,
1835512,CIK1835512,fundamentals,
1835567,CIK1835567,fundamentals,
1835591,CIK1835591,fundamentals,
1835636,CIK1835636,fundamentals,
1835681,CIK1835681,fundamentals,
1835713,CIK1835713,fundamentals,
1835800,CIK1835800,fundamentals,
1835814,CIK1835814,fundamentals,
1835817,CIK1835817,fundamentals,
1835881,CIK1835881,fundamentals,
1835972,CIK1835972,fundamentals,
1836056,CIK1836056,fundamentals,
1836074,CIK1836074,fundamentals,
1836075,CIK1836075,fundamentals,
1836100,CIK1836100,fundamentals,
1836129,CIK1836129,fundamentals,
1836154,CIK1836154,fundamentals,
1836176,CIK1836176,fundamentals,
1836190,CIK1836190,fundamentals,
1836259,CIK1836259,fundamentals,
1836274,CIK1836274,fundamentals,
1836337,CIK1836337,fundamentals,
1836478,CIK1836478,fundamentals,
1836517,CIK1836517,fundamentals,
1836547,CIK1836547,fundamentals,
1836707,CIK1836707,fundamentals,
1836894,CIK1836894,fundamentals,
1836935,CIK1836935,fundamentals,
1836967,CIK1836967,fundamentals,
1837067,CIK1837067,fundamentals,
1837105,CIK1837105,fundamentals,
1837160,CIK1837160,fundamentals,
1837207,CIK1837207,fundamentals,
1837238,CIK1837238,fundamentals,
1837248,CIK1837248,fundamentals,
1837344,CIK1837344,fundamentals,
1837393,CIK1837393,fundamentals,
1837412,CIK1837412,fundamentals,
1837532,CIK1837532,fundamentals,
1837686,CIK1837686,fundamentals,
1837739,CIK1837739,fundamentals,
1837824,CIK1837824,fundamentals,
1837929,CIK1837929,fundamentals,
1837997,CIK1837997,fundamentals,
1838000,CIK1838000,fundamentals,
1838108,CIK1838108,fundamentals,
1838126,CIK1838126,fundamentals,
1838128,CIK1838128,fundamentals,
1838162,CIK1838162,fundamentals,
1838176,CIK1838176,fundamentals,
1838207,CIK1838207,fundamentals,
1838219,CIK1838219,fundamentals,
1838238,CIK1838238,fundamentals,
1838293,CIK1838293,fundamentals,
1838337,CIK1838337,fundamentals,
1838361,CIK1838361,fundamentals,
1838431,CIK1838431,fundamentals,
1838433,CIK1838433,fundamentals,
1838513,CIK1838513,fundamentals,
1838527,CIK1838527,fundamentals,
1838544,CIK1838544,fundamentals,
1838614,CIK1838614,fundamentals,
1838666,CIK1838666,fundamentals,
1838672,CIK1838672,fundamentals,
1838697,CIK1838697,fundamentals,
1838814,CIK1838814,fundamentals,
1838821,CIK1838821,fundamentals,
1838831,CIK1838831,fundamentals,
1838876,CIK1838876,fundamentals,
1838883,CIK1838883,fundamentals,
1839121,CIK1839121,fundamentals,
1839127,CIK1839127,fundamentals,
1839132,CIK1839132,fundamentals,
1839133,CIK1839133,fundamentals,
1839175,CIK1839175,fundamentals,
1839185,CIK1839185,fundamentals,
1839191,CIK1839191,fundamentals,
1839360,CIK1839360,fundamentals,
1839412,CIK1839412,fundamentals,
1839434,CIK1839434,fundamentals,
1839439,CIK1839439,fundamentals,
1839519,CIK1839519,fundamentals,
1839550,CIK1839550,fundamentals,
1839569,CIK1839569,fundamentals,
18396,CIK18396,fundamentals,
1839608,CIK1839608,fundamentals,
1839610,CIK1839610,fundamentals,
1839611,CIK1839611,fundamentals,
1839824,CIK1839824,fundamentals,
1839972,CIK1839972,fundamentals,
1839990,CIK1839990,fundamentals,
1839998,CIK1839998,fundamentals,
1840148,CIK1840148,fundamentals,
1840161,CIK1840161,fundamentals,
1840225,CIK1840225,fundamentals,
1840292,CIK1840292,fundamentals,
1840353,CIK1840353,fundamentals,
1840463,CIK1840463,fundamentals,
1840574,CIK1840574,fundamentals,
1840748,CIK1840748,fundamentals,
1840792,CIK1840792,fundamentals,
1840859,CIK1840859,fundamentals,
1840920,CIK1840920,fundamentals,
1840927,CIK1840927,fundamentals,
1841004,CIK1841004,fundamentals,
1841024,CIK1841024,fundamentals,
1841080,CIK1841080,fundamentals,
1841137,CIK1841137,fundamentals,
1841144,CIK1841144,fundamentals,
1841230,CIK1841230,fundamentals,
1841258,CIK1841258,fundamentals,
1841304,CIK1841304,fundamentals,
1841338,CIK1841338,fundamentals,
1841383,CIK1841383,fundamentals,
1841389,CIK1841389,fundamentals,
1841420,CIK1841420,fundamentals,
1841514,CIK1841514,fundamentals,
1841585,CIK1841585,fundamentals,
1841586,CIK1841586,fundamentals,
1841610,CIK1841610,fundamentals,
1841661,CIK1841661,fundamentals,
1841734,CIK1841734,fundamentals,
1841800,CIK1841800,fundamentals,
1841804,CIK1841804,fundamentals,
1841845,CIK1841845,fundamentals,
1841867,CIK1841867,fundamentals,
1841873,CIK1841873,fundamentals,
1841948,CIK1841948,fundamentals,
1841993,CIK1841993,fundamentals,
1842046,CIK1842046,fundamentals,
1842138,CIK1842138,fundamentals,
1842167,CIK1842167,fundamentals,
1842219,CIK1842219,fundamentals,
1842223,CIK1842223,fundamentals,
1842329,CIK1842329,fundamentals,
1842356,CIK1842356,fundamentals,
1842373,CIK1842373,fundamentals,
1842384,CIK1842384,fundamentals,
1842386,CIK1842386,fundamentals,
1842430,CIK1842430,fundamentals,
1842563,CIK1842563,fundamentals,
1842609,CIK1842609,fundamentals,
1842644,CIK1842644,fundamentals,
1842659,CIK1842659,fundamentals,
1842718,CIK1842718,fundamentals,
1842729,CIK1842729,fundamentals,
1842883,CIK1842883,fundamentals,
1842912,CIK1842912,fundamentals,
1842916,CIK1842916,fundamentals,
1842937,CIK1842937,fundamentals,
1843091,CIK1843091,fundamentals,
1843100,CIK1843100,fundamentals,
1843121,CIK1843121,fundamentals,
1843205,CIK1843205,fundamentals,
1843212,CIK1843212,fundamentals,
1843248,CIK1843248,fundamentals,
1843249,CIK1843249,fundamentals,
1843351,CIK1843351,fundamentals,
1843370,CIK1843370,fundamentals,
1843388,CIK1843388,fundamentals,
1843477,CIK1843477,fundamentals,
1843608,CIK1843608,fundamentals,
1843716,CIK1843716,fundamentals,
1843762,CIK1843762,fundamentals,
1843764,CIK1843764,fundamentals,
1843862,CIK1843862,fundamentals,
1843988,CIK1843988,fundamentals,
1843993,CIK1843993,fundamentals,
1844135,CIK1844135,fundamentals,
1844149,CIK1844149,fundamentals,
1844211,CIK1844211,fundamentals,
1844224,CIK1844224,fundamentals,
1844270,CIK1844270,fundamentals,
1844280,CIK1844280,fundamentals,
1844336,CIK1844336,fundamentals,
1844363,CIK1844363,fundamentals,
1844389,CIK1844389,fundamentals,
1844419,CIK1844419,fundamentals,
1844507,CIK1844507,fundamentals,
1844519,CIK1844519,fundamentals,
1844579,CIK1844579,fundamentals,
1844635,CIK1844635,fundamentals,
1844642,CIK1844642,fundamentals,
1844650,CIK1844650,fundamentals,
1844744,CIK1844744,fundamentals,
1844793,CIK1844793,fundamentals,
1844817,CIK1844817,fundamentals,
1844840,CIK1844840,fundamentals,
1844908,CIK1844908,fundamentals,
1844981,CIK1844981,fundamentals,
1845013,CIK1845013,fundamentals,
1845022,CIK1845022,fundamentals,
1845290,CIK1845290,fundamentals,
1845337,CIK1845337,fundamentals,
1845368,CIK1845368,fundamentals,
1845459,CIK1845459,fundamentals,
1845580,CIK1845580,fundamentals,
1845601,CIK1845601,fundamentals,
1845618,CIK1845618,fundamentals,
1845942,CIK1845942,fundamentals,
1845991,CIK1845991,fundamentals,
1846017,CIK1846017,fundamentals,
1846068,CIK1846068,fundamentals,
1846136,CIK1846136,fundamentals,
1846163,CIK1846163,fundamentals,
1846288,CIK1846288,fundamentals,
1846510,CIK1846510,fundamentals,
1846750,CIK1846750,fundamentals,
1846804,CIK1846804,fundamentals,
1846809,CIK1846809,fundamentals,
1846968,CIK1846968,fundamentals,
1846975,CIK1846975,fundamentals,
1846996,CIK1846996,fundamentals,
1847090,CIK1847090,fundamentals,
1847112,CIK1847112,fundamentals,
1847127,CIK1847127,fundamentals,
1847152,CIK1847152,fundamentals,
1847241,CIK1847241,fundamentals,
1847351,CIK1847351,fundamentals,
1847355,CIK1847355,fundamentals,
1847416,CIK1847416,fundamentals,
1847440,CIK1847440,fundamentals,
1847513,CIK1847513,fundamentals,
1847577,CIK1847577,fundamentals,
1847607,CIK1847607,fundamentals,
1847891,CIK1847891,fundamentals,
1848000,CIK1848000,fundamentals,
1848020,CIK1848020,fundamentals,
1848097,CIK1848097,fundamentals,
1848165,CIK1848165,fundamentals,
1848323,CIK1848323,fundamentals,
1848364,CIK1848364,fundamentals,
1848410,CIK1848410,fundamentals,
1848437,CIK1848437,fundamentals,
1848558,CIK1848558,fundamentals,
1848756,CIK1848756,fundamentals,
1848795,CIK1848795,fundamentals,
1848821,CIK1848821,fundamentals,
1848861,CIK1848861,fundamentals,
1848898,CIK1848898,fundamentals,
1848948,CIK1848948,fundamentals,
1848959,CIK1848959,fundamentals,
1849011,CIK1849011,fundamentals,
1849058,CIK1849058,fundamentals,
1849089,CIK1849089,fundamentals,
1849280,CIK1849280,fundamentals,
1849294,CIK1849294,fundamentals,
1849408,CIK1849408,fundamentals,
1849475,CIK1849475,fundamentals,
1849489,CIK1849489,fundamentals,
1849548,CIK1849548,fundamentals,
1849580,CIK1849580,fundamentals,
1849670,CIK1849670,fundamentals,
1849737,CIK1849737,fundamentals,
1849894,CIK1849894,fundamentals,
1849902,CIK1849902,fundamentals,
1850038,CIK1850038,fundamentals,
1850051,CIK1850051,fundamentals,
1850079,CIK1850079,fundamentals,
1850262,CIK1850262,fundamentals,
1850266,CIK1850266,fundamentals,
1850271,CIK1850271,fundamentals,
1850272,CIK1850272,fundamentals,
1850316,CIK1850316,fundamentals,
1850398,CIK1850398,fundamentals,
1850487,CIK1850487,fundamentals,
1850502,CIK1850502,fundamentals,
1850529,CIK1850529,fundamentals,
1850699,CIK1850699,fundamentals,
1850787,CIK1850787,fundamentals,
1850838,CIK1850838,fundamentals,
1850906,CIK1850906,fundamentals,
1850938,CIK1850938,fundamentals,
1851048,CIK1851048,fundamentals,
1851174,CIK1851174,fundamentals,
1851182,CIK1851182,fundamentals,
1851194,CIK1851194,fundamentals,
1851230,CIK1851230,fundamentals,
1851266,CIK1851266,fundamentals,
1851277,CIK1851277,fundamentals,
1851322,CIK1851322,fundamentals,
1851612,CIK1851612,fundamentals,
1851625,CIK1851625,fundamentals,
1851657,CIK1851657,fundamentals,
1851860,CIK1851860,fundamentals,
1851908,CIK1851908,fundamentals,
1852061,CIK1852061,fundamentals,
1852117,CIK1852117,fundamentals,
1852332,CIK1852332,fundamentals,
1852407,CIK1852407,fundamentals,
1852432,CIK1852432,fundamentals,
1852495,CIK1852495,fundamentals,
1852536,CIK1852536,fundamentals,
1852597,CIK1852597,fundamentals,
1852633,CIK1852633,fundamentals,
1852707,CIK1852707,fundamentals,
1852736,CIK1852736,fundamentals,
1852749,CIK1852749,fundamentals,
1852771,CIK1852771,fundamentals,
1852889,CIK1852889,fundamentals,
1852931,CIK1852931,fundamentals,
1852940,CIK1852940,fundamentals,
1853021,CIK1853021,fundamentals,
1853047,CIK1853047,fundamentals,
1853084,CIK1853084,fundamentals,
1853112,CIK1853112,fundamentals,
1853314,CIK1853314,fundamentals,
1853397,CIK1853397,fundamentals,
1853436,CIK1853436,fundamentals,
1853506,CIK1853506,fundamentals,
1853580,CIK1853580,fundamentals,
1853594,CIK1853594,fundamentals,
1853651,CIK1853651,fundamentals,
1853774,CIK1853774,fundamentals,
1853775,CIK1853775,fundamentals,
1853920,CIK1853920,fundamentals,
1853928,CIK1853928,fundamentals,
1854401,CIK1854401,fundamentals,
1854458,CIK1854458,fundamentals,
1854461,CIK1854461,fundamentals,
1854583,CIK1854583,fundamentals,
1854593,CIK1854593,fundamentals,
1854795,CIK1854795,fundamentals,
1854863,CIK1854863,fundamentals,
1855168,CIK1855168,fundamentals,
1855302,CIK1855302,fundamentals,
1855351,CIK1855351,fundamentals,
1855450,CIK1855450,fundamentals,
1855555,CIK1855555,fundamentals,
1855631,CIK1855631,fundamentals,
1855693,CIK1855693,fundamentals,
1855751,CIK1855751,fundamentals,
1855885,CIK1855885,fundamentals,
1855886,CIK1855886,fundamentals,
1856028,CIK1856028,fundamentals,
1856161,CIK1856161,fundamentals,
1856236,CIK1856236,fundamentals,
1856242,CIK1856242,fundamentals,
1856430,CIK1856430,fundamentals,
1856519,CIK1856519,fundamentals,
1856589,CIK1856589,fundamentals,
1856608,CIK1856608,fundamentals,
1856653,CIK1856653,fundamentals,
1856689,CIK1856689,fundamentals,
1856696,CIK1856696,fundamentals,
1856724,CIK1856724,fundamentals,
1856774,CIK1856774,fundamentals,
1856948,CIK1856948,fundamentals,
1856961,CIK1856961,fundamentals,
1856995,CIK1856995,fundamentals,
1857410,CIK1857410,fundamentals,
1857518,CIK1857518,fundamentals,
1857662,CIK1857662,fundamentals,
1857803,CIK1857803,fundamentals,
1857855,CIK1857855,fundamentals,
1857951,CIK1857951,fundamentals,
1858028,CIK1858028,fundamentals,
1858180,CIK1858180,fundamentals,
1858257,CIK1858257,fundamentals,
1858327,CIK1858327,fundamentals,
1858351,CIK1858351,fundamentals,
1858414,CIK1858414,fundamentals,
1858503,CIK1858503,fundamentals,
1858684,CIK1858684,fundamentals,
1858912,CIK1858912,fundamentals,
1859285,CIK1859285,fundamentals,
1859310,CIK1859310,fundamentals,
1859686,CIK1859686,fundamentals,
1859919,CIK1859919,fundamentals,
1860173,CIK1860173,fundamentals,
1860424,CIK1860424,fundamentals,
1860482,CIK1860482,fundamentals,
1860514,CIK1860514,fundamentals,
1860663,CIK1860663,fundamentals,
1860782,CIK1860782,fundamentals,
1860879,CIK1860879,fundamentals,
1861063,CIK1861063,fundamentals,
1861121,CIK1861121,fundamentals,
1861449,CIK1861449,fundamentals,
1861522,CIK1861522,fundamentals,
1861541,CIK1861541,fundamentals,
1861645,CIK1861645,fundamentals,
1862068,CIK1862068,fundamentals,
1862327,CIK1862327,fundamentals,
1862993,CIK1862993,fundamentals,
1863099,CIK1863099,fundamentals,
1863105,CIK1863105,fundamentals,
1863181,CIK1863181,fundamentals,
1863294,CIK1863294,fundamentals,
1863428,CIK1863428,fundamentals,
1863460,CIK1863460,fundamentals,
1863685,CIK1863685,fundamentals,
1863719,CIK1863719,fundamentals,
1864032,CIK1864032,fundamentals,
1864448,CIK1864448,fundamentals,
1864891,CIK1864891,fundamentals,
1865045,CIK1865045,fundamentals,
1865120,CIK1865120,fundamentals,
1865127,CIK1865127,fundamentals,
1865174,CIK1865174,fundamentals,
1865187,CIK1865187,fundamentals,
1865191,CIK1865191,fundamentals,
1865377,CIK1865377,fundamentals,
1865407,CIK1865407,fundamentals,
1865533,CIK1865533,fundamentals,
1865537,CIK1865537,fundamentals,
1865602,CIK1865602,fundamentals,
1865697,CIK1865697,fundamentals,
1865701,CIK1865701,fundamentals,
1865852,CIK1865852,fundamentals,
1865975,CIK1865975,fundamentals,
1866001,CIK1866001,fundamentals,
1866390,CIK1866390,fundamentals,
1866547,CIK1866547,fundamentals,
1866550,CIK1866550,fundamentals,
1867287,CIK1867287,fundamentals,
1867443,CIK1867443,fundamentals,
1867757,CIK1867757,fundamentals,
1867956,CIK1867956,fundamentals,
1868269,CIK1868269,fundamentals,
1868516,CIK1868516,fundamentals,
1868573,CIK1868573,fundamentals,
1868734,CIK1868734,fundamentals,
1868775,CIK1868775,fundamentals,
1868778,CIK1868778,fundamentals,
1868878,CIK1868878,fundamentals,
1868912,CIK1868912,fundamentals,
1869141,CIK1869141,fundamentals,
1869453,CIK1869453,fundamentals,
1869673,CIK1869673,fundamentals,
1869824,CIK1869824,fundamentals,
1870129,CIK1870129,fundamentals,
1870143,CIK1870143,fundamentals,
1870258,CIK1870258,fundamentals,
1870267,CIK1870267,fundamentals,
1870471,CIK1870471,fundamentals,
1870778,CIK1870778,fundamentals,
1870925,CIK1870925,fundamentals,
1870997,CIK1870997,fundamentals,
1871149,CIK1871149,fundamentals,
1871745,CIK1871745,fundamentals,
1872356,CIK1872356,fundamentals,
1872371,CIK1872371,fundamentals,
1872812,CIK1872812,fundamentals,
1873324,CIK1873324,fundamentals,
1873441,CIK1873441,fundamentals,
1873964,CIK1873964,fundamentals,
1874218,CIK1874218,fundamentals,
1874259,CIK1874259,fundamentals,
1874440,CIK1874440,fundamentals,
1874495,CIK1874495,fundamentals,
1874944,CIK1874944,fundamentals,
1874999,CIK1874999,fundamentals,
1875257,CIK1875257,fundamentals,
1875493,CIK1875493,fundamentals,
1875746,CIK1875746,fundamentals,
1875943,CIK1875943,fundamentals,
1876255,CIK1876255,fundamentals,
1876588,CIK1876588,fundamentals,
1876714,CIK1876714,fundamentals,
1876945,CIK1876945,fundamentals,
1877561,CIK1877561,fundamentals,
1877788,CIK1877788,fundamentals,
1878074,CIK1878074,fundamentals,
1878379,CIK1878379,fundamentals,
1879103,CIK1879103,fundamentals,
1879221,CIK1879221,fundamentals,
1879297,CIK1879297,fundamentals,
1879851,CIK1879851,fundamentals,
1880151,CIK1880151,fundamentals,
1880249,CIK1880249,fundamentals,
1880441,CIK1880441,fundamentals,
18808,CIK18808,fundamentals,
1880968,CIK1880968,fundamentals,
1881462,CIK1881462,fundamentals,
1881741,CIK1881741,fundamentals,
1882078,CIK1882078,fundamentals,
1882607,CIK1882607,fundamentals,
1882850,CIK1882850,fundamentals,
1882963,CIK1882963,fundamentals,
1883389,CIK1883389,fundamentals,
1883788,CIK1883788,fundamentals,
1883799,CIK1883799,fundamentals,
1883962,CIK1883962,fundamentals,
1883983,CIK1883983,fundamentals,
1883984,CIK1883984,fundamentals,
1884072,CIK1884072,fundamentals,
1884697,CIK1884697,fundamentals,
1885336,CIK1885336,fundamentals,
1885444,CIK1885444,fundamentals,
1885461,CIK1885461,fundamentals,
1885754,CIK1885754,fundamentals,
1885849,CIK1885849,fundamentals,
1885968,CIK1885968,fundamentals,
1885998,CIK1885998,fundamentals,
1886268,CIK1886268,fundamentals,
1886799,CIK1886799,fundamentals,
1888012,CIK1888012,fundamentals,
18886,CIK18886,fundamentals,
1888734,CIK1888734,fundamentals,
1888846,CIK1888846,fundamentals,
1889106,CIK1889106,fundamentals,
1889450,CIK1889450,fundamentals,
1889668,CIK1889668,fundamentals,
1889956,CIK1889956,fundamentals,
1890107,CIK1890107,fundamentals,
1890671,CIK1890671,fundamentals,
1891791,CIK1891791,fundamentals,
1892025,CIK1892025,fundamentals,
1892480,CIK1892480,fundamentals,
1892922,CIK1892922,fundamentals,
1893262,CIK1893262,fundamentals,
1893311,CIK1893311,fundamentals,
1893325,CIK1893325,fundamentals,
1893448,CIK1893448,fundamentals,
18937,CIK18937,fundamentals,
1894057,CIK1894057,fundamentals,
1894176,CIK1894176,fundamentals,
1894210,CIK1894210,fundamentals,
1894370,CIK1894370,fundamentals,
1894630,CIK1894630,fundamentals,
1894951,CIK1894951,fundamentals,
1895144,CIK1895144,fundamentals,
1895316,CIK1895316,fundamentals,
1895582,CIK1895582,fundamentals,
1895939,CIK1895939,fundamentals,
1897525,CIK1897525,fundamentals,
1897971,CIK1897971,fundamentals,
1897982,CIK1897982,fundamentals,
1898019,CIK1898019,fundamentals,
1898474,CIK1898474,fundamentals,
1899017,CIK1899017,fundamentals,
1899996,CIK1899996,fundamentals,
19002,CIK19002,fundamentals,
1900402,CIK1900402,fundamentals,
1900520,CIK1900520,fundamentals,
1901037,CIK1901037,fundamentals,
1901056,CIK1901056,fundamentals,
1901164,CIK1901164,fundamentals,
1901297,CIK1901297,fundamentals,
1901305,CIK1901305,fundamentals,
1901606,CIK1901606,fundamentals,
1901612,CIK1901612,fundamentals,
1901886,CIK1901886,fundamentals,
1902649,CIK1902649,fundamentals,
1902700,CIK1902700,fundamentals,
1902794,CIK1902794,fundamentals,
1903464,CIK1903464,fundamentals,
1905824,CIK1905824,fundamentals,
1906133,CIK1906133,fundamentals,
1906195,CIK1906195,fundamentals,
1907685,CIK1907685,fundamentals,
1909152,CIK1909152,fundamentals,
1909770,CIK1909770,fundamentals,
1910851,CIK1910851,fundamentals,
1910950,CIK1910950,fundamentals,
1911066,CIK1911066,fundamentals,
1911321,CIK1911321,fundamentals,
1911500,CIK1911500,fundamentals,
1912331,CIK1912331,fundamentals,
1912461,CIK1912461,fundamentals,
1912540,CIK1912540,fundamentals,
1912954,CIK1912954,fundamentals,
1913724,CIK1913724,fundamentals,
1914023,CIK1914023,fundamentals,
1914496,CIK1914496,fundamentals,
19149,CIK19149,fundamentals,
1915380,CIK1915380,fundamentals,
1916099,CIK1916099,fundamentals,
1916608,CIK1916608,fundamentals,
1916879,CIK1916879,fundamentals,
1918080,CIK1918080,fundamentals,
1918694,CIK1918694,fundamentals,
1918712,CIK1918712,fundamentals,
1918884,CIK1918884,fundamentals,
1919369,CIK1919369,fundamentals,
1920145,CIK1920145,fundamentals,
1920453,CIK1920453,fundamentals,
1922331,CIK1922331,fundamentals,
1922639,CIK1922639,fundamentals,
1922947,CIK1922947,fundamentals,
1922981,CIK1922981,fundamentals,
1923840,CIK1923840,fundamentals,
1925309,CIK1925309,fundamentals,
1925531,CIK1925531,fundamentals,
1929017,CIK1929017,fundamentals,
1929231,CIK1929231,fundamentals,
1929589,CIK1929589,fundamentals,
1930054,CIK1930054,fundamentals,
1930087,CIK1930087,fundamentals,
1930679,CIK1930679,fundamentals,
1931691,CIK1931691,fundamentals,
1932213,CIK1932213,fundamentals,
1932244,CIK1932244,fundamentals,
1932591,CIK1932591,fundamentals,
1934064,CIK1934064,fundamentals,
19353,CIK19353,fundamentals,
1935799,CIK1935799,fundamentals,
1936255,CIK1936255,fundamentals,
1936702,CIK1936702,fundamentals,
1936737,CIK1936737,fundamentals,
1936756,CIK1936756,fundamentals,
1938570,CIK1938570,fundamentals,
1938649,CIK1938649,fundamentals,
1939433,CIK1939433,fundamentals,
19411,CIK19411,fundamentals,
1942722,CIK1942722,fundamentals,
1943705,CIK1943705,fundamentals,
1944212,CIK1944212,fundamentals,
1944366,CIK1944366,fundamentals,
19446,CIK19446,fundamentals,
1944831,CIK1944831,fundamentals,
1945422,CIK1945422,fundamentals,
1946997,CIK1946997,fundamentals,
1948056,CIK1948056,fundamentals,
1948368,CIK1948368,fundamentals,
1948565,CIK1948565,fundamentals,
1948884,CIK1948884,fundamentals,
1949543,CIK1949543,fundamentals,
1950429,CIK1950429,fundamentals,
1950803,CIK1950803,fundamentals,
1950976,CIK1950976,fundamentals,
1951051,CIK1951051,fundamentals,
1954360,CIK1954360,fundamentals,
1955010,CIK1955010,fundamentals,
1956055,CIK1956055,fundamentals,
1957845,CIK1957845,fundamentals,
1959348,CIK1959348,fundamentals,
1959568,CIK1959568,fundamentals,
1959585,CIK1959585,fundamentals,
1959604,CIK1959604,fundamentals,
1959961,CIK1959961,fundamentals,
1961,CIK1961,fundamentals,
19612,CIK19612,fundamentals,
1962918,CIK1962918,fundamentals,
1965934,CIK1965934,fundamentals,
1966394,CIK1966394,fundamentals,
1966494,CIK1966494,fundamentals,
1966734,CIK1966734,fundamentals,
1970509,CIK1970509,fundamentals,
1971381,CIK1971381,fundamentals,
1971543,CIK1971543,fundamentals,
1973047,CIK1973047,fundamentals,
1973056,CIK1973056,fundamentals,
1973476,CIK1973476,fundamentals,
1974395,CIK1974395,fundamentals,
1974793,CIK1974793,fundamentals,
1975218,CIK1975218,fundamentals,
1975736,CIK1975736,fundamentals,
1975931,CIK1975931,fundamentals,
1976336,CIK1976336,fundamentals,
1976719,CIK1976719,fundamentals,
1976900,CIK1976900,fundamentals,
1976927,CIK1976927,fundamentals,
1977303,CIK1977303,fundamentals,
1978133,CIK1978133,fundamentals,
1979306,CIK1979306,fundamentals,
1982701,CIK1982701,fundamentals,
1983514,CIK1983514,fundamentals,
1984739,CIK1984739,fundamentals,
1985375,CIK1985375,fundamentals,
1986395,CIK1986395,fundamentals,
1987221,CIK1987221,fundamentals,
1987731,CIK1987731,fundamentals,
1988280,CIK1988280,fundamentals,
1989817,CIK1989817,fundamentals,
1990550,CIK1990550,fundamentals,
1993402,CIK1993402,fundamentals,
1995413,CIK1995413,fundamentals,
1995648,CIK1995648,fundamentals,
1997698,CIK1997698,fundamentals,
1998387,CIK1998387,fundamentals,
1999538,CIK1999538,fundamentals,
1999784,CIK1999784,fundamentals,
2000597,CIK2000597,fundamentals,
2001249,CIK2001249,fundamentals,
200155,CIK200155,fundamentals,
200245,CIK200245,fundamentals,
2003397,CIK2003397,fundamentals,
2003881,CIK2003881,fundamentals,
2006191,CIK2006191,fundamentals,
2006758,CIK2006758,fundamentals,
2008027,CIK2008027,fundamentals,
2008861,CIK2008861,fundamentals,
2010982,CIK2010982,fundamentals,
2011134,CIK2011134,fundamentals,
2011498,CIK2011498,fundamentals,
2012139,CIK2012139,fundamentals,
2012839,CIK2012839,fundamentals,
2012964,CIK2012964,fundamentals,
201461,CIK201461,fundamentals,
2016167,CIK2016167,fundamentals,
2016420,CIK2016420,fundamentals,
20171,CIK20171,fundamentals,
2017636,CIK2017636,fundamentals,
201779,CIK201779,fundamentals,
2018545,CIK2018545,fundamentals,
2020354,CIK2020354,fundamentals,
2020919,CIK2020919,fundamentals,
2021042,CIK2021042,fundamentals,
20232,CIK20232,fundamentals,
2024283,CIK2024283,fundamentals,
2025065,CIK2025065,fundamentals,
2025396,CIK2025396,fundamentals,
2026448,CIK2026448,fundamentals,
2026738,CIK2026738,fundamentals,
2027033,CIK2027033,fundamentals,
2027537,CIK2027537,fundamentals,
2028686,CIK2028686,fundamentals,
2029023,CIK2029023,fundamentals,
203077,CIK203077,fundamentals,
2030772,CIK2030772,fundamentals,
2031283,CIK2031283,fundamentals,
2031750,CIK2031750,fundamentals,
2032019,CIK2032019,fundamentals,
2032020,CIK2032020,fundamentals,
2032260,CIK2032260,fundamentals,
2032379,CIK2032379,fundamentals,
203248,CIK203248,fundamentals,
2033362,CIK2033362,fundamentals,
2033382,CIK2033382,fundamentals,
2033695,CIK2033695,fundamentals,
2033750,CIK2033750,fundamentals,
2034,CIK2034,fundamentals,
2035156,CIK2035156,fundamentals,
203527,CIK203527,fundamentals,
2035428,CIK2035428,fundamentals,
2035713,CIK2035713,fundamentals,
2037431,CIK2037431,fundamentals,
2037804,CIK2037804,fundamentals,
2038118,CIK2038118,fundamentals,
2038564,CIK2038564,fundamentals,
2039458,CIK2039458,fundamentals,
2039461,CIK2039461,fundamentals,
2039505,CIK2039505,fundamentals,
2040807,CIK2040807,fundamentals,
2041999,CIK2041999,fundamentals,
2043019,CIK2043019,fundamentals,
2043020,CIK2043020,fundamentals,
2043133,CIK2043133,fundamentals,
2043759,CIK2043759,fundamentals,
2044112,CIK2044112,fundamentals,
2044820,CIK2044820,fundamentals,
2045370,CIK2045370,fundamentals,
2045458,CIK2045458,fundamentals,
2046946,CIK2046946,fundamentals,
2049595,CIK2049595,fundamentals,
2049733,CIK2049733,fundamentals,
2050260,CIK2050260,fundamentals,
20520,CIK20520,fundamentals,
2052152,CIK2052152,fundamentals,
2052153,CIK2052153,fundamentals,
205402,CIK205402,fundamentals,
2054174,CIK2054174,fundamentals,
2054247,CIK2054247,fundamentals,
2056263,CIK2056263,fundamentals,
2061174,CIK2061174,fundamentals,
2061670,CIK2061670,fundamentals,
20629,CIK20629,fundamentals,
2064765,CIK2064765,fundamentals,
2065287,CIK2065287,fundamentals,
2065337,CIK2065337,fundamentals,
2065397,CIK2065397,fundamentals,
2066067,CIK2066067,fundamentals,
2066337,CIK2066337,fundamentals,
2066659,CIK2066659,fundamentals,
2068074,CIK2068074,fundamentals,
2069692,CIK2069692,fundamentals,
2070845,CIK2070845,fundamentals,
2071136,CIK2071136,fundamentals,
2072184,CIK2072184,fundamentals,
2073537,CIK2073537,fundamentals,
2073653,CIK2073653,fundamentals,
20740,CIK20740,fundamentals,
2074065,CIK2074065,fundamentals,
2074450,CIK2074450,fundamentals,
2074643,CIK2074643,fundamentals,
2074652,CIK2074652,fundamentals,
2075109,CIK2075109,fundamentals,
2075239,CIK2075239,fundamentals,
2076765,CIK2076765,fundamentals,
2078730,CIK2078730,fundamentals,
2079320,CIK2079320,fundamentals,
2079546,CIK2079546,fundamentals,
2079966,CIK2079966,fundamentals,
2081043,CIK2081043,fundamentals,
2081628,CIK2081628,fundamentals,
2082557,CIK2082557,fundamentals,
2082559,CIK2082559,fundamentals,
2083477,CIK2083477,fundamentals,
2086503,CIK2086503,fundamentals,
2088221,CIK2088221,fundamentals,
2089126,CIK2089126,fundamentals,
2089189,CIK2089189,fundamentals,
2089975,CIK2089975,fundamentals,
2091438,CIK2091438,fundamentals,
2093096,CIK2093096,fundamentals,
2093375,CIK2093375,fundamentals,
2097953,CIK2097953,fundamentals,
2098382,CIK2098382,fundamentals,
2102386,CIK2102386,fundamentals,
2106607,CIK2106607,fundamentals,
2108121,CIK2108121,fundamentals,
2114521,CIK2114521,fundamentals,
21239,CIK21239,fundamentals,
21510,CIK21510,fundamentals,
215419,CIK215419,fundamentals,
216039,CIK216039,fundamentals,
216324,CIK216324,fundamentals,
216539,CIK216539,fundamentals,
216877,CIK216877,fundamentals,
2178,CIK2178,fundamentals,
21828,CIK21828,fundamentals,
22252,CIK22252,fundamentals,
225051,CIK225051,fundamentals,
225211,CIK225211,fundamentals,
225263,CIK225263,fundamentals,
22551,CIK22551,fundamentals,
225628,CIK225628,fundamentals,
225648,CIK225648,fundamentals,
225789,CIK225789,fundamentals,
22872,CIK22872,fundamentals,
230211,CIK230211,fundamentals,
230498,CIK230498,fundamentals,
23082,CIK23082,fundamentals,
23111,CIK23111,fundamentals,
23503,CIK23503,fundamentals,
23666,CIK23666,fundamentals,
23675,CIK23675,fundamentals,
24104,CIK24104,fundamentals,
24491,CIK24491,fundamentals,
24751,CIK24751,fundamentals,
2491,CIK2491,fundamentals,
25212,CIK25212,fundamentals,
25354,CIK25354,fundamentals,
25598,CIK25598,fundamentals,
25600,CIK25600,fundamentals,
25793,CIK25793,fundamentals,
26076,CIK26076,fundamentals,
27430,CIK27430,fundamentals,
275119,CIK275119,fundamentals,
276209,CIK276209,fundamentals,
276283,CIK276283,fundamentals,
27673,CIK27673,fundamentals,
276750,CIK276750,fundamentals,
277058,CIK277058,fundamentals,
277375,CIK277375,fundamentals,
27748,CIK27748,fundamentals,
277595,CIK277595,fundamentals,
277638,CIK277638,fundamentals,
277905,CIK277905,fundamentals,
277924,CIK277924,fundamentals,
277928,CIK277928,fundamentals,
278041,CIK278041,fundamentals,
278128,CIK278128,fundamentals,
278130,CIK278130,fundamentals,
28367,CIK28367,fundamentals,
28385,CIK28385,fundamentals,
28412,CIK28412,fundamentals,
28561,CIK28561,fundamentals,
29006,CIK29006,fundamentals,
29504,CIK29504,fundamentals,
29669,CIK29669,fundamentals,
29834,CIK29834,fundamentals,
29915,CIK29915,fundamentals,
29952,CIK29952,fundamentals,
30302,CIK30302,fundamentals,
30419,CIK30419,fundamentals,
30822,CIK30822,fundamentals,
30828,CIK30828,fundamentals,
30831,CIK30831,fundamentals,
310056,CIK310056,fundamentals,
310568,CIK310568,fundamentals,
310826,CIK310826,fundamentals,
311471,CIK311471,fundamentals,
3116,CIK3116,fundamentals,
311817,CIK311817,fundamentals,
312065,CIK312065,fundamentals,
31277,CIK31277,fundamentals,
313151,CIK313151,fundamentals,
313337,CIK313337,fundamentals,
313353,CIK313353,fundamentals,
31347,CIK31347,fundamentals,
313478,CIK313478,fundamentals,
313716,CIK313716,fundamentals,
314197,CIK314197,fundamentals,
314237,CIK314237,fundamentals,
314606,CIK314606,fundamentals,
314690,CIK314690,fundamentals,
314712,CIK314712,fundamentals,
314741,CIK314741,fundamentals,
315131,CIK315131,fundamentals,
315261,CIK315261,fundamentals,
315449,CIK315449,fundamentals,
315849,CIK315849,fundamentals,
315858,CIK315858,fundamentals,
316028,CIK316028,fundamentals,
316206,CIK316206,fundamentals,
316253,CIK316253,fundamentals,
316300,CIK316300,fundamentals,
316736,CIK316736,fundamentals,
316793,CIK316793,fundamentals,
31704,CIK31704,fundamentals,
317340,CIK317340,fundamentals,
317771,CIK317771,fundamentals,
317889,CIK317889,fundamentals,
317900,CIK317900,fundamentals,
318346,CIK318346,fundamentals,
318508,CIK318508,fundamentals,
318622,CIK318622,fundamentals,
318835,CIK318835,fundamentals,
318986,CIK318986,fundamentals,
318996,CIK318996,fundamentals,
319156,CIK319156,fundamentals,
319200,CIK319200,fundamentals,
319240,CIK319240,fundamentals,
319458,CIK319458,fundamentals,
319671,CIK319671,fundamentals,
319687,CIK319687,fundamentals,
31978,CIK31978,fundamentals,
319815,CIK319815,fundamentals,
31986,CIK31986,fundamentals,
320174,CIK320174,fundamentals,
320340,CIK320340,fundamentals,
320345,CIK320345,fundamentals,
320387,CIK320387,fundamentals,
320431,CIK320431,fundamentals,
320575,CIK320575,fundamentals,
32166,CIK32166,fundamentals,
32198,CIK32198,fundamentals,
32567,CIK32567,fundamentals,
32689,CIK32689,fundamentals,
32776,CIK32776,fundamentals,
32878,CIK32878,fundamentals,
33113,CIK33113,fundamentals,
33619,CIK33619,fundamentals,
33769,CIK33769,fundamentals,
34115,CIK34115,fundamentals,
34408,CIK34408,fundamentals,
350077,CIK350077,fundamentals,
350199,CIK350199,fundamentals,
350403,CIK350403,fundamentals,
350563,CIK350563,fundamentals,
350644,CIK350644,fundamentals,
350737,CIK350737,fundamentals,
350797,CIK350797,fundamentals,
350832,CIK350832,fundamentals,
350846,CIK350846,fundamentals,
350868,CIK350868,fundamentals,
350907,CIK350907,fundamentals,
350917,CIK350917,fundamentals,
351017,CIK351017,fundamentals,
351077,CIK351077,fundamentals,
351231,CIK351231,fundamentals,
351346,CIK351346,fundamentals,
351397,CIK351397,fundamentals,
351817,CIK351817,fundamentals,
351834,CIK351834,fundamentals,
351902,CIK351902,fundamentals,
351903,CIK351903,fundamentals,
351931,CIK351931,fundamentals,
35214,CIK35214,fundamentals,
352363,CIK352363,fundamentals,
352736,CIK352736,fundamentals,
352747,CIK352747,fundamentals,
352998,CIK352998,fundamentals,
353020,CIK353020,fundamentals,
353191,CIK353191,fundamentals,
353230,CIK353230,fundamentals,
353386,CIK353386,fundamentals,
353394,CIK353394,fundamentals,
353569,CIK353569,fundamentals,
353681,CIK353681,fundamentals,
353944,CIK353944,fundamentals,
354260,CIK354260,fundamentals,
354521,CIK354521,fundamentals,
354567,CIK354567,fundamentals,
354655,CIK354655,fundamentals,
354706,CIK354706,fundamentals,
354813,CIK354813,fundamentals,
354869,CIK354869,fundamentals,
354908,CIK354908,fundamentals,
354964,CIK354964,fundamentals,
355356,CIK355356,fundamentals,
355379,CIK355379,fundamentals,
355429,CIK355429,fundamentals,
355573,CIK355573,fundamentals,
355627,CIK355627,fundamentals,
355637,CIK355637,fundamentals,
355766,CIK355766,fundamentals,
355777,CIK355777,fundamentals,
355804,CIK355804,fundamentals,
355999,CIK355999,fundamentals,
356028,CIK356028,fundamentals,
356080,CIK356080,fundamentals,
356130,CIK356130,fundamentals,
356213,CIK356213,fundamentals,
356292,CIK356292,fundamentals,
356472,CIK356472,fundamentals,
356590,CIK356590,fundamentals,
356591,CIK356591,fundamentals,
356870,CIK356870,fundamentals,
357001,CIK357001,fundamentals,
357020,CIK357020,fundamentals,
357097,CIK357097,fundamentals,
357108,CIK357108,fundamentals,
357264,CIK357264,fundamentals,
36047,CIK36047,fundamentals,
36369,CIK36369,fundamentals,
36506,CIK36506,fundamentals,
3673,CIK3673,fundamentals,
37008,CIK37008,fundamentals,
37049,CIK37049,fundamentals,
37634,CIK37634,fundamentals,
37748,CIK37748,fundamentals,
38009,CIK38009,fundamentals,
38067,CIK38067,fundamentals,
38074,CIK38074,fundamentals,
38079,CIK38079,fundamentals,
38723,CIK38723,fundamentals,
38984,CIK38984,fundamentals,
39047,CIK39047,fundamentals,
39273,CIK39273,fundamentals,
3952,CIK3952,fundamentals,
39648,CIK39648,fundamentals,
39677,CIK39677,fundamentals,
39899,CIK39899,fundamentals,
40194,CIK40194,fundamentals,
40528,CIK40528,fundamentals,
40554,CIK40554,fundamentals,
40888,CIK40888,fundamentals,
41023,CIK41023,fundamentals,
4187,CIK4187,fundamentals,
42136,CIK42136,fundamentals,
42228,CIK42228,fundamentals,
42284,CIK42284,fundamentals,
42316,CIK42316,fundamentals,
42542,CIK42542,fundamentals,
43300,CIK43300,fundamentals,
43350,CIK43350,fundamentals,
43410,CIK43410,fundamentals,
4447,CIK4447,fundamentals,
44689,CIK44689,fundamentals,
4515,CIK4515,fundamentals,
45621,CIK45621,fundamentals,
45876,CIK45876,fundamentals,
45947,CIK45947,fundamentals,
4611,CIK4611,fundamentals,
46207,CIK46207,fundamentals,
46640,CIK46640,fundamentals,
47129,CIK47129,fundamentals,
47307,CIK47307,fundamentals,
47518,CIK47518,fundamentals,
48039,CIK48039,fundamentals,
4828,CIK4828,fundamentals,
48732,CIK48732,fundamentals,
49534,CIK49534,fundamentals,
49615,CIK49615,fundamentals,
49648,CIK49648,fundamentals,
4969,CIK4969,fundamentals,
49728,CIK49728,fundamentals,
49930,CIK49930,fundamentals,
50104,CIK50104,fundamentals,
50957,CIK50957,fundamentals,
51011,CIK51011,fundamentals,
5117,CIK5117,fundamentals,
5133,CIK5133,fundamentals,
51548,CIK51548,fundamentals,
51644,CIK51644,fundamentals,
5187,CIK5187,fundamentals,
52428,CIK52428,fundamentals,
52795,CIK52795,fundamentals,
53320,CIK53320,fundamentals,
53500,CIK53500,fundamentals,
53669,CIK53669,fundamentals,
54381,CIK54381,fundamentals,
54441,CIK54441,fundamentals,
54473,CIK54473,fundamentals,
54480,CIK54480,fundamentals,
54507,CIK54507,fundamentals,
54681,CIK54681,fundamentals,
55067,CIK55067,fundamentals,
55362,CIK55362,fundamentals,
55387,CIK55387,fundamentals,
55604,CIK55604,fundamentals,
55772,CIK55772,fundamentals,
5656,CIK5656,fundamentals,
57055,CIK57055,fundamentals,
57183,CIK57183,fundamentals,
57528,CIK57528,fundamentals,
5768,CIK5768,fundamentals,
57725,CIK57725,fundamentals,
58592,CIK58592,fundamentals,
58822,CIK58822,fundamentals,
59440,CIK59440,fundamentals,
59860,CIK59860,fundamentals,
60751,CIK60751,fundamentals,
60849,CIK60849,fundamentals,
60876,CIK60876,fundamentals,
60977,CIK60977,fundamentals,
61339,CIK61339,fundamentals,
61398,CIK61398,fundamentals,
6284,CIK6284,fundamentals,
6292,CIK6292,fundamentals,
6314,CIK6314,fundamentals,
64279,CIK64279,fundamentals,
64670,CIK64670,fundamentals,
6494,CIK6494,fundamentals,
64978,CIK64978,fundamentals,
65011,CIK65011,fundamentals,
65100,CIK65100,fundamentals,
65201,CIK65201,fundamentals,
65759,CIK65759,fundamentals,
66600,CIK66600,fundamentals,
66649,CIK66649,fundamentals,
66756,CIK66756,fundamentals,
67279,CIK67279,fundamentals,
6732,CIK6732,fundamentals,
67472,CIK67472,fundamentals,
67517,CIK67517,fundamentals,
67625,CIK67625,fundamentals,
6769,CIK6769,fundamentals,
68145,CIK68145,fundamentals,
68270,CIK68270,fundamentals,
68589,CIK68589,fundamentals,
68709,CIK68709,fundamentals,
6885,CIK6885,fundamentals,
69499,CIK69499,fundamentals,
69671,CIK69671,fundamentals,
700721,CIK700721,fundamentals,
700733,CIK700733,fundamentals,
700764,CIK700764,fundamentals,
700815,CIK700815,fundamentals,
700863,CIK700863,fundamentals,
700890,CIK700890,fundamentals,
701221,CIK701221,fundamentals,
701288,CIK701288,fundamentals,
701345,CIK701345,fundamentals,
701374,CIK701374,fundamentals,
701811,CIK701811,fundamentals,
701853,CIK701853,fundamentals,
701869,CIK701869,fundamentals,
702325,CIK702325,fundamentals,
702513,CIK702513,fundamentals,
702644,CIK702644,fundamentals,
7032,CIK7032,fundamentals,
703329,CIK703329,fundamentals,
703339,CIK703339,fundamentals,
703360,CIK703360,fundamentals,
703361,CIK703361,fundamentals,
703699,CIK703699,fundamentals,
7039,CIK7039,fundamentals,
703901,CIK703901,fundamentals,
704051,CIK704051,fundamentals,
70415,CIK70415,fundamentals,
704159,CIK704159,fundamentals,
704165,CIK704165,fundamentals,
704172,CIK704172,fundamentals,
704366,CIK704366,fundamentals,
704384,CIK704384,fundamentals,
704415,CIK704415,fundamentals,
704432,CIK704432,fundamentals,
704561,CIK704561,fundamentals,
704562,CIK704562,fundamentals,
70530,CIK70530,fundamentals,
705752,CIK705752,fundamentals,
706688,CIK706688,fundamentals,
70684,CIK70684,fundamentals,
706874,CIK706874,fundamentals,
707388,CIK707388,fundamentals,
707511,CIK707511,fundamentals,
707604,CIK707604,fundamentals,
707674,CIK707674,fundamentals,
707855,CIK707855,fundamentals,
707886,CIK707886,fundamentals,
70793,CIK70793,fundamentals,
708717,CIK708717,fundamentals,
708818,CIK708818,fundamentals,
708819,CIK708819,fundamentals,
708850,CIK708850,fundamentals,
708870,CIK708870,fundamentals,
709804,CIK709804,fundamentals,
710507,CIK710507,fundamentals,
710782,CIK710782,fundamentals,
710846,CIK710846,fundamentals,
711065,CIK711065,fundamentals,
711213,CIK711213,fundamentals,
711477,CIK711477,fundamentals,
711513,CIK711513,fundamentals,
711665,CIK711665,fundamentals,
711772,CIK711772,fundamentals,
71180,CIK71180,fundamentals,
713002,CIK713002,fundamentals,
713095,CIK713095,fundamentals,
713275,CIK713275,fundamentals,
713425,CIK713425,fundamentals,
713671,CIK713671,fundamentals,
714284,CIK714284,fundamentals,
714311,CIK714311,fundamentals,
714530,CIK714530,fundamentals,
714603,CIK714603,fundamentals,
714980,CIK714980,fundamentals,
715073,CIK715073,fundamentals,
715578,CIK715578,fundamentals,
715788,CIK715788,fundamentals,
715812,CIK715812,fundamentals,
716006,CIK716006,fundamentals,
716133,CIK716133,fundamentals,
716605,CIK716605,fundamentals,
716688,CIK716688,fundamentals,
716778,CIK716778,fundamentals,
717059,CIK717059,fundamentals,
717588,CIK717588,fundamentals,
717724,CIK717724,fundamentals,
718096,CIK718096,fundamentals,
718396,CIK718396,fundamentals,
718789,CIK718789,fundamentals,
718877,CIK718877,fundamentals,
718916,CIK718916,fundamentals,
718924,CIK718924,fundamentals,
719152,CIK719152,fundamentals,
719164,CIK719164,fundamentals,
719184,CIK719184,fundamentals,
719209,CIK719209,fundamentals,
719264,CIK719264,fundamentals,
719274,CIK719274,fundamentals,
719494,CIK719494,fundamentals,
719581,CIK719581,fundamentals,
719731,CIK719731,fundamentals,
719739,CIK719739,fundamentals,
719866,CIK719866,fundamentals,
720002,CIK720002,fundamentals,
72020,CIK72020,fundamentals,
720392,CIK720392,fundamentals,
720515,CIK720515,fundamentals,
721083,CIK721083,fundamentals,
721447,CIK721447,fundamentals,
721683,CIK721683,fundamentals,
72170,CIK72170,fundamentals,
72207,CIK72207,fundamentals,
722077,CIK722077,fundamentals,
722104,CIK722104,fundamentals,
722256,CIK722256,fundamentals,
722392,CIK722392,fundamentals,
722648,CIK722648,fundamentals,
722723,CIK722723,fundamentals,
722830,CIK722830,fundamentals,
722833,CIK722833,fundamentals,
72316,CIK72316,fundamentals,
723269,CIK723269,fundamentals,
72333,CIK72333,fundamentals,
723458,CIK723458,fundamentals,
723594,CIK723594,fundamentals,
723733,CIK723733,fundamentals,
724267,CIK724267,fundamentals,
724571,CIK724571,fundamentals,
724606,CIK724606,fundamentals,
724915,CIK724915,fundamentals,
724941,CIK724941,fundamentals,
725537,CIK725537,fundamentals,
725876,CIK725876,fundamentals,
725929,CIK725929,fundamentals,
726037,CIK726037,fundamentals,
726293,CIK726293,fundamentals,
726435,CIK726435,fundamentals,
726513,CIK726513,fundamentals,
726514,CIK726514,fundamentals,
726516,CIK726516,fundamentals,
726517,CIK726517,fundamentals,
726865,CIK726865,fundamentals,
727207,CIK727207,fundamentals,
727538,CIK727538,fundamentals,
727634,CIK727634,fundamentals,
727672,CIK727672,fundamentals,
727892,CIK727892,fundamentals,
727920,CIK727920,fundamentals,
728249,CIK728249,fundamentals,
728303,CIK728303,fundamentals,
728331,CIK728331,fundamentals,
728391,CIK728391,fundamentals,
728447,CIK728447,fundamentals,
728478,CIK728478,fundamentals,
7286,CIK7286,fundamentals,
72909,CIK72909,fundamentals,
72911,CIK72911,fundamentals,
729156,CIK729156,fundamentals,
729237,CIK729237,fundamentals,
730000,CIK730000,fundamentals,
73020,CIK73020,fundamentals,
730255,CIK730255,fundamentals,
73048,CIK73048,fundamentals,
730669,CIK730669,fundamentals,
730716,CIK730716,fundamentals,
730729,CIK730729,fundamentals,
73088,CIK73088,fundamentals,
731131,CIK731131,fundamentals,
731245,CIK731245,fundamentals,
731288,CIK731288,fundamentals,
731657,CIK731657,fundamentals,
731727,CIK731727,fundamentals,
731859,CIK731859,fundamentals,
731939,CIK731939,fundamentals,
732412,CIK732412,fundamentals,
732485,CIK732485,fundamentals,
732834,CIK732834,fundamentals,
733076,CIK733076,fundamentals,
7332,CIK7332,fundamentals,
733337,CIK733337,fundamentals,
734543,CIK734543,fundamentals,
73605,CIK73605,fundamentals,
736822,CIK736822,fundamentals,
737207,CIK737207,fundamentals,
737210,CIK737210,fundamentals,
737300,CIK737300,fundamentals,
73887,CIK73887,fundamentals,
739608,CIK739608,fundamentals,
739708,CIK739708,fundamentals,
739878,CIK739878,fundamentals,
739944,CIK739944,fundamentals,
740156,CIK740156,fundamentals,
740371,CIK740371,fundamentals,
740571,CIK740571,fundamentals,
740663,CIK740663,fundamentals,
740670,CIK740670,fundamentals,
740694,CIK740694,fundamentals,
740726,CIK740726,fundamentals,
740761,CIK740761,fundamentals,
740942,CIK740942,fundamentals,
740971,CIK740971,fundamentals,
741114,CIK741114,fundamentals,
74145,CIK74145,fundamentals,
741508,CIK741508,fundamentals,
741516,CIK741516,fundamentals,
741815,CIK741815,fundamentals,
742112,CIK742112,fundamentals,
742126,CIK742126,fundamentals,
743238,CIK743238,fundamentals,
743316,CIK743316,fundamentals,
743366,CIK743366,fundamentals,
743758,CIK743758,fundamentals,
743870,CIK743870,fundamentals,
743988,CIK743988,fundamentals,
744455,CIK744455,fundamentals,
744485,CIK744485,fundamentals,
744786,CIK744786,fundamentals,
745538,CIK745538,fundamentals,
745543,CIK745543,fundamentals,
745544,CIK745544,fundamentals,
745651,CIK745651,fundamentals,
745981,CIK745981,fundamentals,
746631,CIK746631,fundamentals,
74688,CIK74688,fundamentals,
746967,CIK746967,fundamentals,
747159,CIK747159,fundamentals,
747605,CIK747605,fundamentals,
748015,CIK748015,fundamentals,
74818,CIK74818,fundamentals,
748270,CIK748270,fundamentals,
748714,CIK748714,fundamentals,
748790,CIK748790,fundamentals,
749038,CIK749038,fundamentals,
749153,CIK749153,fundamentals,
749254,CIK749254,fundamentals,
749660,CIK749660,fundamentals,
749872,CIK749872,fundamentals,
749935,CIK749935,fundamentals,
750150,CIK750150,fundamentals,
750199,CIK750199,fundamentals,
750304,CIK750304,fundamentals,
750556,CIK750556,fundamentals,
750813,CIK750813,fundamentals,
751085,CIK751085,fundamentals,
751652,CIK751652,fundamentals,
75208,CIK75208,fundamentals,
752294,CIK752294,fundamentals,
752431,CIK752431,fundamentals,
752634,CIK752634,fundamentals,
752902,CIK752902,fundamentals,
753048,CIK753048,fundamentals,
753224,CIK753224,fundamentals,
75340,CIK75340,fundamentals,
753568,CIK753568,fundamentals,
753772,CIK753772,fundamentals,
75439,CIK75439,fundamentals,
754673,CIK754673,fundamentals,
754737,CIK754737,fundamentals,
754813,CIK754813,fundamentals,
755003,CIK755003,fundamentals,
755806,CIK755806,fundamentals,
75594,CIK75594,fundamentals,
75679,CIK75679,fundamentals,
756862,CIK756862,fundamentals,
757011,CIK757011,fundamentals,
757641,CIK757641,fundamentals,
758004,CIK758004,fundamentals,
75829,CIK75829,fundamentals,
758743,CIK758743,fundamentals,
758938,CIK758938,fundamentals,
759458,CIK759458,fundamentals,
759718,CIK759718,fundamentals,
759999,CIK759999,fundamentals,
760326,CIK760326,fundamentals,
76063,CIK76063,fundamentals,
761034,CIK761034,fundamentals,
76149,CIK76149,fundamentals,
76321,CIK76321,fundamentals,
763293,CIK763293,fundamentals,
76348,CIK76348,fundamentals,
763846,CIK763846,fundamentals,
763950,CIK763950,fundamentals,
764195,CIK764195,fundamentals,
764402,CIK764402,fundamentals,
764579,CIK764579,fundamentals,
764581,CIK764581,fundamentals,
764586,CIK764586,fundamentals,
764667,CIK764667,fundamentals,
764764,CIK764764,fundamentals,
764811,CIK764811,fundamentals,
764839,CIK764839,fundamentals,
766404,CIK766404,fundamentals,
766561,CIK766561,fundamentals,
766701,CIK766701,fundamentals,
767884,CIK767884,fundamentals,
767920,CIK767920,fundamentals,
768216,CIK768216,fundamentals,
768251,CIK768251,fundamentals,
768411,CIK768411,fundamentals,
768710,CIK768710,fundamentals,
768835,CIK768835,fundamentals,
768890,CIK768890,fundamentals,
769131,CIK769131,fundamentals,
769207,CIK769207,fundamentals,
77159,CIK77159,fundamentals,
771950,CIK771950,fundamentals,
772320,CIK772320,fundamentals,
772370,CIK772370,fundamentals,
772572,CIK772572,fundamentals,
77281,CIK77281,fundamentals,
772897,CIK772897,fundamentals,
773141,CIK773141,fundamentals,
773318,CIK773318,fundamentals,
773660,CIK773660,fundamentals,
773910,CIK773910,fundamentals,
77449,CIK77449,fundamentals,
774517,CIK774517,fundamentals,
774569,CIK774569,fundamentals,
774937,CIK774937,fundamentals,
775345,CIK775345,fundamentals,
775368,CIK775368,fundamentals,
775662,CIK775662,fundamentals,
77597,CIK77597,fundamentals,
776008,CIK776008,fundamentals,
776325,CIK776325,fundamentals,
777491,CIK777491,fundamentals,
77776,CIK77776,fundamentals,
777917,CIK777917,fundamentals,
778165,CIK778165,fundamentals,
778438,CIK778438,fundamentals,
778734,CIK778734,fundamentals,
77877,CIK77877,fundamentals,
778946,CIK778946,fundamentals,
778972,CIK778972,fundamentals,
779125,CIK779125,fundamentals,
779956,CIK779956,fundamentals,
780053,CIK780053,fundamentals,
780127,CIK780127,fundamentals,
781902,CIK781902,fundamentals,
782842,CIK782842,fundamentals,
783005,CIK783005,fundamentals,
78311,CIK78311,fundamentals,
783280,CIK783280,fundamentals,
783284,CIK783284,fundamentals,
783603,CIK783603,fundamentals,
783739,CIK783739,fundamentals,
784011,CIK784011,fundamentals,
78460,CIK78460,fundamentals,
784770,CIK784770,fundamentals,
785024,CIK785024,fundamentals,
785787,CIK785787,fundamentals,
785815,CIK785815,fundamentals,
785968,CIK785968,fundamentals,
786110,CIK786110,fundamentals,
786360,CIK786360,fundamentals,
786620,CIK786620,fundamentals,
786947,CIK786947,fundamentals,
787075,CIK787075,fundamentals,
787250,CIK787250,fundamentals,
787251,CIK787251,fundamentals,
78838,CIK78838,fundamentals,
788816,CIK788816,fundamentals,
788885,CIK788885,fundamentals,
789073,CIK789073,fundamentals,
789132,CIK789132,fundamentals,
789860,CIK789860,fundamentals,
789868,CIK789868,fundamentals,
789879,CIK789879,fundamentals,
789944,CIK789944,fundamentals,
790024,CIK790024,fundamentals,
790066,CIK790066,fundamentals,
790067,CIK790067,fundamentals,
790070,CIK790070,fundamentals,
790179,CIK790179,fundamentals,
790362,CIK790362,fundamentals,
790528,CIK790528,fundamentals,
790652,CIK790652,fundamentals,
790703,CIK790703,fundamentals,
790705,CIK790705,fundamentals,
790715,CIK790715,fundamentals,
790730,CIK790730,fundamentals,
790818,CIK790818,fundamentals,
790877,CIK790877,fundamentals,
791519,CIK791519,fundamentals,
791770,CIK791770,fundamentals,
791907,CIK791907,fundamentals,
791915,CIK791915,fundamentals,
792013,CIK792013,fundamentals,
792130,CIK792130,fundamentals,
792161,CIK792161,fundamentals,
792641,CIK792641,fundamentals,
792935,CIK792935,fundamentals,
792977,CIK792977,fundamentals,
792985,CIK792985,fundamentals,
792989,CIK792989,fundamentals,
793171,CIK793171,fundamentals,
793547,CIK793547,fundamentals,
793983,CIK793983,fundamentals,
794107,CIK794107,fundamentals,
794172,CIK794172,fundamentals,
794323,CIK794323,fundamentals,
794775,CIK794775,fundamentals,
7951,CIK7951,fundamentals,
795212,CIK795212,fundamentals,
795255,CIK795255,fundamentals,
795551,CIK795551,fundamentals,
796124,CIK796124,fundamentals,
796317,CIK796317,fundamentals,
796764,CIK796764,fundamentals,
797079,CIK797079,fundamentals,
797463,CIK797463,fundamentals,
797662,CIK797662,fundamentals,
798371,CIK798371,fundamentals,
798955,CIK798955,fundamentals,
798985,CIK798985,fundamentals,
799088,CIK799088,fundamentals,
799231,CIK799231,fundamentals,
799235,CIK799235,fundamentals,
799414,CIK799414,fundamentals,
79958,CIK79958,fundamentals,
799694,CIK799694,fundamentals,
799698,CIK799698,fundamentals,
799729,CIK799729,fundamentals,
800240,CIK800240,fundamentals,
800286,CIK800286,fundamentals,
800458,CIK800458,fundamentals,
800459,CIK800459,fundamentals,
80124,CIK80124,fundamentals,
801351,CIK801351,fundamentals,
801748,CIK801748,fundamentals,
801898,CIK801898,fundamentals,
802356,CIK802356,fundamentals,
802510,CIK802510,fundamentals,
802681,CIK802681,fundamentals,
802724,CIK802724,fundamentals,
802851,CIK802851,fundamentals,
802967,CIK802967,fundamentals,
803014,CIK803014,fundamentals,
803044,CIK803044,fundamentals,
803647,CIK803647,fundamentals,
803649,CIK803649,fundamentals,
803771,CIK803771,fundamentals,
804055,CIK804055,fundamentals,
804154,CIK804154,fundamentals,
804212,CIK804212,fundamentals,
804217,CIK804217,fundamentals,
804269,CIK804269,fundamentals,
804561,CIK804561,fundamentals,
804671,CIK804671,fundamentals,
804753,CIK804753,fundamentals,
805022,CIK805022,fundamentals,
805080,CIK805080,fundamentals,
805264,CIK805264,fundamentals,
805305,CIK805305,fundamentals,
805326,CIK805326,fundamentals,
805729,CIK805729,fundamentals,
805792,CIK805792,fundamentals,
805993,CIK805993,fundamentals,
806175,CIK806175,fundamentals,
806279,CIK806279,fundamentals,
806592,CIK806592,fundamentals,
806888,CIK806888,fundamentals,
807707,CIK807707,fundamentals,
807884,CIK807884,fundamentals,
808011,CIK808011,fundamentals,
808015,CIK808015,fundamentals,
808047,CIK808047,fundamentals,
808064,CIK808064,fundamentals,
808326,CIK808326,fundamentals,
808362,CIK808362,fundamentals,
808377,CIK808377,fundamentals,
808450,CIK808450,fundamentals,
808461,CIK808461,fundamentals,
809248,CIK809248,fundamentals,
809933,CIK809933,fundamentals,
810084,CIK810084,fundamentals,
810117,CIK810117,fundamentals,
81018,CIK81018,fundamentals,
810208,CIK810208,fundamentals,
81033,CIK81033,fundamentals,
810509,CIK810509,fundamentals,
81061,CIK81061,fundamentals,
810689,CIK810689,fundamentals,
810829,CIK810829,fundamentals,
81100,CIK81100,fundamentals,
811212,CIK811212,fundamentals,
811240,CIK811240,fundamentals,
811271,CIK811271,fundamentals,
811532,CIK811532,fundamentals,
81157,CIK81157,fundamentals,
811672,CIK811672,fundamentals,
811779,CIK811779,fundamentals,
811808,CIK811808,fundamentals,
811830,CIK811830,fundamentals,
811831,CIK811831,fundamentals,
811868,CIK811868,fundamentals,
812128,CIK812128,fundamentals,
812149,CIK812149,fundamentals,
812233,CIK812233,fundamentals,
812301,CIK812301,fundamentals,
812348,CIK812348,fundamentals,
812564,CIK812564,fundamentals,
812630,CIK812630,fundamentals,
812701,CIK812701,fundamentals,
812900,CIK812900,fundamentals,
812906,CIK812906,fundamentals,
81318,CIK81318,fundamentals,
813619,CIK813619,fundamentals,
813621,CIK813621,fundamentals,
813640,CIK813640,fundamentals,
813658,CIK813658,fundamentals,
813718,CIK813718,fundamentals,
813779,CIK813779,fundamentals,
813781,CIK813781,fundamentals,
813828,CIK813828,fundamentals,
813920,CIK813920,fundamentals,
814046,CIK814046,fundamentals,
814184,CIK814184,fundamentals,
814286,CIK814286,fundamentals,
814361,CIK814361,fundamentals,
814549,CIK814549,fundamentals,
814904,CIK814904,fundamentals,
814920,CIK814920,fundamentals,
815024,CIK815024,fundamentals,
815065,CIK815065,fundamentals,
815093,CIK815093,fundamentals,
815094,CIK815094,fundamentals,
815353,CIK815353,fundamentals,
815917,CIK815917,fundamentals,
816159,CIK816159,fundamentals,
816284,CIK816284,fundamentals,
817129,CIK817129,fundamentals,
817135,CIK817135,fundamentals,
817366,CIK817366,fundamentals,
817979,CIK817979,fundamentals,
818813,CIK818813,fundamentals,
819050,CIK819050,fundamentals,
819220,CIK819220,fundamentals,
819689,CIK819689,fundamentals,
819690,CIK819690,fundamentals,
819913,CIK819913,fundamentals,
820081,CIK820081,fundamentals,
820096,CIK820096,fundamentals,
820097,CIK820097,fundamentals,
820237,CIK820237,fundamentals,
820380,CIK820380,fundamentals,
820600,CIK820600,fundamentals,
820608,CIK820608,fundamentals,
820736,CIK820736,fundamentals,
820738,CIK820738,fundamentals,
820901,CIK820901,fundamentals,
820907,CIK820907,fundamentals,
821127,CIK821127,fundamentals,
82166,CIK82166,fundamentals,
821899,CIK821899,fundamentals,
821995,CIK821995,fundamentals,
822083,CIK822083,fundamentals,
822411,CIK822411,fundamentals,
822418,CIK822418,fundamentals,
822662,CIK822662,fundamentals,
822708,CIK822708,fundamentals,
822746,CIK822746,fundamentals,
822783,CIK822783,fundamentals,
822997,CIK822997,fundamentals,
823094,CIK823094,fundamentals,
823544,CIK823544,fundamentals,
823546,CIK823546,fundamentals,
823876,CIK823876,fundamentals,
824410,CIK824410,fundamentals,
825315,CIK825315,fundamentals,
825322,CIK825322,fundamentals,
825410,CIK825410,fundamentals,
825411,CIK825411,fundamentals,
825788,CIK825788,fundamentals,
826083,CIK826083,fundamentals,
82628,CIK82628,fundamentals,
826326,CIK826326,fundamentals,
826683,CIK826683,fundamentals,
826773,CIK826773,fundamentals,
827230,CIK827230,fundamentals,
827809,CIK827809,fundamentals,
827871,CIK827871,fundamentals,
828530,CIK828530,fundamentals,
828678,CIK828678,fundamentals,
828750,CIK828750,fundamentals,
828878,CIK828878,fundamentals,
828916,CIK828916,fundamentals,
828940,CIK828940,fundamentals,
829325,CIK829325,fundamentals,
829608,CIK829608,fundamentals,
830052,CIK830052,fundamentals,
830122,CIK830122,fundamentals,
830159,CIK830159,fundamentals,
830483,CIK830483,fundamentals,
830524,CIK830524,fundamentals,
830656,CIK830656,fundamentals,
830741,CIK830741,fundamentals,
830748,CIK830748,fundamentals,
830916,CIK830916,fundamentals,
831246,CIK831246,fundamentals,
831327,CIK831327,fundamentals,
831355,CIK831355,fundamentals,
831489,CIK831489,fundamentals,
831547,CIK831547,fundamentals,
831749,CIK831749,fundamentals,
831967,CIK831967,fundamentals,
831968,CIK831968,fundamentals,
832090,CIK832090,fundamentals,
83246,CIK83246,fundamentals,
832488,CIK832488,fundamentals,
8328,CIK8328,fundamentals,
832847,CIK832847,fundamentals,
833081,CIK833081,fundamentals,
833795,CIK833795,fundamentals,
83402,CIK83402,fundamentals,
834071,CIK834071,fundamentals,
834162,CIK834162,fundamentals,
834285,CIK834285,fundamentals,
835012,CIK835012,fundamentals,
835095,CIK835095,fundamentals,
835357,CIK835357,fundamentals,
835729,CIK835729,fundamentals,
835887,CIK835887,fundamentals,
836106,CIK836106,fundamentals,
836147,CIK836147,fundamentals,
836429,CIK836429,fundamentals,
836658,CIK836658,fundamentals,
836809,CIK836809,fundamentals,
836937,CIK836937,fundamentals,
837010,CIK837010,fundamentals,
837173,CIK837173,fundamentals,
837342,CIK837342,fundamentals,
837490,CIK837490,fundamentals,
837852,CIK837852,fundamentals,
837919,CIK837919,fundamentals,
838796,CIK838796,fundamentals,
838879,CIK838879,fundamentals,
839345,CIK839345,fundamentals,
839441,CIK839441,fundamentals,
839443,CIK839443,fundamentals,
840264,CIK840264,fundamentals,
840467,CIK840467,fundamentals,
840883,CIK840883,fundamentals,
840889,CIK840889,fundamentals,
8411,CIK8411,fundamentals,
84129,CIK84129,fundamentals,
841501,CIK841501,fundamentals,
841692,CIK841692,fundamentals,
842013,CIK842013,fundamentals,
842183,CIK842183,fundamentals,
842295,CIK842295,fundamentals,
842314,CIK842314,fundamentals,
842518,CIK842518,fundamentals,
842694,CIK842694,fundamentals,
842722,CIK842722,fundamentals,
84290,CIK84290,fundamentals,
843212,CIK843212,fundamentals,
843368,CIK843368,fundamentals,
844048,CIK844048,fundamentals,
844143,CIK844143,fundamentals,
844161,CIK844161,fundamentals,
844538,CIK844538,fundamentals,
844788,CIK844788,fundamentals,
844789,CIK844789,fundamentals,
844887,CIK844887,fundamentals,
845091,CIK845091,fundamentals,
845289,CIK845289,fundamentals,
845698,CIK845698,fundamentals,
845750,CIK845750,fundamentals,
845818,CIK845818,fundamentals,
846876,CIK846876,fundamentals,
846901,CIK846901,fundamentals,
846931,CIK846931,fundamentals,
847015,CIK847015,fundamentals,
847320,CIK847320,fundamentals,
847383,CIK847383,fundamentals,
847384,CIK847384,fundamentals,
847415,CIK847415,fundamentals,
847416,CIK847416,fundamentals,
847464,CIK847464,fundamentals,
849213,CIK849213,fundamentals,
849502,CIK849502,fundamentals,
849547,CIK849547,fundamentals,
849636,CIK849636,fundamentals,
8497,CIK8497,fundamentals,
849706,CIK849706,fundamentals,
850209,CIK850209,fundamentals,
850261,CIK850261,fundamentals,
850460,CIK850460,fundamentals,
850483,CIK850483,fundamentals,
850579,CIK850579,fundamentals,
850606,CIK850606,fundamentals,
850660,CIK850660,fundamentals,
850693,CIK850693,fundamentals,
850971,CIK850971,fundamentals,
851249,CIK851249,fundamentals,
851726,CIK851726,fundamentals,
852437,CIK852437,fundamentals,
852564,CIK852564,fundamentals,
852570,CIK852570,fundamentals,
852766,CIK852766,fundamentals,
852772,CIK852772,fundamentals,
852953,CIK852953,fundamentals,
853464,CIK853464,fundamentals,
853496,CIK853496,fundamentals,
853566,CIK853566,fundamentals,
853695,CIK853695,fundamentals,
85408,CIK85408,fundamentals,
854395,CIK854395,fundamentals,
854398,CIK854398,fundamentals,
854701,CIK854701,fundamentals,
854800,CIK854800,fundamentals,
854852,CIK854852,fundamentals,
854860,CIK854860,fundamentals,
855574,CIK855574,fundamentals,
855612,CIK855612,fundamentals,
855654,CIK855654,fundamentals,
855787,CIK855787,fundamentals,
855874,CIK855874,fundamentals,
85608,CIK85608,fundamentals,
856135,CIK856135,fundamentals,
85704,CIK85704,fundamentals,
857115,CIK857115,fundamentals,
857501,CIK857501,fundamentals,
857737,CIK857737,fundamentals,
857872,CIK857872,fundamentals,
857957,CIK857957,fundamentals,
858339,CIK858339,fundamentals,
858395,CIK858395,fundamentals,
858452,CIK858452,fundamentals,
858470,CIK858470,fundamentals,
858655,CIK858655,fundamentals,
858748,CIK858748,fundamentals,
858800,CIK858800,fundamentals,
858803,CIK858803,fundamentals,
859014,CIK859014,fundamentals,
859139,CIK859139,fundamentals,
859163,CIK859163,fundamentals,
859222,CIK859222,fundamentals,
859313,CIK859313,fundamentals,
859368,CIK859368,fundamentals,
859475,CIK859475,fundamentals,
859598,CIK859598,fundamentals,
859737,CIK859737,fundamentals,
85974,CIK85974,fundamentals,
859747,CIK859747,fundamentals,
859905,CIK859905,fundamentals,
859906,CIK859906,fundamentals,
859911,CIK859911,fundamentals,
859917,CIK859917,fundamentals,
859921,CIK859921,fundamentals,
860131,CIK860131,fundamentals,
860331,CIK860331,fundamentals,
860518,CIK860518,fundamentals,
860519,CIK860519,fundamentals,
860543,CIK860543,fundamentals,
861361,CIK861361,fundamentals,
861370,CIK861370,fundamentals,
86144,CIK86144,fundamentals,
861441,CIK861441,fundamentals,
861838,CIK861838,fundamentals,
861878,CIK861878,fundamentals,
861955,CIK861955,fundamentals,
862480,CIK862480,fundamentals,
862510,CIK862510,fundamentals,
86264,CIK86264,fundamentals,
862923,CIK862923,fundamentals,
863015,CIK863015,fundamentals,
863061,CIK863061,fundamentals,
863157,CIK863157,fundamentals,
863456,CIK863456,fundamentals,
863895,CIK863895,fundamentals,
864233,CIK864233,fundamentals,
864264,CIK864264,fundamentals,
864270,CIK864270,fundamentals,
864328,CIK864328,fundamentals,
864509,CIK864509,fundamentals,
864559,CIK864559,fundamentals,
864683,CIK864683,fundamentals,
864839,CIK864839,fundamentals,
864921,CIK864921,fundamentals,
865058,CIK865058,fundamentals,
865415,CIK865415,fundamentals,
865436,CIK865436,fundamentals,
865549,CIK865549,fundamentals,
865570,CIK865570,fundamentals,
865754,CIK865754,fundamentals,
865911,CIK865911,fundamentals,
865917,CIK865917,fundamentals,
865941,CIK865941,fundamentals,
866054,CIK866054,fundamentals,
866121,CIK866121,fundamentals,
866368,CIK866368,fundamentals,
866458,CIK866458,fundamentals,
866609,CIK866609,fundamentals,
866873,CIK866873,fundamentals,
866970,CIK866970,fundamentals,
867028,CIK867028,fundamentals,
867374,CIK867374,fundamentals,
867493,CIK867493,fundamentals,
86759,CIK86759,fundamentals,
867665,CIK867665,fundamentals,
867687,CIK867687,fundamentals,
867773,CIK867773,fundamentals,
867963,CIK867963,fundamentals,
868082,CIK868082,fundamentals,
868267,CIK868267,fundamentals,
868271,CIK868271,fundamentals,
868368,CIK868368,fundamentals,
868611,CIK868611,fundamentals,
868725,CIK868725,fundamentals,
868740,CIK868740,fundamentals,
868809,CIK868809,fundamentals,
869187,CIK869187,fundamentals,
869484,CIK869484,fundamentals,
869487,CIK869487,fundamentals,
869495,CIK869495,fundamentals,
869531,CIK869531,fundamentals,
869660,CIK869660,fundamentals,
869986,CIK869986,fundamentals,
870385,CIK870385,fundamentals,
87047,CIK87047,fundamentals,
870732,CIK870732,fundamentals,
870743,CIK870743,fundamentals,
870753,CIK870753,fundamentals,
870815,CIK870815,fundamentals,
870826,CIK870826,fundamentals,
871344,CIK871344,fundamentals,
872248,CIK872248,fundamentals,
872448,CIK872448,fundamentals,
872821,CIK872821,fundamentals,
872835,CIK872835,fundamentals,
873044,CIK873044,fundamentals,
873185,CIK873185,fundamentals,
873198,CIK873198,fundamentals,
873364,CIK873364,fundamentals,
873540,CIK873540,fundamentals,
873799,CIK873799,fundamentals,
874016,CIK874016,fundamentals,
874214,CIK874214,fundamentals,
874292,CIK874292,fundamentals,
874495,CIK874495,fundamentals,
874663,CIK874663,fundamentals,
874691,CIK874691,fundamentals,
874710,CIK874710,fundamentals,
874733,CIK874733,fundamentals,
874792,CIK874792,fundamentals,
874841,CIK874841,fundamentals,
874977,CIK874977,fundamentals,
875159,CIK875159,fundamentals,
875278,CIK875278,fundamentals,
875296,CIK875296,fundamentals,
875622,CIK875622,fundamentals,
87565,CIK87565,fundamentals,
876134,CIK876134,fundamentals,
876367,CIK876367,fundamentals,
876378,CIK876378,fundamentals,
877422,CIK877422,fundamentals,
877890,CIK877890,fundamentals,
878004,CIK878004,fundamentals,
878079,CIK878079,fundamentals,
878088,CIK878088,fundamentals,
878520,CIK878520,fundamentals,
878522,CIK878522,fundamentals,
878526,CIK878526,fundamentals,
878560,CIK878560,fundamentals,
878616,CIK878616,fundamentals,
878726,CIK878726,fundamentals,
878802,CIK878802,fundamentals,
878828,CIK878828,fundamentals,
879519,CIK879519,fundamentals,
879555,CIK879555,fundamentals,
879575,CIK879575,fundamentals,
879682,CIK879682,fundamentals,
879703,CIK879703,fundamentals,
879796,CIK879796,fundamentals,
879993,CIK879993,fundamentals,
880059,CIK880059,fundamentals,
880115,CIK880115,fundamentals,
880116,CIK880116,fundamentals,
880177,CIK880177,fundamentals,
880285,CIK880285,fundamentals,
880432,CIK880432,fundamentals,
880446,CIK880446,fundamentals,
880460,CIK880460,fundamentals,
880555,CIK880555,fundamentals,
880562,CIK880562,fundamentals,
880643,CIK880643,fundamentals,
880771,CIK880771,fundamentals,
880804,CIK880804,fundamentals,
881453,CIK881453,fundamentals,
881464,CIK881464,fundamentals,
881524,CIK881524,fundamentals,
881695,CIK881695,fundamentals,
881716,CIK881716,fundamentals,
881790,CIK881790,fundamentals,
881890,CIK881890,fundamentals,
882104,CIK882104,fundamentals,
882154,CIK882154,fundamentals,
882235,CIK882235,fundamentals,
882289,CIK882289,fundamentals,
882800,CIK882800,fundamentals,
882829,CIK882829,fundamentals,
882873,CIK882873,fundamentals,
883293,CIK883293,fundamentals,
883758,CIK883758,fundamentals,
883902,CIK883902,fundamentals,
883943,CIK883943,fundamentals,
883945,CIK883945,fundamentals,
883980,CIK883980,fundamentals,
883981,CIK883981,fundamentals,
884130,CIK884130,fundamentals,
884217,CIK884217,fundamentals,
884363,CIK884363,fundamentals,
884504,CIK884504,fundamentals,
884629,CIK884629,fundamentals,
884650,CIK884650,fundamentals,
884713,CIK884713,fundamentals,
884731,CIK884731,fundamentals,
884905,CIK884905,fundamentals,
884940,CIK884940,fundamentals,
885074,CIK885074,fundamentals,
885306,CIK885306,fundamentals,
885322,CIK885322,fundamentals,
885475,CIK885475,fundamentals,
8855,CIK8855,fundamentals,
885531,CIK885531,fundamentals,
885542,CIK885542,fundamentals,
885551,CIK885551,fundamentals,
885568,CIK885568,fundamentals,
88572,CIK88572,fundamentals,
885721,CIK885721,fundamentals,
885975,CIK885975,fundamentals,
885988,CIK885988,fundamentals,
886035,CIK886035,fundamentals,
886093,CIK886093,fundamentals,
886137,CIK886137,fundamentals,
886158,CIK886158,fundamentals,
886171,CIK886171,fundamentals,
886328,CIK886328,fundamentals,
886475,CIK886475,fundamentals,
8868,CIK8868,fundamentals,
886835,CIK886835,fundamentals,
886912,CIK886912,fundamentals,
887149,CIK887149,fundamentals,
887150,CIK887150,fundamentals,
887226,CIK887226,fundamentals,
887247,CIK887247,fundamentals,
887497,CIK887497,fundamentals,
887568,CIK887568,fundamentals,
887637,CIK887637,fundamentals,
887730,CIK887730,fundamentals,
88790,CIK88790,fundamentals,
887919,CIK887919,fundamentals,
887921,CIK887921,fundamentals,
887969,CIK887969,fundamentals,
888002,CIK888002,fundamentals,
888165,CIK888165,fundamentals,
888228,CIK888228,fundamentals,
888471,CIK888471,fundamentals,
888504,CIK888504,fundamentals,
888702,CIK888702,fundamentals,
888719,CIK888719,fundamentals,
888919,CIK888919,fundamentals,
888953,CIK888953,fundamentals,
889123,CIK889123,fundamentals,
889156,CIK889156,fundamentals,
889423,CIK889423,fundamentals,
889428,CIK889428,fundamentals,
889570,CIK889570,fundamentals,
889930,CIK889930,fundamentals,
889936,CIK889936,fundamentals,
890264,CIK890264,fundamentals,
890319,CIK890319,fundamentals,
89041,CIK89041,fundamentals,
890447,CIK890447,fundamentals,
890465,CIK890465,fundamentals,
890491,CIK890491,fundamentals,
890543,CIK890543,fundamentals,
890547,CIK890547,fundamentals,
890634,CIK890634,fundamentals,
890801,CIK890801,fundamentals,
890846,CIK890846,fundamentals,
890908,CIK890908,fundamentals,
890923,CIK890923,fundamentals,
891024,CIK891024,fundamentals,
891098,CIK891098,fundamentals,
891106,CIK891106,fundamentals,
891288,CIK891288,fundamentals,
891293,CIK891293,fundamentals,
89140,CIK89140,fundamentals,
891456,CIK891456,fundamentals,
891919,CIK891919,fundamentals,
892025,CIK892025,fundamentals,
892160,CIK892160,fundamentals,
892222,CIK892222,fundamentals,
892342,CIK892342,fundamentals,
892482,CIK892482,fundamentals,
892537,CIK892537,fundamentals,
89270,CIK89270,fundamentals,
892822,CIK892822,fundamentals,
892832,CIK892832,fundamentals,
892875,CIK892875,fundamentals,
892907,CIK892907,fundamentals,
892986,CIK892986,fundamentals,
892997,CIK892997,fundamentals,
893467,CIK893467,fundamentals,
893691,CIK893691,fundamentals,
894081,CIK894081,fundamentals,
894237,CIK894237,fundamentals,
894245,CIK894245,fundamentals,
894544,CIK894544,fundamentals,
894560,CIK894560,fundamentals,
894738,CIK894738,fundamentals,
894847,CIK894847,fundamentals,
895051,CIK895051,fundamentals,
895329,CIK895329,fundamentals,
895516,CIK895516,fundamentals,
895648,CIK895648,fundamentals,
895650,CIK895650,fundamentals,
895655,CIK895655,fundamentals,
895663,CIK895663,fundamentals,
895665,CIK895665,fundamentals,
895930,CIK895930,fundamentals,
896262,CIK896262,fundamentals,
896400,CIK896400,fundamentals,
896726,CIK896726,fundamentals,
896747,CIK896747,fundamentals,
896778,CIK896778,fundamentals,
896841,CIK896841,fundamentals,
896842,CIK896842,fundamentals,
896985,CIK896985,fundamentals,
897067,CIK897067,fundamentals,
897075,CIK897075,fundamentals,
897315,CIK897315,fundamentals,
897429,CIK897429,fundamentals,
897893,CIK897893,fundamentals,
898037,CIK898037,fundamentals,
898770,CIK898770,fundamentals,
899297,CIK899297,fundamentals,
899394,CIK899394,fundamentals,
899426,CIK899426,fundamentals,
899597,CIK899597,fundamentals,
899647,CIK899647,fundamentals,
899723,CIK899723,fundamentals,
899749,CIK899749,fundamentals,
899866,CIK899866,fundamentals,
899881,CIK899881,fundamentals,
900017,CIK900017,fundamentals,
900349,CIK900349,fundamentals,
900393,CIK900393,fundamentals,
901219,CIK901219,fundamentals,
90144,CIK90144,fundamentals,
901842,CIK901842,fundamentals,
90185,CIK90185,fundamentals,
902274,CIK902274,fundamentals,
902622,CIK902622,fundamentals,
902739,CIK902739,fundamentals,
903127,CIK903127,fundamentals,
903571,CIK903571,fundamentals,
904080,CIK904080,fundamentals,
904163,CIK904163,fundamentals,
904896,CIK904896,fundamentals,
904918,CIK904918,fundamentals,
904978,CIK904978,fundamentals,
904979,CIK904979,fundamentals,
905428,CIK905428,fundamentals,
906192,CIK906192,fundamentals,
906193,CIK906193,fundamentals,
906448,CIK906448,fundamentals,
906780,CIK906780,fundamentals,
907045,CIK907045,fundamentals,
90721,CIK90721,fundamentals,
907562,CIK907562,fundamentals,
907649,CIK907649,fundamentals,
907686,CIK907686,fundamentals,
90794,CIK90794,fundamentals,
908598,CIK908598,fundamentals,
908821,CIK908821,fundamentals,
908837,CIK908837,fundamentals,
909111,CIK909111,fundamentals,
909281,CIK909281,fundamentals,
909791,CIK909791,fundamentals,
909954,CIK909954,fundamentals,
910267,CIK910267,fundamentals,
910322,CIK910322,fundamentals,
910467,CIK910467,fundamentals,
910560,CIK910560,fundamentals,
910679,CIK910679,fundamentals,
910832,CIK910832,fundamentals,
911002,CIK911002,fundamentals,
911109,CIK911109,fundamentals,
911148,CIK911148,fundamentals,
911160,CIK911160,fundamentals,
911326,CIK911326,fundamentals,
911503,CIK911503,fundamentals,
911568,CIK911568,fundamentals,
911583,CIK911583,fundamentals,
911631,CIK911631,fundamentals,
911635,CIK911635,fundamentals,
911649,CIK911649,fundamentals,
911650,CIK911650,fundamentals,
912145,CIK912145,fundamentals,
912183,CIK912183,fundamentals,
912263,CIK912263,fundamentals,
912365,CIK912365,fundamentals,
912382,CIK912382,fundamentals,
912463,CIK912463,fundamentals,
912513,CIK912513,fundamentals,
912603,CIK912603,fundamentals,
912605,CIK912605,fundamentals,
912607,CIK912607,fundamentals,
912750,CIK912750,fundamentals,
912752,CIK912752,fundamentals,
912833,CIK912833,fundamentals,
912844,CIK912844,fundamentals,
912898,CIK912898,fundamentals,
913077,CIK913077,fundamentals,
913165,CIK913165,fundamentals,
913443,CIK913443,fundamentals,
913496,CIK913496,fundamentals,
913497,CIK913497,fundamentals,
913778,CIK913778,fundamentals,
913885,CIK913885,fundamentals,
914024,CIK914024,fundamentals,
914025,CIK914025,fundamentals,
914138,CIK914138,fundamentals,
914142,CIK914142,fundamentals,
914329,CIK914329,fundamentals,
914374,CIK914374,fundamentals,
914397,CIK914397,fundamentals,
914398,CIK914398,fundamentals,
914536,CIK914536,fundamentals,
914537,CIK914537,fundamentals,
914577,CIK914577,fundamentals,
914712,CIK914712,fundamentals,
914747,CIK914747,fundamentals,
914748,CIK914748,fundamentals,
915140,CIK915140,fundamentals,
915324,CIK915324,fundamentals,
915337,CIK915337,fundamentals,
915358,CIK915358,fundamentals,
915735,CIK915735,fundamentals,
915778,CIK915778,fundamentals,
915862,CIK915862,fundamentals,
916085,CIK916085,fundamentals,
916457,CIK916457,fundamentals,
916459,CIK916459,fundamentals,
916529,CIK916529,fundamentals,
916530,CIK916530,fundamentals,
916863,CIK916863,fundamentals,
917032,CIK917032,fundamentals,
91741,CIK91741,fundamentals,
917470,CIK917470,fundamentals,
917491,CIK917491,fundamentals,
917523,CIK917523,fundamentals,
917968,CIK917968,fundamentals,
918160,CIK918160,fundamentals,
918386,CIK918386,fundamentals,
918543,CIK918543,fundamentals,
918580,CIK918580,fundamentals,
918581,CIK918581,fundamentals,
91882,CIK91882,fundamentals,
918946,CIK918946,fundamentals,
918962,CIK918962,fundamentals,
918964,CIK918964,fundamentals,
918997,CIK918997,fundamentals,
919013,CIK919013,fundamentals,
919130,CIK919130,fundamentals,
919134,CIK919134,fundamentals,
919175,CIK919175,fundamentals,
91928,CIK91928,fundamentals,
919443,CIK919443,fundamentals,
919465,CIK919465,fundamentals,
919605,CIK919605,fundamentals,
919628,CIK919628,fundamentals,
919721,CIK919721,fundamentals,
919722,CIK919722,fundamentals,
919742,CIK919742,fundamentals,
919745,CIK919745,fundamentals,
919865,CIK919865,fundamentals,
919956,CIK919956,fundamentals,
920033,CIK920033,fundamentals,
920112,CIK920112,fundamentals,
920321,CIK920321,fundamentals,
920424,CIK920424,fundamentals,
920448,CIK920448,fundamentals,
920465,CIK920465,fundamentals,
920527,CIK920527,fundamentals,
920707,CIK920707,fundamentals,
920990,CIK920990,fundamentals,
921051,CIK921051,fundamentals,
921112,CIK921112,fundamentals,
92116,CIK92116,fundamentals,
921183,CIK921183,fundamentals,
921313,CIK921313,fundamentals,
921500,CIK921500,fundamentals,
921503,CIK921503,fundamentals,
921547,CIK921547,fundamentals,
921560,CIK921560,fundamentals,
921590,CIK921590,fundamentals,
921691,CIK921691,fundamentals,
921768,CIK921768,fundamentals,
921847,CIK921847,fundamentals,
922011,CIK922011,fundamentals,
922204,CIK922204,fundamentals,
922237,CIK922237,fundamentals,
922247,CIK922247,fundamentals,
92232,CIK92232,fundamentals,
922330,CIK922330,fundamentals,
922475,CIK922475,fundamentals,
922487,CIK922487,fundamentals,
922612,CIK922612,fundamentals,
922717,CIK922717,fundamentals,
922863,CIK922863,fundamentals,
923118,CIK923118,fundamentals,
923168,CIK923168,fundamentals,
923284,CIK923284,fundamentals,
9235,CIK9235,fundamentals,
923571,CIK923571,fundamentals,
923603,CIK923603,fundamentals,
923649,CIK923649,fundamentals,
923660,CIK923660,fundamentals,
924124,CIK924124,fundamentals,
92416,CIK92416,fundamentals,
924642,CIK924642,fundamentals,
924717,CIK924717,fundamentals,
925043,CIK925043,fundamentals,
925173,CIK925173,fundamentals,
92521,CIK92521,fundamentals,
925263,CIK925263,fundamentals,
925266,CIK925266,fundamentals,
925306,CIK925306,fundamentals,
925535,CIK925535,fundamentals,
925645,CIK925645,fundamentals,
925660,CIK925660,fundamentals,
925661,CIK925661,fundamentals,
926164,CIK926164,fundamentals,
926287,CIK926287,fundamentals,
9263,CIK9263,fundamentals,
926660,CIK926660,fundamentals,
926761,CIK926761,fundamentals,
92679,CIK92679,fundamentals,
926843,CIK926843,fundamentals,
926844,CIK926844,fundamentals,
926865,CIK926865,fundamentals,
927355,CIK927355,fundamentals,
927417,CIK927417,fundamentals,
927472,CIK927472,fundamentals,
927569,CIK927569,fundamentals,
927720,CIK927720,fundamentals,
927761,CIK927761,fundamentals,
927807,CIK927807,fundamentals,
928022,CIK928022,fundamentals,
928375,CIK928375,fundamentals,
928421,CIK928421,fundamentals,
928447,CIK928447,fundamentals,
928592,CIK928592,fundamentals,
928659,CIK928659,fundamentals,
928835,CIK928835,fundamentals,
928953,CIK928953,fundamentals,
929452,CIK929452,fundamentals,
929545,CIK929545,fundamentals,
929887,CIK929887,fundamentals,
929920,CIK929920,fundamentals,
929921,CIK929921,fundamentals,
929940,CIK929940,fundamentals,
929994,CIK929994,fundamentals,
930184,CIK930184,fundamentals,
930364,CIK930364,fundamentals,
930405,CIK930405,fundamentals,
930553,CIK930553,fundamentals,
930775,CIK930775,fundamentals,
930803,CIK930803,fundamentals,
930810,CIK930810,fundamentals,
930835,CIK930835,fundamentals,
931058,CIK931058,fundamentals,
931059,CIK931059,fundamentals,
931182,CIK931182,fundamentals,
931336,CIK931336,fundamentals,
931584,CIK931584,fundamentals,
931683,CIK931683,fundamentals,
931799,CIK931799,fundamentals,
931948,CIK931948,fundamentals,
93205,CIK93205,fundamentals,
932111,CIK932111,fundamentals,
932136,CIK932136,fundamentals,
932372,CIK932372,fundamentals,
932628,CIK932628,fundamentals,
932699,CIK932699,fundamentals,
933136,CIK933136,fundamentals,
933141,CIK933141,fundamentals,
933425,CIK933425,fundamentals,
933590,CIK933590,fundamentals,
933738,CIK933738,fundamentals,
93384,CIK93384,fundamentals,
9342,CIK9342,fundamentals,
934306,CIK934306,fundamentals,
934445,CIK934445,fundamentals,
934448,CIK934448,fundamentals,
934473,CIK934473,fundamentals,
93451,CIK93451,fundamentals,
934538,CIK934538,fundamentals,
934543,CIK934543,fundamentals,
934547,CIK934547,fundamentals,
93456,CIK93456,fundamentals,
9346,CIK9346,fundamentals,
934612,CIK934612,fundamentals,
934648,CIK934648,fundamentals,
934739,CIK934739,fundamentals,
934796,CIK934796,fundamentals,
934936,CIK934936,fundamentals,
935226,CIK935226,fundamentals,
935493,CIK935493,fundamentals,
935494,CIK935494,fundamentals,
935724,CIK935724,fundamentals,
93631,CIK93631,fundamentals,
936402,CIK936402,fundamentals,
936446,CIK936446,fundamentals,
93676,CIK93676,fundamentals,
937136,CIK937136,fundamentals,
937252,CIK937252,fundamentals,
937834,CIK937834,fundamentals,
937941,CIK937941,fundamentals,
93859,CIK93859,fundamentals,
940329,CIK940329,fundamentals,
940332,CIK940332,fundamentals,
941020,CIK941020,fundamentals,
941138,CIK941138,fundamentals,
941436,CIK941436,fundamentals,
941548,CIK941548,fundamentals,
941604,CIK941604,fundamentals,
941685,CIK941685,fundamentals,
942650,CIK942650,fundamentals,
943110,CIK943110,fundamentals,
943117,CIK943117,fundamentals,
943119,CIK943119,fundamentals,
943184,CIK943184,fundamentals,
943320,CIK943320,fundamentals,
943324,CIK943324,fundamentals,
943580,CIK943580,fundamentals,
943823,CIK943823,fundamentals,
943861,CIK943861,fundamentals,
943894,CIK943894,fundamentals,
943904,CIK943904,fundamentals,
943906,CIK943906,fundamentals,
944130,CIK944130,fundamentals,
944136,CIK944136,fundamentals,
944314,CIK944314,fundamentals,
944480,CIK944480,fundamentals,
944508,CIK944508,fundamentals,
944696,CIK944696,fundamentals,
944739,CIK944739,fundamentals,
944765,CIK944765,fundamentals,
944792,CIK944792,fundamentals,
944868,CIK944868,fundamentals,
945235,CIK945235,fundamentals,
945384,CIK945384,fundamentals,
945436,CIK945436,fundamentals,
945617,CIK945617,fundamentals,
945634,CIK945634,fundamentals,
945699,CIK945699,fundamentals,
945764,CIK945764,fundamentals,
945828,CIK945828,fundamentals,
945989,CIK945989,fundamentals,
946090,CIK946090,fundamentals,
94610,CIK94610,fundamentals,
946155,CIK946155,fundamentals,
946454,CIK946454,fundamentals,
946647,CIK946647,fundamentals,
946822,CIK946822,fundamentals,
946823,CIK946823,fundamentals,
946840,CIK946840,fundamentals,
947011,CIK947011,fundamentals,
947440,CIK947440,fundamentals,
947559,CIK947559,fundamentals,
94784,CIK94784,fundamentals,
947969,CIK947969,fundamentals,
948072,CIK948072,fundamentals,
948218,CIK948218,fundamentals,
948368,CIK948368,fundamentals,
948426,CIK948426,fundamentals,
948846,CIK948846,fundamentals,
949039,CIK949039,fundamentals,
949156,CIK949156,fundamentals,
949158,CIK949158,fundamentals,
949189,CIK949189,fundamentals,
949297,CIK949297,fundamentals,
949373,CIK949373,fundamentals,
949428,CIK949428,fundamentals,
949699,CIK949699,fundamentals,
949721,CIK949721,fundamentals,
949852,CIK949852,fundamentals,
949874,CIK949874,fundamentals,
949982,CIK949982,fundamentals,
95047,CIK95047,fundamentals,
95052,CIK95052,fundamentals,
95304,CIK95304,fundamentals,
95521,CIK95521,fundamentals,
95552,CIK95552,fundamentals,
95572,CIK95572,fundamentals,
95779,CIK95779,fundamentals,
96271,CIK96271,fundamentals,
96289,CIK96289,fundamentals,
96699,CIK96699,fundamentals,
96763,CIK96763,fundamentals,
96793,CIK96793,fundamentals,
96831,CIK96831,fundamentals,
96885,CIK96885,fundamentals,
97142,CIK97142,fundamentals,
97196,CIK97196,fundamentals,
97472,CIK97472,fundamentals,
97517,CIK97517,fundamentals,
97854,CIK97854,fundamentals,
98246,CIK98246,fundamentals,
98338,CIK98338,fundamentals,
98618,CIK98618,fundamentals,
98720,CIK98720,fundamentals,
98752,CIK98752,fundamentals,
9892,CIK9892,fundamentals,
99106,CIK99106,fundamentals,
99250,CIK99250,fundamentals,
99359,CIK99359,fundamentals,
99771,CIK99771,fundamentals,
9984,CIK9984,fundamentals,
1409493,CIM,fundamentals,
1409493,CIM-PA,current,CHIMERA INVESTMENT CORP
1409493,CIM-PB,current,CHIMERA INVESTMENT CORP
1409493,CIM-PC,current,CHIMERA INVESTMENT CORP
1409493,CIM-PD,current,CHIMERA INVESTMENT CORP
1527613,CIMG,fundamentals,
1409493,CIMN,current,CHIMERA INVESTMENT CORP
1409493,CIMO,current,CHIMERA INVESTMENT CORP
1409493,CIMP,current,CHIMERA INVESTMENT CORP
20286,CINF,fundamentals,
1862150,CING,fundamentals,
1862150,CINGW,current,Cingulate Inc.
1534254,CION,fundamentals,
813716,CIRX,fundamentals,
1777319,CISO,fundamentals,
894556,CITR,fundamentals,
944745,CIVB,fundamentals,
1509589,CIVI,delisted_seed,"CIVITAS RESOURCES, INC."
1049606,CIX,fundamentals,
1075706,CIZN,fundamentals,
1763925,CJAX,fundamentals,
2032545,CJMB,fundamentals,
352955,CKX,fundamentals,
21665,CL,fundamentals,
913277,CLAR,fundamentals,
1958086,CLB,fundamentals,
1723596,CLBK,fundamentals,
2091024,CLBR,fundamentals,
2091024,CLBR-UN,current,Colombier Acquisition Corp. III
2091024,CLBR-WT,current,Colombier Acquisition Corp. III
2050338,CLBZ,fundamentals,
1569340,CLCS,fundamentals,
1855485,CLDI,fundamentals,
1535379,CLDR,delisted_seed,"Cloudera, Inc."
1476045,CLDT,fundamentals,
1476045,CLDT-PA,current,Chatham Lodging Trust
1855485,CLDWW,current,"Calidi Biotherapeutics, Inc."
744218,CLDX,fundamentals,
1414382,CLEV,fundamentals,
764065,CLF,fundamentals,
796505,CLFD,fundamentals,
822818,CLH,fundamentals,
1434524,CLIR,fundamentals,
945983,CLMB,fundamentals,
2013745,CLMT,fundamentals,
1368265,CLNE,fundamentals,
2082889,CLNK,fundamentals,
1822791,CLNN,fundamentals,
1391426,CLNV,fundamentals,
1437517,CLOQ,fundamentals,
1801170,CLOV,fundamentals,
1619227,CLOW,fundamentals,
1649096,CLPR,fundamentals,
1285550,CLPT,fundamentals,
1279704,CLRB,fundamentals,
1903392,CLRCF,fundamentals,
1362516,CLRI,fundamentals,
840715,CLRO,fundamentals,
1903392,CLRRF,current,ClimateRock
1030894,CLS,fundamentals,
1539029,CLSDQ,fundamentals,
827876,CLSK,fundamentals,
827876,CLSKW,current,"CLEANSPARK, INC."
1849867,CLST,fundamentals,
1346287,CLUS,fundamentals,
1764046,CLVT,fundamentals,
1441236,CLW,fundamentals,
21076,CLX,fundamentals,
1768446,CLYM,fundamentals,
1738177,CMBMF,fundamentals,
22444,CMC,fundamentals,
1865248,CMCAF,fundamentals,
1005229,CMCO,fundamentals,
1166691,CMCSA,fundamentals,
908311,CMCT,fundamentals,
1865248,CMCUF,current,Piermont Valley Acquisition Corp
1865248,CMCWF,current,Piermont Valley Acquisition Corp
1156375,CME,fundamentals,
1058090,CMG,fundamentals,
26172,CMI,fundamentals,
2088805,CMII,fundamentals,
2088805,CMIIU,current,Columbus Circle Capital Corp II
2088805,CMIIW,current,Columbus Circle Capital Corp II
1058623,CMLS,fundamentals,
1058623,CMLSQ,current,CUMULUS MEDIA INC
1534248,CMMB,fundamentals,
1227654,CMP,fundamentals,
1262976,CMPR,fundamentals,
1816590,CMPS,fundamentals,
1738021,CMPX,fundamentals,
1626450,CMRC,fundamentals,
1498547,CMRF,fundamentals,
811156,CMS,fundamentals,
811156,CMS-PC,current,CMS ENERGY CORP
811156,CMSA,current,CMS ENERGY CORP
811156,CMSC,current,CMS ENERGY CORP
811156,CMSD,current,CMS ENERGY CORP
1026655,CMT,fundamentals,
1666291,CMTG,fundamentals,
23197,CMTL,fundamentals,
718413,CMTV,fundamentals,
21175,CNA,fundamentals,
1343009,CNBX,fundamentals,
1071739,CNC,fundamentals,
1851959,CNDA,fundamentals,
1851959,CNDAU,current,Concord Acquisition Corp II
1851959,CNDAW,current,Concord Acquisition Corp II
1677703,CNDT,fundamentals,
1376321,CNET,fundamentals,
1352952,CNFN,fundamentals,
1567094,CNH,fundamentals,
1385280,CNK,fundamentals,
1856525,CNM,fundamentals,
816956,CNMD,fundamentals,
1704720,CNNE,fundamentals,
1224608,CNO,fundamentals,
1224608,CNO-PA,current,"CNO Financial Group, Inc."
712771,CNOB,fundamentals,
712771,CNOBP,current,"ConnectOne Bancorp, Inc."
1130310,CNP,fundamentals,
1710366,CNR,fundamentals,
1284812,CNS,fundamentals,
1729427,CNSP,fundamentals,
1847903,CNTA,fundamentals,
1835268,CNTB,fundamentals,
1895249,CNTM,fundamentals,
1861657,CNTN,fundamentals,
1842952,CNTX,fundamentals,
911147,CNTY,fundamentals,
1173204,CNVS,fundamentals,
1070412,CNX,fundamentals,
1803599,CNXC,fundamentals,
1050377,CNXN,fundamentals,
2066836,CNXU,fundamentals,
2114044,COAG,fundamentals,
1727255,COBA,fundamentals,
1840877,COCH,fundamentals,
1840877,COCHW,current,"Envoy Medical, Inc."
1482981,COCO,fundamentals,
1412486,COCP,fundamentals,
1334325,CODA,fundamentals,
1345126,CODI,fundamentals,
1345126,CODI-PA,current,Compass Diversified Holdings
1345126,CODI-PB,current,Compass Diversified Holdings
1345126,CODI-PC,current,Compass Diversified Holdings
1770561,CODQL,fundamentals,
1692415,CODX,fundamentals,
927628,COF,fundamentals,
927628,COF-PI,current,CAPITAL ONE FINANCIAL CORP
927628,COF-PJ,current,CAPITAL ONE FINANCIAL CORP
927628,COF-PK,current,CAPITAL ONE FINANCIAL CORP
927628,COF-PL,current,CAPITAL ONE FINANCIAL CORP
927628,COF-PN,current,CAPITAL ONE FINANCIAL CORP
803164,COFS,fundamentals,
1622229,COGT,fundamentals,
1270436,COHN,fundamentals,
820318,COHR,fundamentals,
21535,COHU,fundamentals,
1679788,COIN,fundamentals,
317540,COKE,fundamentals,
1137411,COL,delisted_seed,ROCKWELL COLLINS INC
2028201,COLA,fundamentals,
2028201,COLAR,current,Columbus Acquisition Corp/Cayman Islands
2028201,COLAU,current,Columbus Acquisition Corp/Cayman Islands
887343,COLB,fundamentals,
1455863,COLD,fundamentals,
1267565,COLL,fundamentals,
1050797,COLM,fundamentals,
1563190,COMP,fundamentals,
2014596,CON,fundamentals,
790273,CONC,fundamentals,
711404,COO,fundamentals,
1857853,COOK,fundamentals,
933136,COOP,delisted_seed,Mr. Cooper Group Inc.
1163165,COP,fundamentals,
2045473,COPL,fundamentals,
2045473,COPL-UN,current,Copley Acquisition Corp
2045473,COPL-WT,current,Copley Acquisition Corp
1263364,COPR,fundamentals,
1140859,COR,fundamentals,
1471824,CORN,current,Teucrium Commodity Trust
1088856,CORT,fundamentals,
1839341,CORZ,fundamentals,
1839341,CORZR,current,"Core Scientific, Inc./tx"
1839341,CORZW,current,"Core Scientific, Inc./tx"
1839341,CORZZ,current,"Core Scientific, Inc./tx"
1706509,COSG,fundamentals,
1474167,COSM,fundamentals,
1297107,COSO,fundamentals,
909832,COST,fundamentals,
1024305,COTY,fundamentals,
1385867,COUP,delisted_seed,Coupa Software Inc
1651562,COUR,fundamentals,
1835022,COYA,fundamentals,
16875,CP,fundamentals,
1175454,CPAY,fundamentals,
16732,CPB,fundamentals,
1979332,CPBI,fundamentals,
928022,CPE,delisted_seed,Callon Petroleum Co
1479247,CPER,current,United States Commodity Index Funds Trust
701347,CPF,fundamentals,
1672909,CPHC,fundamentals,
1106644,CPHI,fundamentals,
1087294,CPIX,fundamentals,
19745,CPK,fundamentals,
1081938,CPMD,fundamentals,
836564,CPMV,fundamentals,
1834584,CPNG,fundamentals,
1837671,CPPTL,fundamentals,
1530721,CPRI,fundamentals,
900075,CPRT,fundamentals,
1369568,CPRX,fundamentals,
1320461,CPS,fundamentals,
814676,CPSH,fundamentals,
889609,CPSS,fundamentals,
906345,CPT,fundamentals,
1827899,CPTKW,fundamentals,
202947,CPTP,fundamentals,
827099,CPWR,fundamentals,
1383650,CQP,fundamentals,
1944013,CR,fundamentals,
2070887,CRAC,fundamentals,
2070887,CRACR,current,Crown Reserve Acquisition Corp. I
2070887,CRACU,current,Crown Reserve Acquisition Corp. I
2070887,CRACW,current,Crown Reserve Acquisition Corp. I
1053706,CRAI,fundamentals,
2081358,CRAN,fundamentals,
2081358,CRANR,current,Crane Harbor Acquisition Corp. II
2081358,CRANU,current,Crane Harbor Acquisition Corp. II
2058359,CRAQ,fundamentals,
2058359,CRAQR,current,Cal Redwood Acquisition Corp.
2058359,CRAQU,current,Cal Redwood Acquisition Corp.
1889539,CRBD,current,"Corebridge Financial, Inc."
1889539,CRBG,fundamentals,
1595097,CRBP,fundamentals,
1619856,CRBU,fundamentals,
1609253,CRC,fundamentals,
1911467,CRCE,fundamentals,
1876042,CRCL,fundamentals,
1828962,CRCT,fundamentals,
1688126,CRCW,fundamentals,
25475,CRD-A,fundamentals,
25475,CRD-B,current,CRAWFORD & CO
1213037,CRDF,fundamentals,
1807794,CRDO,fundamentals,
1084551,CRDV,fundamentals,
721693,CREG,fundamentals,
1356093,CREX,fundamentals,
1866175,CRGY,fundamentals,
849395,CRH,fundamentals,
1060822,CRI,fundamentals,
1108205,CRIS,fundamentals,
23194,CRK,fundamentals,
1100682,CRL,fundamentals,
1108524,CRM,fundamentals,
1410098,CRMD,fundamentals,
799850,CRMT,fundamentals,
315958,CRMZ,fundamentals,
1768267,CRNC,fundamentals,
1658247,CRNX,fundamentals,
1656472,CRON,fundamentals,
1334036,CROX,fundamentals,
17843,CRS,fundamentals,
924396,CRSF,fundamentals,
1674416,CRSP,fundamentals,
1743759,CRSR,fundamentals,
1357671,CRTD,fundamentals,
1576427,CRTO,fundamentals,
772406,CRUS,fundamentals,
874866,CRVL,fundamentals,
1053691,CRVO,fundamentals,
1626971,CRVS,fundamentals,
1377149,CRVW,fundamentals,
1535527,CRWD,fundamentals,
1103833,CRWE,fundamentals,
25895,CRWS,fundamentals,
1769628,CRWV,fundamentals,
1709628,CSAI,fundamentals,
880417,CSBB,fundamentals,
771856,CSBR,fundamentals,
858877,CSCO,fundamentals,
1106861,CSDX,fundamentals,
1057352,CSGP,fundamentals,
1005757,CSGS,fundamentals,
790051,CSL,fundamentals,
356037,CSPI,fundamentals,
798359,CSR,fundamentals,
1834032,CSTAF,fundamentals,
1447362,CSTL,fundamentals,
1563411,CSTM,fundamentals,
1834032,CSTUF,current,Constellation Acquisition Corp I
1834032,CSTWF,current,Constellation Acquisition Corp I
1680132,CSUI,fundamentals,
1016281,CSV,fundamentals,
1624794,CSW,fundamentals,
17313,CSWC,fundamentals,
277948,CSX,fundamentals,
30554,CTA-PA,current,"EIDP, Inc."
30554,CTA-PB,fundamentals,
2094073,CTAA,fundamentals,
2094073,CTAAR,current,Clearthink 1 Acquisition Corp.
2094073,CTAAU,current,Clearthink 1 Acquisition Corp.
723254,CTAS,fundamentals,
350852,CTBI,fundamentals,
1793229,CTEV,fundamentals,
68622,CTGG,fundamentals,
1498067,CTGL,fundamentals,
1502377,CTGO,fundamentals,
1831915,CTKB,fundamentals,
896429,CTLP,fundamentals,
1596783,CTLT,delisted_seed,"Catalent, Inc."
1877939,CTM,fundamentals,
1501989,CTMX,fundamentals,
1855175,CTNM,fundamentals,
1951667,CTNT,fundamentals,
23795,CTO,fundamentals,
23795,CTO-PA,current,"CTO Realty Growth, Inc."
1851484,CTOR,fundamentals,
1709682,CTOS,fundamentals,
1590717,CTRE,fundamentals,
1981599,CTRI,fundamentals,
1318484,CTRN,fundamentals,
1583771,CTRVP,current,"Hepion Pharmaceuticals, Inc."
26058,CTS,fundamentals,
1058290,CTSH,fundamentals,
1175151,CTSO,fundamentals,
1865861,CTSUF,current,Cactus Acquisition Corp. 1 Ltd
1865861,CTSWF,current,Cactus Acquisition Corp. 1 Ltd
1035422,CTTH,fundamentals,
1755672,CTVA,fundamentals,
1958928,CTWO,fundamentals,
1506251,CTXR,fundamentals,
877890,CTXS,delisted_seed,CITRIX SYSTEMS INC
2015955,CUB,fundamentals,
1488813,CUBB,current,"Customers Bancorp, Inc."
1298675,CUBE,fundamentals,
1488813,CUBI,fundamentals,
2015955,CUBWU,current,Lionheart Holdings
2015955,CUBWW,current,Lionheart Holdings
1645460,CUE,fundamentals,
1424657,CUEN,fundamentals,
1424657,CUENW,current,Cuentas Inc.
1125259,CUK,fundamentals,
1125259,CUKPF,current,CARNIVAL PLC
1845799,CULL,fundamentals,
723603,CULP,fundamentals,
2027317,CURB,fundamentals,
1776909,CURI,fundamentals,
1862935,CURR,fundamentals,
1792781,CURV,fundamentals,
2025942,CURX,fundamentals,
25232,CUZ,fundamentals,
1378325,CV,fundamentals,
1376793,CVAT,fundamentals,
354647,CVBF,fundamentals,
278166,CVCO,fundamentals,
1590584,CVEO,fundamentals,
1290900,CVGI,fundamentals,
1376139,CVI,fundamentals,
1937993,CVKD,fundamentals,
928658,CVLG,fundamentals,
1169561,CVLT,fundamentals,
725363,CVM,fundamentals,
1690820,CVNA,fundamentals,
19871,CVR,fundamentals,
1235912,CVRX,fundamentals,
64803,CVS,fundamentals,
730464,CVSA,fundamentals,
1510964,CVSI,fundamentals,
889348,CVU,fundamentals,
766792,CVV,fundamentals,
93410,CVX,fundamentals,
26324,CW,fundamentals,
1866368,CWAN,fundamentals,
1127371,CWBC,fundamentals,
1750155,CWBHF,fundamentals,
928340,CWCO,fundamentals,
1627282,CWD,fundamentals,
1567683,CWEN,fundamentals,
1562151,CWGL,fundamentals,
1669779,CWH,fundamentals,
1628369,CWK,fundamentals,
911177,CWST,fundamentals,
1035201,CWT,fundamentals,
1820875,CXAI,fundamentals,
1820875,CXAIW,current,CXApp Inc.
1075736,CXDO,fundamentals,
2114227,CXII,fundamentals,
2114227,CXIIU,current,Churchill Capital Corp XII
1569345,CXM,fundamentals,
1358071,CXO,delisted_seed,CONCHO RESOURCES INC
25445,CXT,fundamentals,
1070985,CXW,fundamentals,
2032341,CYAB,fundamentals,
768408,CYAN,fundamentals,
1755237,CYCN,fundamentals,
1868419,CYCU,fundamentals,
1868419,CYCUW,current,"Cycurion, Inc."
1175680,CYDY,fundamentals,
1108109,CYH,fundamentals,
1874097,CYN,fundamentals,
1509745,CYPH,fundamentals,
1124524,CYRX,fundamentals,
1061983,CYTK,fundamentals,
739421,CZFS,fundamentals,
810958,CZNC,fundamentals,
1590895,CZR,fundamentals,
1367859,CZWI,fundamentals,
715957,D,fundamentals,
2052162,DAAQ,fundamentals,
2052162,DAAQU,current,Digital Asset Acquisition Corp.
2052162,DAAQW,current,Digital Asset Acquisition Corp.
2033770,DAIC,fundamentals,
2033770,DAICW,current,"CID Holdco, Inc."
351998,DAIO,fundamentals,
915779,DAKT,fundamentals,
27904,DAL,fundamentals,
26780,DAN,fundamentals,
916540,DAR,fundamentals,
1401914,DARE,fundamentals,
1792789,DASH,fundamentals,
1841408,DAVE,fundamentals,
1841408,DAVEW,current,Dave Inc./DE
1383082,DBA,fundamentals,
1383084,DBB,fundamentals,
1328237,DBC,fundamentals,
2095161,DBCA,fundamentals,
2095161,DBCAU,current,D. Boral Acquisition I Corp.
2095161,DBCAW,current,D. Boral Acquisition I Corp.
28823,DBD,fundamentals,
1383062,DBE,fundamentals,
1668010,DBGI,fundamentals,
1319947,DBI,fundamentals,
1127475,DBMM,fundamentals,
1383058,DBO,fundamentals,
1383057,DBP,fundamentals,
1679688,DBRG,fundamentals,
1679688,DBRG-PH,current,"DigitalBridge Group, Inc."
1679688,DBRG-PI,current,"DigitalBridge Group, Inc."
1679688,DBRG-PJ,current,"DigitalBridge Group, Inc."
1613780,DBVT,fundamentals,
1613780,DBVTF,current,DBV Technologies S.A.
1467623,DBX,fundamentals,
1852353,DC,fundamentals,
846617,DCBG,current,"Dime Commercial Bancshares, Inc. /NY/"
1822359,DCGO,fundamentals,
1062231,DCH,fundamentals,
29644,DCI,fundamentals,
30305,DCO,fundamentals,
846617,DCOM,fundamentals,
846617,DCOM-P,current,"Dime Commercial Bancshares, Inc. /NY/"
1615219,DCOY,fundamentals,
872912,DCTH,fundamentals,
1666700,DD,fundamentals,
910638,DDD,fundamentals,
1453122,DDDX,fundamentals,
1561550,DDOG,fundamentals,
28917,DDS,fundamentals,
28917,DDT,current,"DILLARD'S, INC."
315189,DE,fundamentals,
1622194,DEA,fundamentals,
1922446,DEC,fundamentals,
910521,DECK,fundamentals,
1985840,DEFI,fundamentals,
1364250,DEI,fundamentals,
1571996,DELL,fundamentals,
852772,DENN,delisted_seed,DENNY'S Corp
1867066,DERM,fundamentals,
1854480,DEVS,current,DevvStream Corp.
1854480,DEVSF,fundamentals,
1805526,DFDV,fundamentals,
1805526,DFDVW,current,DeFi Development Corp.
1825088,DFH,fundamentals,
1669811,DFIN,fundamentals,
1847986,DFLI,fundamentals,
1847986,DFLIW,current,Dragonfly Energy Holdings Corp.
1787518,DFNS,fundamentals,
1787518,DFNSW,current,T3 Defense Inc.
1799191,DFPH,current,"Oncology Institute, Inc."
1813814,DFTX,fundamentals,
1805526,DFUKF,current,DeFi Development Corp.
29534,DG,fundamentals,
800457,DGICA,fundamentals,
800457,DGICB,current,DONEGAL GROUP INC
854775,DGII,fundamentals,
1022079,DGX,fundamentals,
1854368,DGXX,fundamentals,
1861795,DH,fundamentals,
1075415,DHC,fundamentals,
1075415,DHCNI,current,DIVERSIFIED HEALTHCARE TRUST
1075415,DHCNL,current,DIVERSIFIED HEALTHCARE TRUST
882184,DHI,fundamentals,
909108,DHIL,fundamentals,
313616,DHR,fundamentals,
725394,DHTI,fundamentals,
1393883,DHX,fundamentals,
1600641,DIBS,fundamentals,
49754,DIN,fundamentals,
1915657,DINO,fundamentals,
29002,DIOD,fundamentals,
1744489,DIS,fundamentals,
1001082,DISH,delisted_seed,DISH Network CORP
928465,DIT,fundamentals,
783412,DJCO,fundamentals,
1849635,DJT,fundamentals,
1849635,DJTWW,current,Trump Media & Technology Group Corp.
1694426,DK,fundamentals,
1552797,DKL,fundamentals,
1883685,DKNG,fundamentals,
1089063,DKS,fundamentals,
1308547,DLB,fundamentals,
785557,DLHC,fundamentals,
1282224,DLPN,fundamentals,
1297996,DLR,fundamentals,
1297996,DLR-PJ,current,"DIGITAL REALTY TRUST, INC."
1297996,DLR-PK,current,"DIGITAL REALTY TRUST, INC."
1297996,DLR-PL,current,"DIGITAL REALTY TRUST, INC."
1649744,DLTH,fundamentals,
1420368,DLTI,fundamentals,
935703,DLTR,fundamentals,
27996,DLX,fundamentals,
2028614,DMAA,fundamentals,
2028614,DMAAR,current,Drugs Made In America Acquisition Corp.
2028614,DMAAU,current,Drugs Made In America Acquisition Corp.
1401040,DMAC,fundamentals,
1047340,DMC,fundamentals,
2040475,DMII,fundamentals,
2040475,DMIIR,current,Drugs Made In America Acquisition II Corp.
2040475,DMIIU,current,Drugs Made In America Acquisition II Corp.
1172358,DMLP,fundamentals,
2000640,DMNIF,fundamentals,
1800315,DMRA,fundamentals,
1830214,DNA,fundamentals,
1830214,DNABW,current,"Ginkgo Bioworks Holdings, Inc."
1357204,DNKN,delisted_seed,"DUNKIN' BRANDS GROUP HOLDINGS, INC."
1714899,DNLI,fundamentals,
2081125,DNMX,fundamentals,
2081125,DNMXU,current,Dynamix Corp III
2081125,DNMXW,current,Dynamix Corp III
1599617,DNOW,fundamentals,
1690585,DNTH,fundamentals,
1857154,DNUT,fundamentals,
765880,DOC,fundamentals,
1582961,DOCN,fundamentals,
1516513,DOCS,fundamentals,
1261333,DOCU,fundamentals,
1360442,DOGP,fundamentals,
1857475,DOLE,fundamentals,
12239,DOMH,fundamentals,
1505952,DOMO,fundamentals,
868780,DORM,fundamentals,
1878897,DOUG,fundamentals,
29905,DOV,fundamentals,
1751788,DOW,fundamentals,
866439,DPLS,fundamentals,
1418135,DPS,delisted_seed,"Dr Pepper Snapple Group, Inc."
1286681,DPZ,fundamentals,
1652561,DQWS,fundamentals,
1880613,DRCT,fundamentals,
2032528,DRDB,fundamentals,
2032528,DRDBU,current,Roman DBDR Acquisition Corp. II
2032528,DRDBW,current,Roman DBDR Acquisition Corp. II
1518336,DREM,fundamentals,
1298946,DRH,fundamentals,
940944,DRI,fundamentals,
1533998,DRIO,fundamentals,
1853816,DRMA,fundamentals,
1853816,DRMAW,current,"Dermata Therapeutics, Inc."
1282980,DROR,fundamentals,
1833756,DRS,fundamentals,
1340476,DRTTF,fundamentals,
1804745,DRVN,fundamentals,
2082149,DSAC,fundamentals,
2082149,DSACU,current,Daedalus Special Acquisition Corp.
2082149,DSACW,current,Daedalus Special Acquisition Corp.
1807120,DSGN,fundamentals,
703604,DSGR,fundamentals,
1413909,DSGT,fundamentals,
1099369,DSNY,fundamentals,
1828791,DSP,fundamentals,
771999,DSS,fundamentals,
1773383,DT,fundamentals,
936340,DTB,current,DTE ENERGY CO
1853825,DTCX,fundamentals,
936340,DTE,fundamentals,
936340,DTG,current,DTE ENERGY CO
1014052,DTGI,fundamentals,
1884516,DTI,fundamentals,
1533357,DTII,fundamentals,
1357874,DTIL,fundamentals,
936340,DTK,current,DTE ENERGY CO
1575311,DTLAP,fundamentals,
1842022,DTM,fundamentals,
2017950,DTSQ,fundamentals,
2017950,DTSQR,current,DT Cloud Star Acquisition Corp
2017950,DTSQU,current,DT Cloud Star Acquisition Corp
1631282,DTSS,current,DATASEA INC.
1419951,DTST,fundamentals,
1419951,DTSTW,current,Data Storage Corp
936340,DTW,current,DTE ENERGY CO
1326160,DUK,fundamentals,
1326160,DUK-PA,current,Duke Energy CORP
1326160,DUKB,current,Duke Energy CORP
1638911,DUKR,fundamentals,
1638911,DUKRW,current,DUKE Robotics Corp.
1562088,DUOL,fundamentals,
1396536,DUOT,fundamentals,
1819928,DV,fundamentals,
927066,DVA,fundamentals,
1682149,DVLT,fundamentals,
1090012,DVN,fundamentals,
1394638,DWAY,fundamentals,
799165,DWSN,fundamentals,
1818844,DWTX,fundamentals,
826675,DX,fundamentals,
826675,DX-PC,current,DYNEX CAPITAL INC
1688568,DXC,fundamentals,
1093557,DXCM,fundamentals,
813298,DXLG,fundamentals,
1020710,DXPE,fundamentals,
27367,DXR,fundamentals,
29332,DXYN,fundamentals,
67215,DY,fundamentals,
1213809,DYAI,fundamentals,
1818794,DYN,fundamentals,
2028699,DYNC,fundamentals,
2028699,DYNCU,current,Dynamix Corp
2028699,DYNCW,current,Dynamix Corp
1111741,DYNR,fundamentals,
720875,DYNTQ,fundamentals,
2079292,DYOR,fundamentals,
2079292,DYORU,current,Insight Digital Partners II
2079292,DYORW,current,Insight Digital Partners II
712515,EA,fundamentals,
784539,EACO,fundamentals,
931148,EAF,fundamentals,
1560672,EARN,fundamentals,
703351,EAT,fundamentals,
1065088,EBAY,fundamentals,
895728,EBBGF,current,ENBRIDGE INC
895728,EBBNF,current,ENBRIDGE INC
1810546,EBC,fundamentals,
33002,EBF,fundamentals,
895728,EBGEF,current,ENBRIDGE INC
1478454,EBMT,fundamentals,
1347123,EBRCZ,fundamentals,
895728,EBRGF,current,ENBRIDGE INC
895728,EBRZF,current,ENBRIDGE INC
1367644,EBS,fundamentals,
1730869,EBZT,fundamentals,
1914605,ECBK,fundamentals,
1922858,ECDA,fundamentals,
2015845,ECG,fundamentals,
1415404,ECHO,fundamentals,
31462,ECL,fundamentals,
1560258,ECOR,fundamentals,
1084961,ECPG,fundamentals,
1708035,ECVT,fundamentals,
1823635,ECXJ,fundamentals,
1047862,ED,fundamentals,
1809750,EDBL,fundamentals,
1809750,EDBLW,current,Edible Garden AG Inc
1652958,EDGM,fundamentals,
1650664,EDIT,fundamentals,
1540159,EDSA,fundamentals,
31667,EDUC,fundamentals,
1888447,EE,fundamentals,
1029199,EEFT,fundamentals,
1043150,EEGI,fundamentals,
1138867,EESH,fundamentals,
1579214,EEX,fundamentals,
1411342,EFC,fundamentals,
1411342,EFC-PB,current,Ellington Financial Inc.
1411342,EFC-PC,current,Ellington Financial Inc.
1411342,EFC-PD,current,Ellington Financial Inc.
924168,EFOI,fundamentals,
890564,EFOR,fundamentals,
1025835,EFSC,fundamentals,
1025835,EFSCP,current,ENTERPRISE FINANCIAL SERVICES CORP
880641,EFSI,fundamentals,
33185,EFX,fundamentals,
1095073,EG,fundamentals,
1066194,EGAN,fundamentals,
1050441,EGBN,fundamentals,
2052547,EGHA,fundamentals,
2052547,EGHAR,current,EGH Acquisition Corp.
2052547,EGHAU,current,EGH Acquisition Corp.
1023731,EGHT,fundamentals,
49600,EGP,fundamentals,
894627,EGY,fundamentals,
1803737,EHAB,fundamentals,
785161,EHC,fundamentals,
1089815,EHSI,fundamentals,
1333493,EHTH,fundamentals,
1379041,EIG,fundamentals,
1861123,EIKN,fundamentals,
827052,EIX,fundamentals,
1001250,EL,fundamentals,
701719,ELA,fundamentals,
1840563,ELAB,fundamentals,
1739104,ELAN,fundamentals,
1404281,ELDN,fundamentals,
1600033,ELF,fundamentals,
1560672,ELLA,current,Ellington Credit Co
1488917,ELMD,fundamentals,
104894,ELME,fundamentals,
2101698,ELMT,fundamentals,
1035354,ELOX,fundamentals,
1035354,ELOXD,current,"Eloxx Pharmaceuticals, Inc."
1438461,ELRE,fundamentals,
895417,ELS,fundamentals,
351789,ELSE,fundamentals,
1053369,ELTP,fundamentals,
1601485,ELTX,fundamentals,
1708527,ELUT,fundamentals,
1156039,ELV,fundamentals,
1741489,ELVG,fundamentals,
1672619,ELVN,fundamentals,
2063863,ELWT,fundamentals,
837465,ELY,delisted_seed,CALLAWAY GOLF
1866226,EMAT,fundamentals,
1872789,EMBC,fundamentals,
1869601,EMCGF,fundamentals,
1869601,EMCRF,current,Embrace Change Acquisition Corp.
1869601,EMCWF,current,Embrace Change Acquisition Corp.
105634,EME,fundamentals,
1715819,EMED,fundamentals,
2075816,EMIS,fundamentals,
2075816,EMISR,current,Emmis Acquisition Corp.
31107,EML,fundamentals,
822370,EMMA,fundamentals,
915389,EMN,fundamentals,
1829794,EMPD,fundamentals,
32604,EMR,fundamentals,
1449794,EMYB,fundamentals,
895728,ENB,fundamentals,
895728,ENBFF,current,ENBRIDGE INC
895728,ENBGF,current,ENBRIDGE INC
895728,ENBHF,current,ENBRIDGE INC
895728,ENBMF,current,ENBRIDGE INC
895728,ENBNF,current,ENBRIDGE INC
895728,ENBOF,current,ENBRIDGE INC
1437479,ENBP,fundamentals,
895728,ENBRF,current,ENBRIDGE INC
895728,ENBSF,current,ENBRIDGE INC
1908984,ENDI,fundamentals,
1528172,ENDV,fundamentals,
895728,ENFFF,current,ENBRIDGE INC
857949,ENFY,fundamentals,
1980845,ENGN,fundamentals,
1980845,ENGNW,current,enGene Therapeutics Inc.
1956439,ENHA,fundamentals,
895728,ENNPF,current,ENBRIDGE INC
1420800,ENOV,fundamentals,
1463101,ENPH,fundamentals,
1632790,ENR,fundamentals,
1346022,ENRT,fundamentals,
1289308,ENS,fundamentals,
1716947,ENSC,fundamentals,
1716947,ENSCW,current,"Ensysce Biosciences, Inc."
1125376,ENSG,fundamentals,
1177648,ENTA,fundamentals,
1101302,ENTG,fundamentals,
1638097,ENTX,fundamentals,
1337619,ENV,delisted_seed,"ENVESTNET, INC."
1529864,ENVA,fundamentals,
890821,ENVB,fundamentals,
1828318,ENVX,fundamentals,
727510,ENZN,fundamentals,
727510,ENZND,current,"Viskase Holdings, Inc."
821189,EOG,fundamentals,
1570562,EOLS,fundamentals,
1842556,EONR,fundamentals,
1842556,EONR-WT,current,EON Resources Inc.
1805077,EOSE,fundamentals,
887396,EP,fundamentals,
1506307,EP-PC,current,"KINDER MORGAN, INC."
6955,EPAC,fundamentals,
1352010,EPAM,fundamentals,
1096752,EPC,fundamentals,
1061219,EPD,fundamentals,
1061219,EPDU,current,ENTERPRISE PRODUCTS PARTNERS L.P.
1006655,EPM,fundamentals,
1045450,EPR,fundamentals,
1045450,EPR-PC,current,EPR PROPERTIES
1045450,EPR-PE,current,EPR PROPERTIES
1045450,EPR-PG,current,EPR PROPERTIES
1728951,EPRT,fundamentals,
1726126,EPSN,fundamentals,
1746466,EQ,fundamentals,
1227500,EQBK,fundamentals,
1333986,EQH,fundamentals,
1333986,EQH-PA,current,"Equitable Holdings, Inc."
1333986,EQH-PC,current,"Equitable Holdings, Inc."
1101239,EQIX,fundamentals,
1693736,EQPT,fundamentals,
906107,EQR,fundamentals,
878932,EQS,fundamentals,
33213,EQT,fundamentals,
1761918,ERAS,fundamentals,
922621,ERIE,fundamentals,
1421517,ERII,fundamentals,
748592,ERNA,fundamentals,
748592,ERNAW,current,Ernexa Therapeutics Inc.
72741,ES,fundamentals,
1877322,ESAB,fundamentals,
1553079,ESBA,fundamentals,
33488,ESCA,fundamentals,
866706,ESE,fundamentals,
1883835,ESGH,fundamentals,
1918661,ESHA,fundamentals,
1918661,ESHAR,current,ESH Acquisition Corp.
1590714,ESI,fundamentals,
1844417,ESLA,fundamentals,
1844417,ESLAW,current,"Estrella Immunopharma, Inc."
862668,ESMC,fundamentals,
1995920,ESMR,fundamentals,
1448893,ESNT,fundamentals,
1357971,ESOA,fundamentals,
33533,ESP,fundamentals,
1434868,ESPR,fundamentals,
1531031,ESQ,fundamentals,
1541401,ESRT,fundamentals,
885721,ESRX,delisted_seed,EXPRESS SCRIPTS INC
920522,ESS,fundamentals,
1490873,ESSI,fundamentals,
1688757,ESTA,fundamentals,
1707753,ESTC,fundamentals,
1276187,ET,fundamentals,
1276187,ET-PI,current,Energy Transfer LP
1705181,ETCG,fundamentals,
896156,ETD,fundamentals,
1015780,ETFC,delisted_seed,E TRADE FINANCIAL CORP
2020455,ETH,fundamentals,
2000638,ETHA,fundamentals,
2099103,ETHB,fundamentals,
1725210,ETHE,fundamentals,
1860788,ETHV,fundamentals,
2013744,ETHW,fundamentals,
1551182,ETN,fundamentals,
1710340,ETON,fundamentals,
65984,ETR,fundamentals,
2053641,ETS,fundamentals,
2085932,ETSS,fundamentals,
2085932,ETSS-UN,current,Energy Transition Special Opportunities
2085932,ETSS-WT,current,Energy Transition Special Opportunities
1538495,ETST,fundamentals,
1370637,ETSY,fundamentals,
1500881,EU,fundamentals,
1171326,EUBG,fundamentals,
1847846,EUDA,fundamentals,
1847846,EUDAW,current,EUDA Health Holdings Ltd
1415311,EUO,current,ProShares Trust II
2000410,EURK,fundamentals,
2000410,EURKR,current,Eureka Acquisition Corp
2000410,EURKU,current,Eureka Acquisition Corp
2042902,EVAC,fundamentals,
2042902,EVAC-UN,current,EQV Ventures Acquisition Corp. II
2042902,EVAC-WT,current,EQV Ventures Acquisition Corp. II
1437352,EVBG,delisted_seed,"EVERBRIDGE, INC."
1109116,EVC,fundamentals,
1853145,EVCM,fundamentals,
1640428,EVER,fundamentals,
1823652,EVEX,fundamentals,
1823652,EVEX-WT,current,"Eve Holding, Inc."
1618835,EVFM,fundamentals,
1821159,EVGO,fundamentals,
1821159,EVGOW,current,EVgo Inc.
1628908,EVH,fundamentals,
65312,EVI,fundamentals,
1805385,EVLV,fundamentals,
1805385,EVLVW,current,"Evolv Technologies Holdings, Inc."
2044725,EVMN,fundamentals,
1700844,EVOH,fundamentals,
2077954,EVOX,fundamentals,
2077954,EVOXU,current,Evolution Global Acquisition Corp
2077954,EVOXW,current,Evolution Global Acquisition Corp
1360901,EVR,fundamentals,
1711269,EVRG,fundamentals,
1559865,EVTC,fundamentals,
1816554,EVTK,fundamentals,
1563568,EVTV,fundamentals,
1099800,EW,fundamentals,
1069157,EWBC,fundamentals,
2013792,EWSB,fundamentals,
1710072,EWTX,fundamentals,
1124140,EXAS,fundamentals,
1109357,EXC,fundamentals,
1634293,EXDW,fundamentals,
895126,EXE,fundamentals,
939767,EXEL,fundamentals,
1476840,EXFY,fundamentals,
1297989,EXLS,fundamentals,
1821534,EXOD,fundamentals,
2010788,EXOZ,fundamentals,
918646,EXP,fundamentals,
746515,EXPD,fundamentals,
1324424,EXPE,fundamentals,
851520,EXPO,fundamentals,
1289490,EXR,fundamentals,
1078271,EXTR,fundamentals,
1710155,EYE,fundamentals,
1314102,EYPT,fundamentals,
1992870,EZBC,fundamentals,
2011535,EZET,fundamentals,
1752372,EZOO,fundamentals,
876523,EZPW,fundamentals,
2033807,EZPZ,fundamentals,
1812727,EZRA,fundamentals,
37996,F,fundamentals,
37996,F-PB,current,FORD MOTOR CO
37996,F-PC,current,FORD MOTOR CO
37996,F-PD,current,FORD MOTOR CO
1210677,FA,fundamentals,
1086745,FABC,fundamentals,
1705012,FABTQ,current,"Fat Brands, Inc"
2049662,FAC,fundamentals,
2028935,FACT,fundamentals,
2028935,FACTU,current,FACT II Acquisition Corp.
2028935,FACTW,current,FACT II Acquisition Corp.
2049662,FACWW,current,Factorial Energy Inc.
1472787,FAF,fundamentals,
922521,FALC,fundamentals,
1539838,FANG,fundamentals,
34563,FARM,fundamentals,
815556,FAST,fundamentals,
1705012,FATAQ,fundamentals,
1434316,FATE,fundamentals,
1993400,FATN,fundamentals,
1705012,FATPQ,current,"Fat Brands, Inc"
1370816,FBCD,fundamentals,
1519751,FBIN,fundamentals,
1429260,FBIO,fundamentals,
1429260,FBIOP,current,"Fortress Biotech, Inc."
1521951,FBIZ,fundamentals,
1649749,FBK,fundamentals,
2013639,FBLA,fundamentals,
1958777,FBLG,fundamentals,
811589,FBNC,fundamentals,
1057706,FBP,fundamentals,
1562528,FBRT,fundamentals,
1562528,FBRT-PE,current,"Franklin BSP Realty Trust, Inc."
1419041,FBRX,fundamentals,
912967,FBSI,fundamentals,
1852317,FBTC,fundamentals,
1937987,FBYD,fundamentals,
1937987,FBYDP,current,"Falcon's Beyond Global, Inc."
1937987,FBYDW,current,"Falcon's Beyond Global, Inc."
886206,FC,fundamentals,
1070296,FCAP,fundamentals,
859070,FCBC,fundamentals,
1807689,FCCI,fundamentals,
1131903,FCCN,fundamentals,
932781,FCCO,fundamentals,
886128,FCEL,fundamentals,
886128,FCELB,current,FUELCELL ENERGY INC
712537,FCF,fundamentals,
840489,FCFS,fundamentals,
1416876,FCHS,fundamentals,
887936,FCN,fundamentals,
798941,FCNCA,fundamentals,
798941,FCNCB,current,FIRST CITIZENS BANCSHARES INC /DE/
798941,FCNCN,current,FIRST CITIZENS BANCSHARES INC /DE/
798941,FCNCO,current,FIRST CITIZENS BANCSHARES INC /DE/
798941,FCNCP,current,FIRST CITIZENS BANCSHARES INC /DE/
1650132,FCPT,fundamentals,
2074697,FCRS,fundamentals,
2074697,FCRS-UN,current,FutureCrest Acquisition Corp.
2074697,FCRS-WT,current,FutureCrest Acquisition Corp.
1590418,FCUV,fundamentals,
831259,FCX,fundamentals,
1098151,FDBC,fundamentals,
1722731,FDCT,fundamentals,
1650648,FDMT,fundamentals,
1047340,FDP,current,DEL MONTE CORP
1013237,FDS,fundamentals,
2012726,FDSB,fundamentals,
1513363,FDUS,fundamentals,
1048911,FDX,fundamentals,
1031296,FE,fundamentals,
1888654,FEAM,fundamentals,
1888654,FEAV,current,"5E Advanced Materials, Inc."
1326706,FEED,fundamentals,
39020,FEIM,fundamentals,
38725,FELE,fundamentals,
1339005,FEMY,fundamentals,
1211583,FENC,fundamentals,
2025401,FERA,fundamentals,
2025401,FERAR,current,Fifth Era Acquisition Corp I
2025401,FERAU,current,Fifth Era Acquisition Corp I
2011641,FERG,fundamentals,
1401257,FET,fundamentals,
2000046,FETH,fundamentals,
1337298,FF,fundamentals,
1805521,FFAI,fundamentals,
1805521,FFAIW,current,FARADAY FUTURE INTELLIGENT ELECTRIC INC.
708955,FFBC,fundamentals,
923139,FFIC,fundamentals,
36029,FFIN,fundamentals,
1048695,FFIV,fundamentals,
1543652,FFLO,fundamentals,
1934850,FG,fundamentals,
1408534,FGBI,fundamentals,
1408534,FGBIP,current,"First Guaranty Bancshares, Inc."
1377167,FGCO,fundamentals,
1858258,FGDL,fundamentals,
1864943,FGI,fundamentals,
2090452,FGII,fundamentals,
2090452,FGIIU,current,FG Imperii Acquisition Corp.
2090452,FGIIW,current,FG Imperii Acquisition Corp.
1864943,FGIWW,current,FGI Industries Ltd.
1906364,FGMC,fundamentals,
1906364,FGMCR,current,FG Merger II Corp.
1906364,FGMCU,current,FG Merger II Corp.
1934850,FGN,current,"F&G Annuities & Life, Inc."
1687919,FGNV,fundamentals,
1591890,FGNX,fundamentals,
1591890,FGNXP,current,FG Nexus Inc.
922358,FGPR,fundamentals,
2064124,FGRS,current,"Figure Technology Solutions, Inc."
1934850,FGSN,current,"F&G Annuities & Life, Inc."
36377,FHB,fundamentals,
1056288,FHI,fundamentals,
36966,FHN,fundamentals,
36966,FHN-PE,current,FIRST HORIZON CORP
36966,FHN-PF,current,FIRST HORIZON CORP
36966,FHN-PH,current,FIRST HORIZON CORP
1822462,FHTX,fundamentals,
860413,FIBK,fundamentals,
814547,FICO,fundamentals,
1467761,FIEE,fundamentals,
1579878,FIG,fundamentals,
2064124,FIGR,fundamentals,
1846576,FIGS,fundamentals,
2059033,FIGX,fundamentals,
2059033,FIGXU,current,FIGX Capital Acquisition Corp.
2059033,FIGXW,current,FIGX Capital Acquisition Corp.
862831,FIISO,current,FINANCIAL INSTITUTIONS INC
862831,FIISP,current,FINANCIAL INSTITUTIONS INC
1856365,FINW,fundamentals,
1899883,FIP,fundamentals,
1801661,FIRY,fundamentals,
1136893,FIS,fundamentals,
862831,FISI,fundamentals,
1553079,FISK,current,"Empire State Realty OP, L.P."
1918102,FISN,fundamentals,
798354,FISV,fundamentals,
35527,FITB,fundamentals,
35527,FITB-PA,current,FIFTH THIRD BANCORP
35527,FITB-PI,current,FIFTH THIRD BANCORP
35527,FITB-PK,current,FIFTH THIRD BANCORP
35527,FITB-PM,current,FIFTH THIRD BANCORP
35527,FITBI,current,FIFTH THIRD BANCORP
35527,FITBM,current,FIFTH THIRD BANCORP
35527,FITBO,current,FIFTH THIRD BANCORP
35527,FITBP,current,FIFTH THIRD BANCORP
1177609,FIVE,fundamentals,
1288847,FIVN,fundamentals,
1035983,FIX,fundamentals,
69891,FIZZ,fundamentals,
1947016,FJET,fundamentals,
722572,FKWL,fundamentals,
737875,FKYS,fundamentals,
1889123,FLD,fundamentals,
1889123,FLDDW,current,"Fold Holdings, Inc."
866374,FLEX,fundamentals,
910073,FLG,fundamentals,
910073,FLG-PA,current,"FLAGSTAR BANK, NATIONAL ASSOCIATION"
910073,FLG-PU,current,"FLAGSTAR BANK, NATIONAL ASSOCIATION"
1674930,FLGT,fundamentals,
354908,FLIR,delisted_seed,FLIR SYSTEMS INC
891482,FLL,fundamentals,
1069530,FLNA,fundamentals,
1868941,FLNC,fundamentals,
1460329,FLNT,fundamentals,
1128928,FLO,fundamentals,
2035149,FLOC,fundamentals,
1124198,FLR,fundamentals,
30625,FLS,fundamentals,
1635327,FLUT,fundamentals,
1083743,FLUX,fundamentals,
1084869,FLWS,fundamentals,
37472,FLXS,fundamentals,
1860160,FLY,fundamentals,
1975940,FLYE,fundamentals,
1580560,FLYW,fundamentals,
1843973,FLYX,fundamentals,
1843973,FLYX-WT,current,FLYEXCLUSIVE INC.
1498710,FLYYQ,fundamentals,
1706524,FLZH,fundamentals,
2099232,FMAC,fundamentals,
2099232,FMACR,current,Future Money Acquisition Corp
2099232,FMACU,current,Future Money Acquisition Corp
792966,FMAO,fundamentals,
700565,FMBH,fundamentals,
740806,FMBM,fundamentals,
37785,FMC,fundamentals,
1085913,FMCB,fundamentals,
1026214,FMCC,fundamentals,
1026214,FMCCG,current,FEDERAL HOME LOAN MORTGAGE CORP
1026214,FMCCH,current,FEDERAL HOME LOAN MORTGAGE CORP
1026214,FMCCI,current,FEDERAL HOME LOAN MORTGAGE CORP
1026214,FMCCJ,current,FEDERAL HOME LOAN MORTGAGE CORP
1026214,FMCCK,current,FEDERAL HOME LOAN MORTGAGE CORP
1026214,FMCCL,current,FEDERAL HOME LOAN MORTGAGE CORP
1026214,FMCCM,current,FEDERAL HOME LOAN MORTGAGE CORP
1026214,FMCCN,current,FEDERAL HOME LOAN MORTGAGE CORP
1026214,FMCCO,current,FEDERAL HOME LOAN MORTGAGE CORP
1026214,FMCCP,current,FEDERAL HOME LOAN MORTGAGE CORP
1026214,FMCCS,current,FEDERAL HOME LOAN MORTGAGE CORP
1026214,FMCCT,current,FEDERAL HOME LOAN MORTGAGE CORP
1026214,FMCKI,current,FEDERAL HOME LOAN MORTGAGE CORP
1026214,FMCKJ,current,FEDERAL HOME LOAN MORTGAGE CORP
1026214,FMCKK,current,FEDERAL HOME LOAN MORTGAGE CORP
1026214,FMCKL,current,FEDERAL HOME LOAN MORTGAGE CORP
1026214,FMCKM,current,FEDERAL HOME LOAN MORTGAGE CORP
1026214,FMCKN,current,FEDERAL HOME LOAN MORTGAGE CORP
1026214,FMCKO,current,FEDERAL HOME LOAN MORTGAGE CORP
1026214,FMCKP,current,FEDERAL HOME LOAN MORTGAGE CORP
1698022,FMFG,fundamentals,
1811999,FMHS,fundamentals,
709337,FMNB,fundamentals,
1408710,FN,fundamentals,
37808,FNB,fundamentals,
1733257,FNCHQ,fundamentals,
1507079,FND,fundamentals,
1331875,FNF,fundamentals,
1602409,FNGR,fundamentals,
1704711,FNKO,fundamentals,
765207,FNLC,fundamentals,
310522,FNMA,fundamentals,
310522,FNMAG,current,FEDERAL NATIONAL MORTGAGE ASSOCIATION FANNIE MAE
310522,FNMAH,current,FEDERAL NATIONAL MORTGAGE ASSOCIATION FANNIE MAE
310522,FNMAI,current,FEDERAL NATIONAL MORTGAGE ASSOCIATION FANNIE MAE
310522,FNMAJ,current,FEDERAL NATIONAL MORTGAGE ASSOCIATION FANNIE MAE
310522,FNMAK,current,FEDERAL NATIONAL MORTGAGE ASSOCIATION FANNIE MAE
310522,FNMAL,current,FEDERAL NATIONAL MORTGAGE ASSOCIATION FANNIE MAE
310522,FNMAM,current,FEDERAL NATIONAL MORTGAGE ASSOCIATION FANNIE MAE
310522,FNMAN,current,FEDERAL NATIONAL MORTGAGE ASSOCIATION FANNIE MAE
310522,FNMAO,current,FEDERAL NATIONAL MORTGAGE ASSOCIATION FANNIE MAE
310522,FNMAP,current,FEDERAL NATIONAL MORTGAGE ASSOCIATION FANNIE MAE
310522,FNMAS,current,FEDERAL NATIONAL MORTGAGE ASSOCIATION FANNIE MAE
310522,FNMAT,current,FEDERAL NATIONAL MORTGAGE ASSOCIATION FANNIE MAE
310522,FNMFM,current,FEDERAL NATIONAL MORTGAGE ASSOCIATION FANNIE MAE
310522,FNMFN,current,FEDERAL NATIONAL MORTGAGE ASSOCIATION FANNIE MAE
310522,FNMFO,current,FEDERAL NATIONAL MORTGAGE ASSOCIATION FANNIE MAE
1114927,FNRN,fundamentals,
1556727,FNWB,fundamentals,
919864,FNWD,fundamentals,
1828937,FOA,fundamentals,
1041934,FOCL,fundamentals,
1871181,FOFA,fundamentals,
355019,FONR,fundamentals,
1406587,FOR,fundamentals,
1829280,FORA,fundamentals,
1039399,FORM,fundamentals,
1023313,FORR,fundamentals,
883569,FOSL,fundamentals,
1099668,FOTB,fundamentals,
1794669,FOUR,fundamentals,
1794669,FOUR-PA,current,"Shift4 Payments, Inc."
1754301,FOX,current,Fox Corp
1754301,FOXA,fundamentals,
1424929,FOXF,fundamentals,
1812360,FOXO,fundamentals,
1812360,FOXOW,current,FOXO TECHNOLOGIES INC.
2013807,FOXX,fundamentals,
2013807,FOXXW,current,Foxx Development Holdings Inc.
1574197,FPH,fundamentals,
1591670,FPI,fundamentals,
2080126,FPS,fundamentals,
921825,FR,fundamentals,
723646,FRAF,fundamentals,
1825248,FRBP,fundamentals,
39092,FRD,fundamentals,
1026214,FREGP,current,FEDERAL HOME LOAN MORTGAGE CORP
1026214,FREJN,current,FEDERAL HOME LOAN MORTGAGE CORP
1026214,FREJO,current,FEDERAL HOME LOAN MORTGAGE CORP
1026214,FREJP,current,FEDERAL HOME LOAN MORTGAGE CORP
36840,FREVS,fundamentals,
1687542,FRGT,fundamentals,
924805,FRHC,fundamentals,
712534,FRME,fundamentals,
712534,FRMEP,current,FIRST MERCHANTS CORP
2071778,FRMI,fundamentals,
1690080,FRMM,fundamentals,
1800667,FROG,fundamentals,
844059,FRPH,fundamentals,
1611647,FRPT,fundamentals,
1624517,FRQN,fundamentals,
1544522,FRSH,fundamentals,
1325670,FRST,fundamentals,
34903,FRT,fundamentals,
34903,FRT-PC,current,FEDERAL REALTY INVESTMENT TRUST
1853868,FRVO,fundamentals,
1485074,FRZT,fundamentals,
1275168,FSBC,fundamentals,
1530249,FSBW,fundamentals,
1943802,FSEA,fundamentals,
1850059,FSHP,fundamentals,
1850059,FSHPR,current,Flag Ship Acquisition Corp
1850059,FSHPU,current,Flag Ship Acquisition Corp
1069394,FSI,fundamentals,
1422183,FSK,fundamentals,
1274494,FSLR,fundamentals,
1517413,FSLY,fundamentals,
2063380,FSOL,fundamentals,
1031316,FSP,fundamentals,
277509,FSS,fundamentals,
1525306,FSTJ,fundamentals,
352825,FSTR,fundamentals,
1709442,FSUN,fundamentals,
1590364,FTAI,fundamentals,
1590364,FTAIM,current,FTAI Aviation Ltd.
1590364,FTAIN,current,FTAI Aviation Ltd.
1828161,FTCI,fundamentals,
1828377,FTCO,fundamentals,
1727263,FTDR,fundamentals,
846913,FTEK,fundamentals,
1066923,FTFT,fundamentals,
1829802,FTH,fundamentals,
2097986,FTHA,fundamentals,
2097986,FTHAU,current,Forefront Tech Holdings Acquisition Corp
1753162,FTHM,fundamentals,
1681459,FTI,fundamentals,
928054,FTK,fundamentals,
1374328,FTLF,fundamentals,
1262039,FTNT,fundamentals,
1965040,FTRE,fundamentals,
1319643,FTSP,fundamentals,
1659166,FTV,fundamentals,
1484769,FUBO,fundamentals,
39368,FUL,fundamentals,
1680581,FULC,fundamentals,
1092570,FULO,fundamentals,
700564,FULT,fundamentals,
700564,FULTP,current,FULTON FINANCIAL CORP
1999001,FUN,fundamentals,
763907,FUNC,fundamentals,
1502966,FUNI,fundamentals,
717806,FUSB,fundamentals,
2033383,FUSE,fundamentals,
2033383,FUSEW,current,Fusemachines Inc.
1636051,FUST,fundamentals,
1850733,FVAV,fundamentals,
1675644,FVCB,fundamentals,
2010653,FVN,fundamentals,
2010653,FVNNR,current,Future Vision II Acquisition Corp.
2010653,FVNNU,current,Future Vision II Acquisition Corp.
1988494,FVR,fundamentals,
1626745,FVTI,fundamentals,
38264,FWDI,fundamentals,
1492617,FWFW,fundamentals,
1560385,FWONA,fundamentals,
1560385,FWONB,current,Liberty Media Corp
1560385,FWONK,current,Liberty Media Corp
912728,FWRD,fundamentals,
1789940,FWRG,fundamentals,
1353614,FXA,fundamentals,
1353611,FXB,fundamentals,
1353612,FXC,fundamentals,
1328598,FXE,fundamentals,
1353615,FXF,fundamentals,
719402,FXNC,fundamentals,
1353613,FXY,fundamentals,
1497230,FYNN,fundamentals,
319016,FZMD,fundamentals,
1398659,G,fundamentals,
714395,GABC,fundamentals,
1989788,GAFC,fundamentals,
1089872,GAIA,fundamentals,
1321741,GAIN,fundamentals,
1321741,GAING,current,GLADSTONE INVESTMENT CORPORATION\DE
1321741,GAINI,current,GLADSTONE INVESTMENT CORPORATION\DE
1321741,GAINZ,current,GLADSTONE INVESTMENT CORPORATION\DE
1133416,GALT,fundamentals,
1714562,GAME,fundamentals,
55234,GAMG,fundamentals,
1819411,GANX,fundamentals,
39911,GAP,fundamentals,
40211,GATX,fundamentals,
2035053,GAVA,fundamentals,
868671,GBCI,fundamentals,
727346,GBCS,fundamentals,
1476765,GBDC,fundamentals,
1791145,GBFH,fundamentals,
1494904,GBLI,fundamentals,
1823365,GBNY,fundamentals,
105744,GBR,fundamentals,
1629137,GBT,delisted_seed,"Global Blood Therapeutics, Inc."
1588489,GBTC,fundamentals,
1820872,GBTG,fundamentals,
1169138,GBUX,fundamentals,
923120,GBX,fundamentals,
1695473,GCAN,fundamentals,
1070524,GCBC,fundamentals,
1765048,GCGJ,fundamentals,
1819796,GCMG,fundamentals,
18498,GCO,fundamentals,
1857816,GCT,fundamentals,
1506983,GCTK,fundamentals,
1851961,GCTS,fundamentals,
1851961,GCTS-WT,current,"GCT Semiconductor Holding, Inc."
40533,GD,fundamentals,
1641398,GDC,fundamentals,
1609711,GDDY,fundamentals,
1071255,GDEN,fundamentals,
1729997,GDLC,fundamentals,
1848672,GDLG,fundamentals,
2055510,GDOG,fundamentals,
1386278,GDOT,fundamentals,
1809519,GDRX,fundamentals,
1072725,GDRZF,fundamentals,
1858007,GDST,fundamentals,
1858007,GDSTR,current,Chi Special Acquisition Corp.
1858007,GDSTU,current,Chi Special Acquisition Corp.
1858007,GDSTW,current,Chi Special Acquisition Corp.
1743725,GDYN,fundamentals,
40545,GE,fundamentals,
1675033,GECC,fundamentals,
1675033,GECCG,current,Great Elm Capital Corp.
1675033,GECCH,current,Great Elm Capital Corp.
1675033,GECCI,current,Great Elm Capital Corp.
1174891,GEDC,fundamentals,
43920,GEF,fundamentals,
43920,GEF-B,current,"GREIF, INC"
1831096,GEG,fundamentals,
1831096,GEGGL,current,"Great Elm Group, Inc."
1932393,GEHC,fundamentals,
1022321,GEL,fundamentals,
2055592,GEMI,fundamentals,
849399,GEN,fundamentals,
2100782,GENB,fundamentals,
64472,GENC,fundamentals,
1891856,GENK,fundamentals,
849399,GENVR,current,Gen Digital Inc.
923796,GEO,fundamentals,
1001115,GEOS,fundamentals,
886744,GERN,fundamentals,
1898496,GETY,fundamentals,
1996810,GEV,fundamentals,
1392380,GEVO,fundamentals,
50725,GFF,fundamentals,
1796949,GFLT,fundamentals,
820771,GFMH,fundamentals,
1616736,GGBY,fundamentals,
42888,GGG,fundamentals,
1489874,GGROU,fundamentals,
1854445,GGRP,fundamentals,
1576280,GH,fundamentals,
104889,GHC,fundamentals,
1059142,GHI,fundamentals,
716314,GHM,fundamentals,
1121795,GHST,fundamentals,
945114,GIC,fundamentals,
1760233,GIFT,fundamentals,
821002,GIII,fundamentals,
882095,GILD,fundamentals,
1837774,GIPL,fundamentals,
1651721,GIPR,fundamentals,
1651721,GIPRW,current,"GENERATION INCOME PROPERTIES, INC."
40704,GIS,fundamentals,
1911545,GITS,fundamentals,
2080019,GIW,fundamentals,
2080019,GIWWR,current,GigCapital8 Corp.
2080019,GIWWU,current,GigCapital8 Corp.
2098712,GIX,fundamentals,
2098712,GIXXR,current,GigCapital9 Corp.
2098712,GIXXU,current,GigCapital9 Corp.
1474558,GKOR,fundamentals,
1192448,GKOS,fundamentals,
320335,GL,fundamentals,
320335,GL-PD,current,GLOBE LIFE INC.
1143513,GLAD,fundamentals,
1473490,GLAI,fundamentals,
890066,GLBZ,fundamentals,
1830696,GLCP,fundamentals,
1222333,GLD,fundamentals,
1372020,GLDD,delisted_seed,Great Lakes Dredge & Dock Holdings Corp.
1618181,GLDM,fundamentals,
1618181,GLDW,current,World Gold Trust
2091484,GLED,fundamentals,
2091484,GLED-RI,current,GalaxyEdge Acquisition Corp
2091484,GLED-UN,current,GalaxyEdge Acquisition Corp
1871890,GLEI,fundamentals,
1088413,GLGI,fundamentals,
2057463,GLIBA,fundamentals,
2057463,GLIBB,current,Liberty Capital Corp/NV
2057463,GLIBK,current,Liberty Capital Corp/NV
1415311,GLL,current,ProShares Trust II
2093507,GLND,fundamentals,
2093507,GLNDW,current,Greenland Energy Co
1852025,GLNK,fundamentals,
1375348,GLNS,fundamentals,
2069785,GLOO,fundamentals,
1323468,GLP,fundamentals,
1323468,GLP-PB,current,GLOBAL PARTNERS LP
1575965,GLPI,fundamentals,
1385613,GLRE,fundamentals,
1799788,GLSI,fundamentals,
1938338,GLTK,fundamentals,
1483386,GLTR,fundamentals,
1420108,GLUC,fundamentals,
1826457,GLUE,fundamentals,
1693687,GLVT,current,GREENLIT VENTURES INC.
24741,GLW,fundamentals,
1859392,GLXY,fundamentals,
13156,GLXZ,fundamentals,
1467858,GM,fundamentals,
1451448,GMBL,fundamentals,
1451448,GMBLP,current,"ESPORTS ENTERTAINMENT GROUP, INC."
1451448,GMBLZ,current,"ESPORTS ENTERTAINMENT GROUP, INC."
1326380,GME,fundamentals,
1326380,GME-WT,current,GameStop Corp.
1237831,GMED,fundamentals,
1454742,GMER,fundamentals,
1898718,GMRS,fundamentals,
1600438,GMS,delisted_seed,GMS Inc.
2000762,GMTH,fundamentals,
1528356,GNE,fundamentals,
1326200,GNK,fundamentals,
1526113,GNL,fundamentals,
1526113,GNL-PA,current,"Global Net Lease, Inc."
1526113,GNL-PB,current,"Global Net Lease, Inc."
1526113,GNL-PD,current,"Global Net Lease, Inc."
1526113,GNL-PE,current,"Global Net Lease, Inc."
1743745,GNLN,fundamentals,
1231457,GNLX,fundamentals,
1595248,GNPX,fundamentals,
1474735,GNRC,fundamentals,
924383,GNSS,fundamentals,
1346917,GNTOF,fundamentals,
355811,GNTX,fundamentals,
1792941,GNVR,fundamentals,
1276520,GNW,fundamentals,
1771515,GO,fundamentals,
1983736,GOAI,fundamentals,
1808220,GOCO,current,"GoHealth, Inc."
1808220,GOCOQ,fundamentals,
1537054,GOGO,fundamentals,
1591588,GOLD,fundamentals,
1672013,GOLF,fundamentals,
1234006,GOOD,fundamentals,
1234006,GOODN,current,GLADSTONE COMMERCIAL CORP
1234006,GOODO,current,GLADSTONE COMMERCIAL CORP
1652044,GOOG,current,Alphabet Inc.
1652044,GOOGL,fundamentals,
1652044,GOOGM,current,Alphabet Inc.
1652044,GOOGN,current,Alphabet Inc.
1160791,GORO,fundamentals,
1728117,GOSS,fundamentals,
1978811,GOVB,fundamentals,
832489,GOVX,fundamentals,
2085408,GPAC,fundamentals,
2085408,GPACU,current,General Purpose Acquisition Corp.
2085408,GPACW,current,General Purpose Acquisition Corp.
1834526,GPAT,fundamentals,
1834526,GPATU,current,GP-Act III Acquisition Corp.
1834526,GPATW,current,GP-Act III Acquisition Corp.
40987,GPC,fundamentals,
1888886,GPCR,fundamentals,
1823144,GPGI,fundamentals,
1031203,GPI,fundamentals,
1408075,GPK,fundamentals,
1392449,GPLB,fundamentals,
1883083,GPLL,fundamentals,
1703644,GPMT,fundamentals,
1703644,GPMT-PA,current,Granite Point Mortgage Trust Inc.
1123360,GPN,fundamentals,
874499,GPOR,fundamentals,
1673475,GPOX,fundamentals,
1309402,GPRE,fundamentals,
1500435,GPRO,fundamentals,
896493,GPUS,fundamentals,
896493,GPUS-PD,current,"Hyperscale Data, Inc."
1897463,GRAF,fundamentals,
1897463,GRAF-UN,current,Graf Global Corp.
1897463,GRAF-WT,current,Graf Global Corp.
1699031,GRAL,fundamentals,
1373670,GRBK,fundamentals,
1373670,GRBK-PA,current,"Green Brick Partners, Inc."
42682,GRC,fundamentals,
1444192,GRCE,fundamentals,
1802255,GRDN,fundamentals,
1604191,GRDX,fundamentals,
1844971,GREE,fundamentals,
1844971,GREEL,current,Greenidge Generation Holdings Inc.
894501,GRHI,fundamentals,
1824293,GRI,fundamentals,
1907223,GRML,fundamentals,
1907223,GRMLW,current,Greenland Mines Ltd
1121788,GRMN,fundamentals,
1820144,GRND,fundamentals,
1282571,GRNL,fundamentals,
1597846,GRNQ,fundamentals,
1928446,GRNT,fundamentals,
1499275,GROO,fundamentals,
1841761,GROV,fundamentals,
1841761,GROVW,current,"Grove Collaborative Holdings, Inc."
754811,GROW,fundamentals,
1490281,GRPN,fundamentals,
1990446,GRPS,fundamentals,
1563577,GRTX,fundamentals,
1463000,GRUSF,fundamentals,
918573,GRVE,fundamentals,
1604868,GRWG,fundamentals,
886982,GS,fundamentals,
886982,GS-PA,current,GOLDMAN SACHS GROUP INC
886982,GS-PC,current,GOLDMAN SACHS GROUP INC
886982,GS-PD,current,GOLDMAN SACHS GROUP INC
1366868,GSAT,fundamentals,
854560,GSBC,fundamentals,
1572694,GSBD,fundamentals,
886982,GSCE,current,GOLDMAN SACHS GROUP INC
1332174,GSG,fundamentals,
1726978,GSHD,fundamentals,
2044635,GSHR,fundamentals,
2044635,GSHRU,current,Gesher Acquisition Corp. II
2044635,GSHRW,current,Gesher Acquisition Corp. II
1126741,GSIT,fundamentals,
1940243,GSMT,fundamentals,
1896677,GSOL,fundamentals,
2072404,GSRF,fundamentals,
2072404,GSRFR,current,GSR IV Acquisition Corp.
2072404,GSRFU,current,GSR IV Acquisition Corp.
2111762,GSRV,fundamentals,
2111762,GSRVU,current,GSR V Acquisition Corp.
1917993,GSTK,fundamentals,
1497649,GSTX,fundamentals,
2034012,GSUI,fundamentals,
42582,GT,fundamentals,
2029297,GTAO,fundamentals,
1795139,GTBIF,fundamentals,
109657,GTBP,fundamentals,
1471781,GTCH,fundamentals,
1273441,GTE,fundamentals,
1735041,GTEC,fundamentals,
1986817,GTEN,fundamentals,
1986817,GTENU,current,"Gores Holdings X, Inc. / CI"
1986817,GTENW,current,"Gores Holdings X, Inc. / CI"
2043766,GTERA,fundamentals,
2043766,GTERR,current,Globa Terra Acquisition Corp
2043766,GTERU,current,Globa Terra Acquisition Corp
2043766,GTERW,current,Globa Terra Acquisition Corp
1718512,GTES,fundamentals,
924515,GTHP,fundamentals,
1584480,GTIC,fundamentals,
1879373,GTIJF,fundamentals,
825324,GTIM,fundamentals,
1653482,GTLB,fundamentals,
932021,GTLL,fundamentals,
892553,GTLS,fundamentals,
1794515,GTM,fundamentals,
43196,GTN,fundamentals,
43196,GTN-A,current,"GRAY MEDIA, INC"
1735707,GTX,fundamentals,
1052752,GTY,fundamentals,
1832487,GUER,fundamentals,
885462,GURE,fundamentals,
1572616,GUTS,fundamentals,
861459,GVA,fundamentals,
1589149,GWAV,fundamentals,
1819438,GWH,fundamentals,
1819438,GWH-WT,current,"ESS Tech, Inc."
1800373,GWLL,fundamentals,
1528396,GWRE,fundamentals,
1434728,GWRS,fundamentals,
1430300,GWSO,fundamentals,
1572386,GWTI,fundamentals,
277135,GWW,fundamentals,
1895618,GXAI,fundamentals,
1761325,GXLM,fundamentals,
1852244,GXO,fundamentals,
2037427,GXRP,fundamentals,
1681556,GXXM,fundamentals,
1681556,GXXMD,current,"GEX MANAGEMENT, INC."
1124105,GYRE,fundamentals,
1589061,GYRO,fundamentals,
1286648,GZIC,fundamentals,
1468174,H,fundamentals,
2089982,HACQ,fundamentals,
2089982,HACQU,current,HCM IV Acquisition Corp.
2089982,HACQW,current,HCM IV Acquisition Corp.
313143,HAE,fundamentals,
1109242,HAFC,fundamentals,
1367993,HAFG,fundamentals,
910406,HAIN,fundamentals,
45012,HAL,fundamentals,
1159036,HALO,fundamentals,
1409970,HAPN,fundamentals,
46080,HAS,fundamentals,
1561894,HASI,fundamentals,
2042460,HAVA,fundamentals,
2042460,HAVAR,current,Harvard Ave Acquisition Corp
2042460,HAVAU,current,Harvard Ave Acquisition Corp
1750704,HAWK,fundamentals,
1834622,HAYW,fundamentals,
49196,HBAN,fundamentals,
49196,HBANL,current,HUNTINGTON BANCSHARES INC /MD/
49196,HBANM,current,HUNTINGTON BANCSHARES INC /MD/
49196,HBANP,current,HUNTINGTON BANCSHARES INC /MD/
49196,HBANZ,current,HUNTINGTON BANCSHARES INC /MD/
1709164,HBB,fundamentals,
1436425,HBCP,fundamentals,
732417,HBIA,fundamentals,
1123494,HBIO,fundamentals,
706129,HBNC,fundamentals,
775215,HBT,fundamentals,
1639068,HBUV,fundamentals,
860730,HCA,fundamentals,
2079013,HCAC,fundamentals,
2079013,HCACR,current,Hall Chadwick Acquisition Corp
2079013,HCACU,current,Hall Chadwick Acquisition Corp
1636422,HCAT,fundamentals,
1691303,HCC,fundamentals,
1400810,HCI,fundamentals,
2099093,HCIC,fundamentals,
2099093,HCICR,current,Hennessy Capital Investment Corp. VIII
2099093,HCICU,current,Hennessy Capital Investment Corp. VIII
1400810,HCIIP,current,"HCI Group, Inc."
1086303,HCIL,fundamentals,
1057379,HCKT,fundamentals,
2069856,HCMA,fundamentals,
2069856,HCMAU,current,HCM III ACQUISITION CORP.
2069856,HCMAW,current,HCM III ACQUISITION CORP.
844856,HCMC,fundamentals,
731012,HCSG,fundamentals,
1839285,HCTI,fundamentals,
1828673,HCWB,fundamentals,
1948864,HCWC,fundamentals,
1280784,HCXY,current,"Hercules Capital, Inc."
354950,HD,fundamentals,
2023730,HDRN,fundamentals,
2023730,HDRNW,current,"Hadron Energy, Inc."
925528,HDSN,fundamentals,
354707,HE,fundamentals,
1493761,HEAR,delisted_seed,Turtle Beach Corp
46619,HEI,fundamentals,
46619,HEI-A,current,HEICO CORP
916789,HELE,fundamentals,
1583771,HEPA,fundamentals,
1789832,HESM,fundamentals,
1500375,HFBL,fundamentals,
1680873,HFFG,fundamentals,
1482554,HFUS,fundamentals,
1046025,HFWA,fundamentals,
1593275,HG,fundamentals,
1817232,HGAS,fundamentals,
1817232,HGASW,current,Global Gas Corp
849145,HGBL,fundamentals,
1585101,HGIT,fundamentals,
1840776,HGTY,fundamentals,
1674168,HGV,fundamentals,
1324759,HGYN,fundamentals,
1981792,HHH,fundamentals,
45919,HHS,fundamentals,
1417398,HI,delisted_seed,"Hillenbrand, Inc."
874766,HIG,fundamentals,
874766,HIG-PG,current,"HARTFORD INSURANCE GROUP, INC."
1807616,HIGR,fundamentals,
1501585,HII,fundamentals,
1773751,HIMS,fundamentals,
1427570,HIND,fundamentals,
1828105,HIPO,fundamentals,
1828105,HIPOW,current,Hippo Holdings Inc.
2019505,HIT,fundamentals,
921082,HIW,fundamentals,
88000,HKHC,fundamentals,
719413,HL,fundamentals,
719413,HL-PB,current,HECLA MINING CO/DE/
1953988,HLEO,fundamentals,
1180262,HLF,fundamentals,
1302215,HLI,fundamentals,
1024795,HLIO,fundamentals,
851310,HLIT,fundamentals,
1331421,HLLK,fundamentals,
1822928,HLLY,fundamentals,
1822928,HLLY-WT,current,Holley Inc.
1822492,HLMN,fundamentals,
1433642,HLNE,fundamentals,
1585689,HLT,fundamentals,
1561032,HLTC,current,"National Healthcare Properties, Inc."
866829,HLX,fundamentals,
2099656,HLXC,fundamentals,
1680139,HLYK,fundamentals,
1539680,HMMR,fundamentals,
850141,HMN,fundamentals,
1196501,HMSY,delisted_seed,HMS HOLDINGS CORP
1673743,HNGE,fundamentals,
48287,HNI,fundamentals,
1994373,HNIT,fundamentals,
1145255,HNNA,fundamentals,
1145255,HNNAZ,current,HENNESSY ADVISORS INC
1342916,HNOI,fundamentals,
788965,HNRG,fundamentals,
1530979,HNST,fundamentals,
1828588,HNVR,fundamentals,
1838028,HODL,fundamentals,
1077688,HOFT,fundamentals,
793952,HOG,fundamentals,
1841209,HOLO,fundamentals,
1841209,HOLOW,current,MicroCloud Hologram Inc.
1331520,HOMB,fundamentals,
773840,HON,fundamentals,
773840,HONIV,current,HONEYWELL INTERNATIONAL INC
1783879,HOOD,fundamentals,
1760542,HOOK,fundamentals,
1128361,HOPE,fundamentals,
1874875,HOUR,fundamentals,
357294,HOV,fundamentals,
357294,HOVNP,current,HOVNANIAN ENTERPRISES INC
1930021,HOVR,fundamentals,
1930021,HOVRW,current,New Horizon Aircraft Ltd.
357294,HOVVB,current,HOVNANIAN ENTERPRISES INC
1785530,HOWL,fundamentals,
46765,HP,fundamentals,
1645590,HPE,fundamentals,
1645590,HPE-PC,current,Hewlett Packard Enterprise Co
1792849,HPK,fundamentals,
1482512,HPP,fundamentals,
1482512,HPP-PC,current,"Hudson Pacific Properties, Inc."
47217,HPQ,fundamentals,
1140102,HQI,fundamentals,
1428336,HQY,fundamentals,
1360604,HR,fundamentals,
12659,HRB,fundamentals,
1563665,HRGN,fundamentals,
1364479,HRI,fundamentals,
48465,HRL,fundamentals,
1802665,HRMY,fundamentals,
1360214,HROW,fundamentals,
1598665,HRTG,fundamentals,
818033,HRTX,fundamentals,
1487428,HRZN,fundamentals,
45876,HSC,delisted_seed,HARSCO CORP
1468492,HSCS,fundamentals,
1468492,HSCSW,current,HeartSciences Inc.
1721056,HSCT,fundamentals,
1610853,HSDT,fundamentals,
1000228,HSIC,fundamentals,
1066605,HSII,delisted_seed,HEIDRICK & STRUGGLES INTERNATIONAL INC
1946021,HSPOF,fundamentals,
2032950,HSPT,fundamentals,
2032950,HSPTR,current,Horizon Space Acquisition II Corp.
2032950,HSPTU,current,Horizon Space Acquisition II Corp.
1946021,HSPUF,current,Horizon Space Acquisition I Corp.
1946021,HSPWF,current,Horizon Space Acquisition I Corp.
1070750,HST,fundamentals,
1813603,HSTA,fundamentals,
797564,HSTC,fundamentals,
1365388,HSTI,fundamentals,
1095565,HSTM,fundamentals,
47111,HSY,fundamentals,
1538263,HTB,fundamentals,
1053352,HTBK,fundamentals,
1892322,HTCR,fundamentals,
1487428,HTFC,current,Horizon Technology Finance Corp
1464521,HTFL,fundamentals,
1280784,HTGC,fundamentals,
1265131,HTH,fundamentals,
799233,HTLD,fundamentals,
766829,HTO,fundamentals,
1657853,HTZ,fundamentals,
1657853,HTZWW,current,"HERTZ GLOBAL HOLDINGS, INC"
48898,HUBB,fundamentals,
940942,HUBG,fundamentals,
1404655,HUBS,fundamentals,
49071,HUM,fundamentals,
1818382,HUMA,fundamentals,
1818382,HUMAW,current,"Humacyte, Inc."
1307954,HUN,fundamentals,
1498382,HURA,fundamentals,
315374,HURC,fundamentals,
1289848,HURN,fundamentals,
1964789,HUT,fundamentals,
1846416,HVII,fundamentals,
1846416,HVIIR,current,Hennessy Capital Investment Corp. VII
1846416,HVIIU,current,Hennessy Capital Investment Corp. VII
2070602,HVMC,fundamentals,
2070602,HVMCU,current,Highview Merger Corp.
2070602,HVMCW,current,Highview Merger Corp.
216085,HVT,fundamentals,
216085,HVT-A,current,HAVERTY FURNITURE COMPANIES INC
893847,HWBK,fundamentals,
750577,HWC,fundamentals,
750577,HWCPZ,current,HANCOCK WHITNEY CORP
1897245,HWH,fundamentals,
1750777,HWKE,fundamentals,
46250,HWKN,fundamentals,
4281,HWM,fundamentals,
1413891,HWNI,fundamentals,
717605,HXL,fundamentals,
1173514,HY,fundamentals,
1630176,HYEX,fundamentals,
1695295,HYFM,fundamentals,
1759631,HYLN,fundamentals,
1718405,HYMC,fundamentals,
1718405,HYMCW,current,HYCROFT MINING HOLDING CORP
2073153,HYNE,fundamentals,
1070789,HYOR,fundamentals,
1682639,HYPD,fundamentals,
1833769,HYPR,fundamentals,
1481028,HYSR,fundamentals,
1748945,HZEN,fundamentals,
1492426,HZNP,delisted_seed,Horizon Therapeutics Public Ltd Co
1057060,HZO,fundamentals,
1800227,IAC,current,People Inc
2091176,IACO,fundamentals,
2091176,IACOU,current,Idea Acquisition Corp.
2091176,IACOW,current,Idea Acquisition Corp.
917520,IART,fundamentals,
1278680,IAU,fundamentals,
1759124,IAUM,fundamentals,
1853962,IAUX,fundamentals,
1853962,IAUX-WT,current,i-80 Gold Corp.
1998781,IBAC,fundamentals,
1998781,IBACR,current,IB Acquisition Corp.
1786318,IBATF,fundamentals,
39311,IBCP,fundamentals,
1720420,IBEX,fundamentals,
1420720,IBIO,fundamentals,
1980994,IBIT,fundamentals,
1381197,IBKR,fundamentals,
51143,IBM,fundamentals,
1834105,IBO,fundamentals,
315709,IBOC,fundamentals,
1580905,IBP,fundamentals,
1326110,IBRX,fundamentals,
1538379,IBTA,fundamentals,
811641,ICCC,fundamentals,
1571949,ICE,fundamentals,
1362004,ICFI,fundamentals,
1652535,ICHR,fundamentals,
1578348,ICMB,fundamentals,
1690012,ICR-PA,fundamentals,
1690012,ICRL,current,"InPoint Commercial Real Estate Income, Inc."
1690012,ICRP,current,"InPoint Commercial Real Estate Income, Inc."
1831868,ICU,fundamentals,
1831868,ICUCW,current,SeaStar Medical Holding Corp
883984,ICUI,fundamentals,
1057877,IDA,fundamentals,
1718939,IDAI,fundamentals,
1405495,IDCC,fundamentals,
1040896,IDN,fundamentals,
1030192,IDR,fundamentals,
1005731,IDT,fundamentals,
1054102,IDXG,fundamentals,
874716,IDXX,fundamentals,
1676725,IDYA,fundamentals,
1879016,IE,fundamentals,
2084396,IEAG,fundamentals,
2084396,IEAGR,current,Infinite Eagle Acquisition Corp.
2084396,IEAGU,current,Infinite Eagle Acquisition Corp.
50292,IEHC,fundamentals,
813762,IEP,fundamentals,
1048268,IESC,fundamentals,
832101,IEX,fundamentals,
51253,IFF,fundamentals,
2075068,IGAC,fundamentals,
2075068,IGACR,current,Invest Green Acquisition Corp
2075068,IGACU,current,Invest Green Acquisition Corp
1326205,IGC,fundamentals,
1866838,IGTA,fundamentals,
1866838,IGTAR,current,Inception Growth Acquisition Ltd
1866838,IGTAW,current,Inception Growth Acquisition Ltd
1400891,IHETW,current,"iHeartMedia, Inc."
1400891,IHRT,fundamentals,
1400891,IHRTB,current,"iHeartMedia, Inc."
82473,IHT,fundamentals,
1371489,III,fundamentals,
764401,IIIN,fundamentals,
1728688,IIIV,fundamentals,
1677576,IIPR,fundamentals,
1677576,IIPR-PA,current,INNOVATIVE INDUSTRIAL PROPERTIES INC
820318,IIVI,delisted_seed,II-VI INC
1750149,IKT,fundamentals,
1657214,ILAL,fundamentals,
1769624,ILLR,fundamentals,
1769624,ILLRW,current,Triller Group Inc.
2101135,ILLU,fundamentals,
2101135,ILLUU,current,Illumination Acquisition Corp. I
2101135,ILLUW,current,Illumination Acquisition Corp. I
1110803,ILMN,fundamentals,
1717307,ILPT,fundamentals,
1100788,ILST,fundamentals,
1496383,ILUS,fundamentals,
1115864,ILXP,fundamentals,
1835579,IMA,fundamentals,
1980295,IMAA,fundamentals,
1846235,IMAQ,fundamentals,
1846235,IMAQR,current,International Media Acquisition Corp.
1846235,IMAQU,current,International Media Acquisition Corp.
1846235,IMAQW,current,International Media Acquisition Corp.
921582,IMAX,fundamentals,
1671927,IMCR,fundamentals,
1642380,IMDX,fundamentals,
50493,IMKTA,fundamentals,
1058811,IMMR,fundamentals,
1873835,IMMX,fundamentals,
1472012,IMNM,fundamentals,
749647,IMNN,fundamentals,
49938,IMO,fundamentals,
1790340,IMRX,fundamentals,
2019804,IMSR,fundamentals,
2019804,IMSRW,current,Terrestrial Energy Inc. /DE/
1331612,IMTH,fundamentals,
1280776,IMUX,fundamentals,
1764013,IMVT,fundamentals,
1683695,IMXI,fundamentals,
1740279,INAB,fundamentals,
2063816,INAC,fundamentals,
2063816,INACR,current,Indigo Acquisition Corp.
2063816,INACU,current,Indigo Acquisition Corp.
1562463,INBK,fundamentals,
1562463,INBKZ,current,First Internet Bancorp
1016504,INBP,fundamentals,
1725430,INBS,fundamentals,
2007919,INBX,fundamentals,
879169,INCY,fundamentals,
776901,INDB,fundamentals,
1841925,INDI,fundamentals,
1857044,INDP,fundamentals,
1625297,INDV,fundamentals,
1598014,INFO,delisted_seed,IHS Markit Ltd.
2007825,INFQ,fundamentals,
2007825,INFQ-WT,current,"Infleqtion, Inc."
1337013,INFU,fundamentals,
1897762,INGM,fundamentals,
1294133,INGN,fundamentals,
1046257,INGR,fundamentals,
1961847,INHD,fundamentals,
1038277,INIS,fundamentals,
1840229,INKT,fundamentals,
1081745,INLX,fundamentals,
1728328,INM,fundamentals,
1711754,INMB,fundamentals,
1497645,INN,fundamentals,
1497645,INN-PE,current,"Summit Hotel Properties, Inc."
1497645,INN-PF,current,"Summit Hotel Properties, Inc."
1098482,INNI,fundamentals,
1834376,INNV,fundamentals,
1055726,INO,fundamentals,
903651,INOD,fundamentals,
51434,INPAP,current,INTERNATIONAL PAPER CO /NEW/
2029118,INR,fundamentals,
1528985,INRE,fundamentals,
1615063,INSE,fundamentals,
1022652,INSG,fundamentals,
1104506,INSM,fundamentals,
1609550,INSP,fundamentals,
1679049,INSW,fundamentals,
1565687,INTA,fundamentals,
50863,INTC,fundamentals,
69422,INTG,fundamentals,
1042418,INTI,fundamentals,
1567264,INTS,fundamentals,
1036262,INTT,fundamentals,
896878,INTU,fundamentals,
736012,INTZ,fundamentals,
829323,INUV,fundamentals,
2001557,INV,fundamentals,
1080014,INVA,fundamentals,
1036044,INVE,fundamentals,
1687229,INVH,fundamentals,
2001557,INVLW,current,"Innventure, Inc."
862651,INVU,fundamentals,
862651,INVUP,current,"Investview, Inc."
1042893,INVX,fundamentals,
1865494,IOBTQ,fundamentals,
1580490,IONI,fundamentals,
1824920,IONQ,fundamentals,
1824920,IONQ-WT,current,"IonQ, Inc."
874015,IONS,fundamentals,
949961,IOR,fundamentals,
1054905,IOSP,fundamentals,
1642896,IOT,fundamentals,
1425205,IOVA,fundamentals,
51434,IP,fundamentals,
822663,IPAR,fundamentals,
2012318,IPCX,fundamentals,
2012318,IPCXR,current,Inflection Point Acquisition Corp. III
2012318,IPCXU,current,Inflection Point Acquisition Corp. III
1546296,IPDN,fundamentals,
2028355,IPEX,fundamentals,
2028355,IPEXR,current,Inflection Point Acquisition Corp. V
2028355,IPEXU,current,Inflection Point Acquisition Corp. V
2102041,IPFX,fundamentals,
2102041,IPFXU,current,Inflection Point Acquisition Corp. VI
2102041,IPFXW,current,Inflection Point Acquisition Corp. VI
1111928,IPGP,fundamentals,
1160958,IPHI,delisted_seed,INPHI Corp
1421461,IPI,fundamentals,
1355839,IPM,fundamentals,
1850119,IPSC,fundamentals,
1591913,IPSI,fundamentals,
1788230,IPST,fundamentals,
1830072,IPW,fundamentals,
1507957,IPWR,fundamentals,
1527702,IQST,fundamentals,
1478242,IQV,fundamentals,
1699150,IR,fundamentals,
2077785,IRAB,fundamentals,
2077785,IRAB-UN,current,Iris Acquisition Corp II
2077785,IRAB-WT,current,Iris Acquisition Corp II
1159167,IRBT,delisted_seed,IROBOT CORP
1228627,IRD,fundamentals,
1418819,IRDM,fundamentals,
1878848,IREN,fundamentals,
2051985,IRHO,fundamentals,
2051985,IRHOR,current,Iron Horse Acquisition II Corp.
2051985,IRHOU,current,Iron Horse Acquisition II Corp.
1006045,IRIX,fundamentals,
1020569,IRM,fundamentals,
1325618,IRMD,fundamentals,
1816736,IRON,fundamentals,
1466085,IRT,fundamentals,
1388658,IRTC,fundamentals,
1446847,IRWD,fundamentals,
842517,ISBA,fundamentals,
1355790,ISCO,fundamentals,
1915328,ISLUF,current,Israel Acquisitions Corp
1915328,ISLWF,current,Israel Acquisitions Corp
1332174,ISMCF,current,iShares S&P GSCI Commodity-Indexed Trust
1558569,ISPC,fundamentals,
1948455,ISPR,fundamentals,
1035267,ISRG,fundamentals,
1915328,ISRLF,fundamentals,
836690,ISSC,fundamentals,
1602658,ISTR,fundamentals,
749251,IT,fundamentals,
1114483,ITGR,fundamentals,
2080985,ITHA,fundamentals,
2080985,ITHAU,current,ITHAX Acquisition Corp III
2080985,ITHAW,current,ITHAX Acquisition Corp III
1643154,ITHUF,fundamentals,
720858,ITIC,fundamentals,
1290658,ITOX,fundamentals,
1358190,ITP,fundamentals,
780571,ITRI,fundamentals,
1659323,ITRMF,fundamentals,
216228,ITT,fundamentals,
49826,ITW,fundamentals,
2025878,ITXP,fundamentals,
1397183,IVDA,fundamentals,
1397183,IVDAW,current,"Iveda Solutions, Inc."
1190370,IVDN,fundamentals,
1417926,IVF,fundamentals,
312257,IVFH,fundamentals,
1009919,IVHI,fundamentals,
1939365,IVPR,fundamentals,
1437071,IVR,fundamentals,
1437071,IVR-PC,current,Invesco Mortgage Capital Inc.
1307748,IVT,fundamentals,
1832038,IVVD,fundamentals,
914208,IVZ,fundamentals,
1498372,IWAL,fundamentals,
1279715,IWSH,fundamentals,
1852019,IXAQF,fundamentals,
1873875,IXHL,fundamentals,
1495231,IZEA,fundamentals,
52988,J,fundamentals,
807882,JACK,fundamentals,
2039058,JACS,fundamentals,
2039058,JACS-RI,current,Jackson Acquisition Co II
2039058,JACS-UN,current,Jackson Acquisition Co II
2039273,JAGU,fundamentals,
1585608,JAGX,fundamentals,
1009829,JAKK,fundamentals,
2100805,JAN,fundamentals,
1133062,JANL,fundamentals,
1817713,JANX,fundamentals,
2112446,JATT,fundamentals,
1232524,JAZZ,fundamentals,
1689796,JBGS,fundamentals,
728535,JBHT,fundamentals,
1839839,JBI,fundamentals,
1798749,JBIO,fundamentals,
898293,JBL,fundamentals,
1158463,JBLU,fundamentals,
880117,JBSS,fundamentals,
1433660,JBTM,fundamentals,
2046042,JCAP,fundamentals,
833444,JCI,fundamentals,
885307,JCTC,fundamentals,
96223,JEF,fundamentals,
1674335,JELD,fundamentals,
2060337,JENA,fundamentals,
2060337,JENA-RI,current,JENA ACQUISITION Corp II
2060337,JENA-UN,current,JENA ACQUISITION Corp II
1846084,JETBF,current,Global Crossing Airlines Group Inc.
1846084,JETMF,fundamentals,
2024306,JFB,fundamentals,
1517389,JFIL,fundamentals,
1857910,JFTH,fundamentals,
1274173,JHG,fundamentals,
1687932,JILL,fundamentals,
785956,JJSF,fundamentals,
779152,JKHY,fundamentals,
1037976,JLL,fundamentals,
1710482,JMSB,fundamentals,
200406,JNJ,fundamentals,
40570,JOB,fundamentals,
1819848,JOBY,fundamentals,
1819848,JOBY-WT,current,"Joby Aviation, Inc."
1907425,JOCM,fundamentals,
745308,JOE,fundamentals,
788329,JOUT,fundamentals,
19617,JPM,fundamentals,
19617,JPM-PC,current,JPMORGAN CHASE & CO
19617,JPM-PD,current,JPMORGAN CHASE & CO
19617,JPM-PJ,current,JPMORGAN CHASE & CO
19617,JPM-PK,current,JPMORGAN CHASE & CO
19617,JPM-PL,current,JPMORGAN CHASE & CO
19617,JPM-PM,current,JPMORGAN CHASE & CO
1696558,JRSH,fundamentals,
1597892,JRSS,fundamentals,
1620459,JRVR,fundamentals,
1083522,JSDA,fundamentals,
1593538,JSM,current,NAVIENT CORP
1788028,JSPR,fundamentals,
1788028,JSPRW,current,"Jasper Therapeutics, Inc."
1861622,JTAI,fundamentals,
1679628,JUNS,fundamentals,
1909747,JUSHF,fundamentals,
714712,JUVF,fundamentals,
1007019,JVA,fundamentals,
1831359,JWSMF,fundamentals,
1831359,JWSUF,current,Jaws Mustang Acquisition Corp
1831359,JWSWF,current,Jaws Mustang Acquisition Corp
1822993,JXN,fundamentals,
1822993,JXN-PA,current,Jackson Financial Inc.
1612630,JYNT,fundamentals,
1865468,KACLF,fundamentals,
886346,KAI,fundamentals,
1479419,KALA,fundamentals,
811596,KALU,fundamentals,
1348911,KALV,fundamentals,
1230058,KANP,fundamentals,
1962011,KAPA,fundamentals,
1729637,KARX,fundamentals,
1762239,KAVL,fundamentals,
1530746,KAYS,fundamentals,
1747172,KBDC,fundamentals,
795266,KBH,fundamentals,
1413119,KBLB,fundamentals,
2088749,KBON,fundamentals,
2088749,KBONU,current,Karbon Capital Partners Corp.
2088749,KBONW,current,Karbon Capital Partners Corp.
1357615,KBR,fundamentals,
1482430,KBSR,fundamentals,
2102713,KCA-UN,current,Kensington Capital Acquisition Corp. VI
2102713,KCAC-UN,fundamentals,
2102713,KCAC-WT,current,Kensington Capital Acquisition Corp. VI
2053799,KCHV,fundamentals,
2053799,KCHVR,current,Kochav Defense Acquisition Corp.
2053799,KCHVU,current,Kochav Defense Acquisition Corp.
1696025,KCRD,fundamentals,
1867072,KD,fundamentals,
1853138,KDK,fundamentals,
1853138,KDKRW,current,"Kodiak AI, Inc."
1318482,KDOZF,fundamentals,
1418135,KDP,fundamentals,
1606757,KE,fundamentals,
1812477,KEEL,fundamentals,
55135,KELYA,fundamentals,
55135,KELYB,current,KELLY SERVICES INC
55529,KEQU,fundamentals,
56047,KEX,fundamentals,
91576,KEY,fundamentals,
91576,KEY-PI,current,KEYCORP /NEW/
91576,KEY-PJ,current,KEYCORP /NEW/
91576,KEY-PK,current,KEYCORP /NEW/
91576,KEY-PL,current,KEYCORP /NEW/
1601046,KEYS,fundamentals,
1297341,KFFB,fundamentals,
2029976,KFII,fundamentals,
2029976,KFIIR,current,K&F GROWTH ACQUISITION CORP. II
2029976,KFIIU,current,K&F GROWTH ACQUISITION CORP. II
930420,KFRC,fundamentals,
56679,KFY,fundamentals,
2055116,KG,fundamentals,
1767042,KGS,fundamentals,
1637459,KHC,fundamentals,
1425450,KIDS,fundamentals,
2022308,KIDZ,fundamentals,
2022308,KIDZW,current,KIDZ AI Inc.
879101,KIM,fundamentals,
879101,KIM-PL,current,KIMCO REALTY CORP
879101,KIM-PM,current,KIMCO REALTY CORP
879101,KIM-PN,current,KIMCO REALTY CORP
33992,KINS,fundamentals,
1608092,KITL,fundamentals,
1849820,KITT,fundamentals,
1849820,KITTW,current,"Nauticus Robotics, Inc."
1404912,KKR,fundamentals,
1404912,KKR-PD,current,KKR & Co. Inc.
1404912,KKRS,current,KKR & Co. Inc.
1404912,KKRT,current,KKR & Co. Inc.
319201,KLAC,fundamentals,
1873529,KLC,fundamentals,
56978,KLIC,fundamentals,
1110607,KLNG,fundamentals,
2096997,KLRA,fundamentals,
1754068,KLRS,fundamentals,
1432133,KLTR,fundamentals,
1738827,KLXE,fundamentals,
55785,KMB,fundamentals,
1935033,KMFG,fundamentals,
1506307,KMI,fundamentals,
860748,KMPB,current,KEMPER Corp
860748,KMPR,fundamentals,
55242,KMT,fundamentals,
1877184,KMTS,fundamentals,
1170010,KMX,fundamentals,
1587523,KN,fundamentals,
1955520,KNF,fundamentals,
1730430,KNSA,fundamentals,
1669162,KNSL,fundamentals,
1692787,KNTK,fundamentals,
1492691,KNX,fundamentals,
21344,KO,fundamentals,
897078,KOAN,fundamentals,
1468748,KOD,fundamentals,
31235,KODK,fundamentals,
1415311,KOLD,current,ProShares Trust II
1315257,KOP,fundamentals,
771266,KOPN,fundamentals,
1855457,KORE,fundamentals,
1855457,KORGW,current,"KORE Group Holdings, Inc."
1509991,KOS,fundamentals,
56701,KOSS,fundamentals,
2068454,KOYN,fundamentals,
2068454,KOYNU,current,"CSLM Digital Asset Acquisition Corp III, Ltd"
2068454,KOYNW,current,"CSLM Digital Asset Acquisition Corp III, Ltd"
1502557,KPEA,fundamentals,
1502557,KPEAD,current,Kun Peng International Ltd.
2095297,KPET,fundamentals,
2095297,KPET-UN,current,KPET Ultra Paceline Corp
1372514,KPHMW,current,KIORA PHARMACEUTICALS INC
1785424,KPLT,fundamentals,
1785424,KPLTW,current,"Katapult Holdings, Inc."
1372514,KPRX,fundamentals,
1503802,KPTI,fundamentals,
56873,KR,fundamentals,
2082119,KRAQ,fundamentals,
2082119,KRAQU,current,KRAKacquisition Corp
2082119,KRAQW,current,KRAKacquisition Corp
1025996,KRC,fundamentals,
1631596,KREF,fundamentals,
1631596,KREF-PA,current,KKR Real Estate Finance Trust Inc.
774415,KRFG,fundamentals,
1286043,KRG,fundamentals,
704440,KRMD,fundamentals,
2040127,KRMN,fundamentals,
1617242,KRNY,fundamentals,
1257640,KRO,fundamentals,
1664710,KROS,fundamentals,
1657788,KRP,fundamentals,
1703647,KRRO,fundamentals,
2074872,KRSP,fundamentals,
2074872,KRSP-UN,current,Rice Acquisition Corp 3
2074872,KRSP-WT,current,Rice Acquisition Corp 3
1758021,KRT,fundamentals,
1772177,KRUS,fundamentals,
1711279,KRYS,fundamentals,
1600983,KSCP,fundamentals,
1945619,KSEZ,fundamentals,
885639,KSS,fundamentals,
1760965,KTB,fundamentals,
719733,KTCC,fundamentals,
845819,KTEL,fundamentals,
1069258,KTOS,fundamentals,
1841330,KTTA,fundamentals,
1841330,KTTAW,current,Pasithea Therapeutics Corp.
2086524,KTWO,fundamentals,
2086524,KTWOR,current,K2 Capital Acquisition Corp
2086524,KTWOU,current,K2 Capital Acquisition Corp
1081834,KUBR,fundamentals,
1662684,KULR,fundamentals,
1422143,KURA,fundamentals,
1342958,KUST,fundamentals,
1889983,KVAC,fundamentals,
1889983,KVACU,current,Keen Vision Acquisition Corp.
1889983,KVACW,current,Keen Vision Acquisition Corp.
1007587,KVHI,fundamentals,
1944048,KVUE,fundamentals,
1835830,KVYO,fundamentals,
1408100,KW,fundamentals,
1884164,KWIK,fundamentals,
81362,KWR,fundamentals,
1072627,KWY,fundamentals,
1713539,KXIN,fundamentals,
1815442,KYMR,fundamentals,
921299,KYNB,fundamentals,
1994702,KYTX,fundamentals,
1645666,KZR,fundamentals,
60086,L,fundamentals,
1594968,LAAI,current,Loan Artificial Intelligence Corp.
1162194,LAB,fundamentals,
2079272,LABT,fundamentals,
1966983,LAC,fundamentals,
1023128,LAD,fundamentals,
1577670,LADR,fundamentals,
2079106,LAFA,fundamentals,
2079106,LAFAR,current,LaFayette Acquisition Corp.
2079106,LAFAU,current,LaFayette Acquisition Corp.
798081,LAKE,fundamentals,
1090425,LAMR,fundamentals,
1495240,LAND,fundamentals,
1495240,LANDO,current,GLADSTONE LAND Corp
1495240,LANDP,current,GLADSTONE LAND Corp
1141688,LARK,fundamentals,
1807887,LASE,fundamentals,
1124796,LASR,fundamentals,
2076427,LATA,fundamentals,
2076427,LATAU,current,Galata Acquisition Corp. II
2076427,LATAW,current,Galata Acquisition Corp. II
912766,LAUR,fundamentals,
1625641,LAW,fundamentals,
750004,LAWIL,fundamentals,
1311370,LAZ,fundamentals,
1758057,LAZR,fundamentals,
1995807,LB,fundamentals,
1599407,LBRA,fundamentals,
1611983,LBRDA,fundamentals,
1611983,LBRDB,current,Liberty Broadband Corp
1611983,LBRDK,current,Liberty Broadband Corp
1611983,LBRDP,current,Liberty Broadband Corp
1694028,LBRT,fundamentals,
1691082,LBRX,fundamentals,
1172178,LBSR,fundamentals,
1570585,LBTYA,fundamentals,
1570585,LBTYB,current,Liberty Global Ltd.
1570585,LBTYK,current,Liberty Global Ltd.
1643721,LBUY,current,DATZ WORLD HOLDINGS CORP.
1643721,LBUYD,current,DATZ WORLD HOLDINGS CORP.
1409970,LC,current,"Happen, Inc."
2049248,LCCC,fundamentals,
2049248,LCCCR,current,Lakeshore Acquisition III Corp.
2049248,LCCCU,current,Lakeshore Acquisition III Corp.
1339688,LCGMF,fundamentals,
1715433,LCHD,fundamentals,
1811210,LCID,fundamentals,
763744,LCII,fundamentals,
1074902,LCNB,fundamentals,
1493137,LCTC,fundamentals,
876343,LCTX,fundamentals,
874396,LCUT,fundamentals,
1892316,LDDD,fundamentals,
1831631,LDI,fundamentals,
1336920,LDOS,fundamentals,
1985554,LDXC,fundamentals,
799288,LE,fundamentals,
842162,LEA,fundamentals,
1456189,LEAT,fundamentals,
59527,LECO,fundamentals,
1333822,LEDS,fundamentals,
58361,LEE,fundamentals,
1711141,LEEEF,fundamentals,
1230524,LEEN,fundamentals,
58492,LEG,fundamentals,
1436208,LEGH,fundamentals,
2087450,LEGO,fundamentals,
2087450,LEGO-UN,current,Legato Merger Corp. IV
2087450,LEGO-WT,current,Legato Merger Corp. IV
2002038,LEGT,fundamentals,
920760,LEN,fundamentals,
920760,LEN-B,current,LENNAR CORP /NEW/
1815776,LENZ,fundamentals,
1821806,LESL,fundamentals,
1065059,LEU,fundamentals,
94845,LEVI,fundamentals,
1348362,LEXX,fundamentals,
2084563,LFAC,fundamentals,
2084563,LFACU,current,Leapfrog Acquisition Corp
2084563,LFACW,current,Leapfrog Acquisition Corp
1005286,LFCR,fundamentals,
948320,LFMD,fundamentals,
948320,LFMDP,current,"LifeMD, Inc."
1845257,LFST,fundamentals,
1547546,LFT,fundamentals,
1547546,LFT-PA,current,"Lument Finance Trust, Inc."
889331,LFUS,fundamentals,
849146,LFVN,fundamentals,
1607962,LFWD,fundamentals,
1836754,LGCY,fundamentals,
1580670,LGIH,fundamentals,
61004,LGL,fundamentals,
61004,LGL-RI,current,LGL GROUP INC
1566826,LGMK,fundamentals,
2052568,LGN,fundamentals,
886163,LGND,fundamentals,
886163,LGNDZ,current,LIGAND PHARMACEUTICALS INC
886163,LGNXZ,current,LIGAND PHARMACEUTICALS INC
886163,LGNYZ,current,LIGAND PHARMACEUTICALS INC
886163,LGNZZ,current,LIGAND PHARMACEUTICALS INC
1970129,LGSP,fundamentals,
1721484,LGVN,fundamentals,
920148,LH,fundamentals,
2017758,LHAI,fundamentals,
202058,LHX,fundamentals,
1831283,LIANY,fundamentals,
1818644,LIDR,fundamentals,
1818644,LIDRW,current,"AEye, Inc."
1843162,LIEN,fundamentals,
1581760,LIF,fundamentals,
1391135,LIFD,fundamentals,
1788451,LIFE,fundamentals,
1581760,LIFX,current,"Life360, Inc."
1069202,LII,fundamentals,
1712184,LILA,fundamentals,
1712184,LILAB,current,Liberty Latin America Ltd.
1712184,LILAK,current,Liberty Latin America Ltd.
1712184,LILAP,current,Liberty Latin America Ltd.
1712184,LILAV,current,Liberty Latin America Ltd.
1712184,LILKV,current,Liberty Latin America Ltd.
1712184,LILPV,current,Liberty Latin America Ltd.
1971387,LIMN,fundamentals,
1971387,LIMNW,current,"Liminatus Pharma, Inc."
1803977,LIMX,fundamentals,
1707925,LIN,fundamentals,
1286613,LINC,fundamentals,
1512499,LIND,fundamentals,
1868159,LINE,fundamentals,
828146,LINK,fundamentals,
2052959,LION,fundamentals,
1347242,LIPO,fundamentals,
1307579,LIQT,fundamentals,
1633978,LITE,fundamentals,
1262104,LITS,fundamentals,
1045742,LIVE,fundamentals,
1593549,LIVG,fundamentals,
1639691,LIVN,fundamentals,
1335105,LIXT,fundamentals,
721994,LKFN,fundamentals,
1065696,LKQ,fundamentals,
2043508,LKSP,fundamentals,
2043508,LKSPR,current,Lake Superior Acquisition Corp
2043508,LKSPU,current,Lake Superior Acquisition Corp
1039101,LLL,delisted_seed,"L3 TECHNOLOGIES, INC."
59478,LLY,fundamentals,
2078416,LLYVA,fundamentals,
2078416,LLYVB,current,"Liberty Live Holdings, Inc."
2078416,LLYVK,current,"Liberty Live Holdings, Inc."
1158895,LMAT,fundamentals,
1606163,LMB,fundamentals,
1477960,LMED,fundamentals,
1640384,LMFA,fundamentals,
1939937,LMMY,fundamentals,
1691421,LMND,fundamentals,
1342423,LMNR,fundamentals,
2071288,LMRI,fundamentals,
936468,LMT,fundamentals,
1527728,LNAI,fundamentals,
1672572,LNBY,fundamentals,
59558,LNC,fundamentals,
59558,LNC-PD,current,LINCOLN NATIONAL CORP
3570,LNG,fundamentals,
1756701,LNKB,fundamentals,
836157,LNN,fundamentals,
1320350,LNSR,fundamentals,
352541,LNT,fundamentals,
1521036,LNTH,fundamentals,
750004,LNWO,current,"Light & Wonder, Inc."
1843724,LNZA,fundamentals,
1843724,LNZAW,current,"LanzaTech Global, Inc."
1080340,LOAN,fundamentals,
2000178,LOAR,fundamentals,
1462120,LOB,fundamentals,
1462120,LOB-PA,current,"Live Oak Bancshares, Inc."
1840780,LOCL,fundamentals,
1840780,LOCLW,current,Local Bounti Corporation/DE
1606366,LOCO,fundamentals,
1120970,LODE,fundamentals,
2064307,LOGC,fundamentals,
1032975,LOGI,fundamentals,
2048951,LOKV,current,Teamshares Inc
2048951,LOKVU,current,Teamshares Inc
2048951,LOKVW,current,Teamshares Inc
1620463,LONA,fundamentals,
1504678,LOOP,fundamentals,
1434588,LOPE,fundamentals,
1568969,LOTT,fundamentals,
1701758,LOVE,fundamentals,
60667,LOW,fundamentals,
2015502,LPAA,fundamentals,
2015502,LPAAU,current,Launch One Acquisition Corp.
2015502,LPAAW,current,Launch One Acquisition Corp.
2023676,LPBB,fundamentals,
2023676,LPBBU,current,Launch Two Acquisition Corp.
2023676,LPBBW,current,Launch Two Acquisition Corp.
1535955,LPCN,fundamentals,
2083728,LPCV,fundamentals,
2083728,LPCVU,current,Launchpad Cadenza Acquisition Corp I
2083728,LPCVW,current,Launchpad Cadenza Acquisition Corp I
1596993,LPG,fundamentals,
1397911,LPLA,fundamentals,
1806201,LPRO,fundamentals,
1102993,LPSN,fundamentals,
889971,LPTH,fundamentals,
60519,LPX,fundamentals,
1819576,LQDA,fundamentals,
1235468,LQDT,fundamentals,
1141240,LQMT,fundamentals,
707549,LRCX,fundamentals,
1442492,LRDC,fundamentals,
1879403,LRHC,fundamentals,
1374690,LRMR,fundamentals,
1157408,LRN,fundamentals,
1041514,LSAK,fundamentals,
2059653,LSBK,fundamentals,
855658,LSCC,fundamentals,
1888740,LSEB,fundamentals,
1650696,LSF,fundamentals,
1996192,LSH,fundamentals,
320017,LSTA,fundamentals,
853816,LSTR,fundamentals,
1084554,LTBR,fundamentals,
887905,LTC,fundamentals,
1826000,LTCH,fundamentals,
1732406,LTCN,fundamentals,
1869198,LTH,fundamentals,
1742924,LTHM,delisted_seed,Livent Corp.
1763950,LTRN,fundamentals,
1114925,LTRX,fundamentals,
1673481,LTRYW,current,Sports Entertainment Gaming Global Corp
1619312,LTSV,fundamentals,
1415332,LTUM,fundamentals,
1799011,LUCD,fundamentals,
1840572,LUCK,fundamentals,
1726079,LUCN,fundamentals,
1808377,LUCY,fundamentals,
1808377,LUCYW,current,Innovative Eyewear Inc
1960262,LUDG,fundamentals,
1397187,LULU,fundamentals,
18926,LUMN,fundamentals,
1127537,LUNG,fundamentals,
1844452,LUNR,fundamentals,
92380,LUV,fundamentals,
1374567,LUVU,fundamentals,
1639225,LVGO,delisted_seed,"Livongo Health, Inc."
1780201,LVLU,fundamentals,
1491419,LVO,fundamentals,
831378,LVPA,fundamentals,
1300514,LVS,fundamentals,
1898795,LVWR,fundamentals,
1898795,LVWR-WT,current,"LiveWire Group, Inc."
1679273,LW,fundamentals,
2061379,LWAC,fundamentals,
2061379,LWACU,current,LightWave Acquisition Corp.
2061379,LWACW,current,LightWave Acquisition Corp.
814586,LWAY,fundamentals,
1325964,LWLG,fundamentals,
1907108,LXEO,fundamentals,
1096056,LXFR,fundamentals,
910108,LXP,fundamentals,
910108,LXP-PC,current,LXP Industrial Trust
1062822,LXRX,fundamentals,
60714,LXU,fundamentals,
1489393,LYB,fundamentals,
1806952,LYEL,fundamentals,
1759509,LYFT,fundamentals,
1327273,LYRA,fundamentals,
763532,LYTS,fundamentals,
1335258,LYV,fundamentals,
1286139,LZ,fundamentals,
57131,LZB,fundamentals,
794367,M,fundamentals,
1141391,MA,fundamentals,
912595,MAA,fundamentals,
912595,MAA-PI,current,MID AMERICA APARTMENT COMMUNITIES INC.
912242,MAC,fundamentals,
2016221,MACI,fundamentals,
2016221,MACIU,current,Melar Acquisition Corp. I/Cayman
2016221,MACIW,current,Melar Acquisition Corp. I/Cayman
1957783,MACT,fundamentals,
1052354,MADL,fundamentals,
1515317,MAGE,fundamentals,
41719,MAGN,fundamentals,
1878313,MAIA,fundamentals,
1396440,MAIN,fundamentals,
1492448,MAJI,fundamentals,
1309251,MALG,fundamentals,
1520358,MAMA,fundamentals,
1952853,MAMO,fundamentals,
871763,MAN,fundamentals,
1827635,MANE,fundamentals,
1056696,MANH,fundamentals,
1779474,MAPS,fundamentals,
1779474,MAPSW,current,"WM TECHNOLOGY, INC."
1048286,MAR,fundamentals,
1507605,MARA,fundamentals,
62996,MAS,fundamentals,
937556,MASI,fundamentals,
1486452,MASN,fundamentals,
1555279,MASS,fundamentals,
63276,MAT,fundamentals,
1000623,MATV,fundamentals,
63296,MATW,fundamentals,
3453,MATX,fundamentals,
1818383,MAX,fundamentals,
54187,MAYS,fundamentals,
1842295,MAZE,fundamentals,
2016072,MBAV,fundamentals,
2016072,MBAVU,current,M3-Brigade Acquisition V Corp.
2016072,MBAVW,current,M3-Brigade Acquisition V Corp.
1835385,MBBC,fundamentals,
1941365,MBC,fundamentals,
814585,MBI,fundamentals,
1629019,MBIN,fundamentals,
1629019,MBINL,current,Merchants Bancorp
1629019,MBINM,current,Merchants Bancorp
1629019,MBINN,current,Merchants Bancorp
1680048,MBIO,fundamentals,
1910139,MBLY,fundamentals,
1000209,MBNKO,current,MEDALLION FINANCIAL CORP
883975,MBOT,fundamentals,
1659617,MBRX,fundamentals,
1590976,MBUU,fundamentals,
2073928,MBVI,fundamentals,
2073928,MBVIU,current,M3-Brigade Acquisition VI Corp.
2073928,MBVIW,current,M3-Brigade Acquisition VI Corp.
1042729,MBWM,fundamentals,
1776111,MBX,fundamentals,
1596967,MC,fundamentals,
1859035,MCAG,fundamentals,
1859035,MCAGR,current,Mountain Crest Acquisition Corp. V
1859035,MCAGU,current,Mountain Crest Acquisition Corp. V
2109876,MCAH,fundamentals,
2109876,MCAHU,current,Mountain Crest Acquisition 6 Corp.
1476034,MCB,fundamentals,
1747068,MCBS,fundamentals,
63908,MCD,fundamentals,
1638290,MCFT,fundamentals,
2064658,MCGA,fundamentals,
2064658,MCGAU,current,Yorkville Acquisition Corp.
2064658,MCGAW,current,Yorkville Acquisition Corp.
1518715,MCHB,fundamentals,
827054,MCHP,fundamentals,
827054,MCHPP,current,MICROCHIP TECHNOLOGY INC
1224133,MCHX,fundamentals,
927653,MCK,fundamentals,
1827855,MCLE,fundamentals,
1059556,MCO,fundamentals,
1788841,MCOM,fundamentals,
1788841,MCOMW,current,micromobility.com Inc.
1609809,MCRB,fundamentals,
907242,MCRI,fundamentals,
62234,MCS,fundamentals,
1853513,MCW,fundamentals,
64996,MCY,fundamentals,
893949,MD,fundamentals,
1833498,MDAI,fundamentals,
1833498,MDAIW,current,"Spectral AI, Inc."
1441816,MDB,fundamentals,
1934642,MDBH,fundamentals,
1404593,MDCE,fundamentals,
1113481,MDCO,delisted_seed,MEDICINES CO /DE
1997296,MDCX,fundamentals,
1997296,MDCXW,current,Medicus Pharma Ltd.
1318268,MDEX,fundamentals,
1157601,MDGL,fundamentals,
1784254,MDIA,fundamentals,
1540184,MDLA,delisted_seed,Medallia Inc.
1611046,MDLK,fundamentals,
2046386,MDLN,fundamentals,
1103982,MDLZ,fundamentals,
1931055,MDNC,fundamentals,
1654595,MDRR,fundamentals,
1124804,MDRX,delisted_seed,"ALLSCRIPTS HEALTHCARE SOLUTIONS, INC."
1613103,MDT,fundamentals,
67716,MDU,fundamentals,
1645873,MDV,fundamentals,
1645873,MDV-PA,current,"MODIV INDUSTRIAL, INC."
1295514,MDWK,fundamentals,
1376339,MDXG,fundamentals,
1766368,MEC,fundamentals,
910329,MED,fundamentals,
1668397,MEDP,fundamentals,
1837254,MEHA,fundamentals,
65270,MEI,fundamentals,
1099590,MELI,fundamentals,
70858,MER-PK,current,BANK OF AMERICA CORP /DE/
1333274,MERC,fundamentals,
2081468,MESH,fundamentals,
2081468,MESHU,current,Meshflow Acquisition Corp
2081468,MESHW,current,Meshflow Acquisition Corp
1099219,MET,fundamentals,
1099219,MET-PA,current,METLIFE INC
1099219,MET-PE,current,METLIFE INC
1099219,MET-PF,current,METLIFE INC
1326801,META,fundamentals,
1687187,METC,fundamentals,
1687187,METCB,current,"Ramaco Resources, Inc."
1687187,METCI,current,"Ramaco Resources, Inc."
1687187,METCZ,current,"Ramaco Resources, Inc."
2087361,MEVO,fundamentals,
2087361,MEVOU,current,M Evo Global Acquisition Corp II
2087361,MEVOW,current,M Evo Global Acquisition Corp II
1055160,MFA,fundamentals,
1055160,MFA-PB,current,"MFA FINANCIAL, INC."
1055160,MFA-PC,current,"MFA FINANCIAL, INC."
1055160,MFAN,current,"MFA FINANCIAL, INC."
1055160,MFAO,current,"MFA FINANCIAL, INC."
2024899,MFBI,fundamentals,
1278752,MFIC,fundamentals,
1278752,MFICL,current,MidCap Financial Investment Corp
1000209,MFIN,fundamentals,
1447380,MFON,fundamentals,
1436126,MG,fundamentals,
1886362,MGAM,fundamentals,
1161728,MGEE,fundamentals,
1162283,MGHL,fundamentals,
1005101,MGLD,fundamentals,
789570,MGM,fundamentals,
1949864,MGNC,fundamentals,
1595974,MGNI,fundamentals,
2033615,MGNO,fundamentals,
1125345,MGNX,fundamentals,
835011,MGPI,fundamentals,
1004434,MGR,current,"AFFILIATED MANAGERS GROUP, INC."
1004434,MGRB,current,"AFFILIATED MANAGERS GROUP, INC."
752714,MGRC,fundamentals,
1004434,MGRD,current,"AFFILIATED MANAGERS GROUP, INC."
1004434,MGRE,current,"AFFILIATED MANAGERS GROUP, INC."
1938046,MGRX,fundamentals,
2003750,MGSD,fundamentals,
1965052,MGTE,fundamentals,
1965052,MGTEW,current,Marblegate Capital Corp
1001601,MGTI,fundamentals,
1735438,MGTX,fundamentals,
1785279,MGX,fundamentals,
1698990,MGY,fundamentals,
1337068,MGYR,fundamentals,
1951070,MH,fundamentals,
1437226,MHH,fundamentals,
851968,MHK,fundamentals,
1412100,MHLA,fundamentals,
1412100,MHNC,current,"Maiden Holdings, Ltd."
799292,MHO,fundamentals,
1438472,MIAX,fundamentals,
1872066,MIBE,fundamentals,
769520,MIDD,fundamentals,
1644675,MIME,delisted_seed,Mimecast Ltd
926423,MIND,fundamentals,
1854816,MINR,fundamentals,
1809987,MIR,fundamentals,
1904286,MIRA,fundamentals,
1759425,MIRM,fundamentals,
1408443,MIST,fundamentals,
802257,MITI,fundamentals,
807863,MITK,fundamentals,
1514281,MITN,current,"TPG Mortgage Investment Trust, Inc."
1514281,MITP,current,"TPG Mortgage Investment Trust, Inc."
1770236,MITQ,fundamentals,
1514281,MITT,fundamentals,
1514281,MITT-PA,current,"TPG Mortgage Investment Trust, Inc."
1514281,MITT-PB,current,"TPG Mortgage Investment Trust, Inc."
1514281,MITT-PC,current,"TPG Mortgage Investment Trust, Inc."
63754,MKC,fundamentals,
63754,MKC-V,current,MCCORMICK & CO INC
1096343,MKL,fundamentals,
2067592,MKLY,fundamentals,
2067592,MKLYR,current,McKinley Acquisition Corp
2067592,MKLYU,current,McKinley Acquisition Corp
1049502,MKSI,fundamentals,
1805651,MKTW,fundamentals,
1278021,MKTX,fundamentals,
1550913,MKZR,fundamentals,
2094265,MLAA,fundamentals,
2094265,MLAAU,current,Mountain Lake Acquisition Corp. II
2094265,MLAAW,current,Mountain Lake Acquisition Corp. II
724004,MLAB,fundamentals,
2029492,MLAC,fundamentals,
2029492,MLACR,current,Mountain Lake Acquisition Corp.
2029492,MLACU,current,Mountain Lake Acquisition Corp.
2051820,MLCI,fundamentals,
2051820,MLCIL,current,Mount Logan Capital Inc.
1800392,MLGO,fundamentals,
89439,MLI,fundamentals,
66382,MLKN,fundamentals,
916076,MLM,fundamentals,
1099234,MLMC,fundamentals,
63330,MLP,fundamentals,
924822,MLR,fundamentals,
1375793,MLRT,fundamentals,
855683,MLSS,fundamentals,
1821586,MLTX,fundamentals,
1933414,MLYS,fundamentals,
1879293,MMCP,fundamentals,
2062583,MMED,fundamentals,
1440799,MMEX,fundamentals,
1578732,MMI,fundamentals,
1176334,MMLP,fundamentals,
66740,MMM,fundamentals,
1117228,MMMW,fundamentals,
1032220,MMS,fundamentals,
856982,MMSI,fundamentals,
2077033,MMTX,fundamentals,
2077033,MMTXU,current,Miluna Acquisition Corp
2077033,MMTXW,current,Miluna Acquisition Corp
66570,MNESP,current,MSA Safety Inc
899460,MNKD,fundamentals,
1226616,MNOV,fundamentals,
1645469,MNPR,fundamentals,
1980088,MNR,fundamentals,
876427,MNRO,fundamentals,
1693577,MNSB,fundamentals,
1693577,MNSBP,current,"MainStreet Bancshares, Inc."
865752,MNST,fundamentals,
1826600,MNTK,fundamentals,
1891027,MNTN,fundamentals,
1599117,MNTR,fundamentals,
1781162,MNTS,fundamentals,
1781162,MNTSW,current,Momentus Inc.
764180,MO,fundamentals,
1489993,MOBI,fundamentals,
1084267,MOBQ,fundamentals,
1084267,MOBQW,current,"Mobiquity Technologies, Inc."
1855467,MOBX,fundamentals,
1855467,MOBXW,current,"MOBIX LABS, INC"
67347,MOD,fundamentals,
1074871,MODD,fundamentals,
1118417,MODN,delisted_seed,MODEL N INC
67887,MOG-A,fundamentals,
67887,MOG-B,current,MOOG INC.
1179929,MOH,fundamentals,
1414953,MOJO,fundamentals,
1289419,MORN,fundamentals,
1285785,MOS,fundamentals,
72573,MOV,fundamentals,
72573,MOVAA,current,MOVADO GROUP INC
1734750,MOVE,fundamentals,
1801368,MP,fundamentals,
918251,MPAA,fundamentals,
879635,MPB,fundamentals,
1510295,MPC,fundamentals,
1770069,MPLT,fundamentals,
1552000,MPLX,fundamentals,
1552000,MPLXP,current,MPLX LP
1287865,MPT,fundamentals,
1902314,MPTI,fundamentals,
1280452,MPWR,fundamentals,
1129155,MPX,fundamentals,
1522540,MQ,fundamentals,
1844392,MRAI,fundamentals,
1438423,MRAM,fundamentals,
1750735,MRBK,fundamentals,
2029014,MRCL,fundamentals,
1049521,MRCY,fundamentals,
1437925,MRDN,fundamentals,
1719714,MREO,fundamentals,
310158,MRK,fundamentals,
1094038,MRKR,fundamentals,
2028707,MRLN,fundamentals,
1522767,MRMD,fundamentals,
1682852,MRNA,fundamentals,
2017206,MRP,fundamentals,
1143994,MRPT,fundamentals,
62709,MRSH,fundamentals,
1852767,MRT,fundamentals,
799167,MRTN,fundamentals,
1651311,MRUS,delisted_seed,Merus N.V.
1823239,MRVI,fundamentals,
1835632,MRVL,fundamentals,
895421,MS,fundamentals,
895421,MS-PA,current,MORGAN STANLEY
895421,MS-PE,current,MORGAN STANLEY
895421,MS-PF,current,MORGAN STANLEY
895421,MS-PI,current,MORGAN STANLEY
895421,MS-PK,current,MORGAN STANLEY
895421,MS-PL,current,MORGAN STANLEY
895421,MS-PO,current,MORGAN STANLEY
895421,MS-PP,current,MORGAN STANLEY
895421,MS-PQ,current,MORGAN STANLEY
66570,MSA,fundamentals,
1863990,MSAI,fundamentals,
1863990,MSAIW,current,"MultiSensor AI Holdings, Inc."
65172,MSB,fundamentals,
1967306,MSBB,fundamentals,
1466026,MSBI,fundamentals,
1466026,MSBIP,current,"Midland States Bancorp, Inc."
1408198,MSCI,fundamentals,
1782524,MSDL,fundamentals,
66004,MSEX,fundamentals,
66004,MSEXP,current,MIDDLESEX WATER CO
789019,MSFT,fundamentals,
1952073,MSGE,fundamentals,
1821175,MSGM,fundamentals,
1636519,MSGS,fundamentals,
68505,MSI,fundamentals,
1535778,MSIF,fundamentals,
1003078,MSM,fundamentals,
32621,MSN,fundamentals,
1802450,MSPR,fundamentals,
1802450,MSPRW,current,"MSP Recovery, Inc."
1802450,MSPRZ,current,"MSP Recovery, Inc."
1892292,MSS,fundamentals,
1882464,MSSAF,fundamentals,
1882464,MSSUF,current,Metal Sky Star Acquisition Corp
1882464,MSSWF,current,Metal Sky Star Acquisition Corp
1050446,MSTR,fundamentals,
1693687,MSYND,fundamentals,
2107724,MTAL,fundamentals,
2107724,MTAL-UN,current,Metals Acquisition Corp. II
2107724,MTAL-WT,current,Metals Acquisition Corp. II
36270,MTB,fundamentals,
36270,MTB-PH,current,M&T BANK CORP
36270,MTB-PJ,current,M&T BANK CORP
36270,MTB-PK,current,M&T BANK CORP
891103,MTCH,fundamentals,
1037646,MTD,fundamentals,
1520006,MTDR,fundamentals,
1056358,MTEX,fundamentals,
876437,MTG,fundamentals,
833079,MTH,fundamentals,
1393044,MTMV,fundamentals,
812011,MTN,fundamentals,
1582554,MTNB,fundamentals,
2044817,MTNE,fundamentals,
2044817,MTNE-UN,current,CH4 Natural Solutions Corp
1104657,MTRN,fundamentals,
866273,MTRX,fundamentals,
1493594,MTSI,fundamentals,
1598428,MTUS,fundamentals,
1638287,MTVA,fundamentals,
61986,MTW,fundamentals,
1753373,MTWO,fundamentals,
891014,MTX,fundamentals,
15615,MTZ,fundamentals,
723125,MU,fundamentals,
717423,MUR,fundamentals,
1573516,MUSA,fundamentals,
314203,MUX,fundamentals,
2093484,MUZE,fundamentals,
2093484,MUZEU,current,Muzero Acquisition Corp
2093484,MUZEW,current,Muzero Acquisition Corp
1277902,MVBF,fundamentals,
924095,MVCO,fundamentals,
65770,MVIS,fundamentals,
1439264,MVNC,fundamentals,
1760689,MVST,fundamentals,
1760689,MVSTW,current,"Microvast Holdings, Inc."
1350593,MWA,fundamentals,
1520118,MWAI,fundamentals,
2065636,MWH,fundamentals,
2030522,MWYN,fundamentals,
1325702,MX,fundamentals,
66418,MXC,fundamentals,
1287098,MXCT,fundamentals,
743316,MXIM,delisted_seed,MAXIM INTEGRATED PRODUCTS INC
1288469,MXL,fundamentals,
1556801,MYCB,fundamentals,
69488,MYE,fundamentals,
1327607,MYFW,fundamentals,
899923,MYGN,fundamentals,
1623613,MYL,delisted_seed,Mylan N.V.
1369290,MYO,fundamentals,
1823878,MYPS,fundamentals,
1823878,MYPSW,current,"PLAYSTUDIOS, Inc."
700923,MYRG,fundamentals,
1648960,MYSE,fundamentals,
1648960,MYSEW,current,"Myseum.AI, Inc."
1211805,MYSZ,fundamentals,
2080087,MYX,fundamentals,
2080087,MYXXU,current,Maywood Acquisition Corp. 2
57515,MZTI,fundamentals,
2097376,MZYX,fundamentals,
2097376,MZYX-UN,current,MOZAYYX Acquisition Corp.
2097376,MZYX-WT,current,MOZAYYX Acquisition Corp.
1834488,NABL,fundamentals,
1409253,NAFS,fundamentals,
1386570,NAGE,fundamentals,
787253,NAII,fundamentals,
1946573,NAKA,fundamentals,
1946573,NAKAW,current,Nakamoto Inc.
1936258,NAMS,fundamentals,
1936258,NAMSW,current,NewAmsterdam Pharma Co N.V.
1509957,NASC,fundamentals,
69733,NATH,fundamentals,
1974138,NATL,fundamentals,
275053,NATR,fundamentals,
1808805,NAUT,fundamentals,
1593538,NAVI,fundamentals,
1639723,NAVN,fundamentals,
1512228,NB,fundamentals,
1979330,NBBK,fundamentals,
1475841,NBHC,fundamentals,
914475,NBIX,fundamentals,
72207,NBL,delisted_seed,NOBLE ENERGY INC
1725911,NBND,fundamentals,
1163739,NBR,fundamentals,
1918414,NBRG,fundamentals,
1918414,NBRGR,current,Newbridge Acquisition Ltd
1918414,NBRGU,current,Newbridge Acquisition Ltd
1163739,NBRWF,current,NABORS INDUSTRIES LTD
790359,NBTB,fundamentals,
789933,NC,fundamentals,
1737924,NCDL,fundamentals,
2031069,NCIQ,fundamentals,
1923780,NCL,fundamentals,
1513761,NCLH,fundamentals,
1377630,NCMI,fundamentals,
1902733,NCNO,fundamentals,
1414767,NCPL,fundamentals,
1414767,NCPLW,current,Netcapital Inc.
1756180,NCRA,fundamentals,
70866,NCRRP,current,NCR Voyix Corp
1692427,NCSM,fundamentals,
1120193,NDAQ,fundamentals,
1275158,NDLS,fundamentals,
1681682,NDRA,fundamentals,
72331,NDSN,fundamentals,
1895262,NE,fundamentals,
1895262,NE-WT,current,Noble Corp plc
1895262,NE-WTA,current,Noble Corp plc
1847398,NECB,fundamentals,
753308,NEE,fundamentals,
753308,NEE-PN,current,NEXTERA ENERGY INC
753308,NEE-PS,current,NEXTERA ENERGY INC
753308,NEE-PT,current,NEXTERA ENERGY INC
753308,NEE-PU,current,NEXTERA ENERGY INC
753308,NEE-PV,current,NEXTERA ENERGY INC
753308,NEE-PW,current,NEXTERA ENERGY INC
1474627,NEGG,fundamentals,
1941360,NELR,fundamentals,
1164727,NEM,fundamentals,
1164727,NEMCL,current,NEWMONT Corp /DE/
746514,NEN,fundamentals,
1077183,NEO,fundamentals,
711377,NEOG,fundamentals,
87050,NEON,fundamentals,
1748137,NEOV,fundamentals,
1748137,NEOVW,current,NeoVolta Inc.
1196298,NEPH,fundamentals,
1598646,NERV,fundamentals,
1698514,NESR,fundamentals,
1477333,NET,fundamentals,
1282637,NEU,fundamentals,
1191070,NEUP,fundamentals,
1371128,NEWH,fundamentals,
1448056,NEWR,delisted_seed,NEW RELIC INC
1587987,NEWT,fundamentals,
1587987,NEWTG,current,"NewtekOne, Inc."
1587987,NEWTH,current,"NewtekOne, Inc."
1587987,NEWTI,current,"NewtekOne, Inc."
1587987,NEWTO,current,"NewtekOne, Inc."
1587987,NEWTP,current,"NewtekOne, Inc."
795800,NEXM,fundamentals,
1612720,NEXT,fundamentals,
1493225,NFBK,fundamentals,
1749723,NFE,fundamentals,
70145,NFG,fundamentals,
1065280,NFLX,fundamentals,
1284454,NFSN,fundamentals,
1345865,NFTM,fundamentals,
1544400,NFTN,fundamentals,
1173420,NG,fundamentals,
1574676,NGHI,fundamentals,
1504461,NGL,fundamentals,
1504461,NGL-PB,current,NGL Energy Partners LP
1504461,NGL-PC,current,NGL Energy Partners LP
1605481,NGLD,fundamentals,
1404644,NGNE,fundamentals,
1084991,NGS,fundamentals,
1593001,NGTF,fundamentals,
1547459,NGVC,fundamentals,
1653477,NGVT,fundamentals,
1047335,NHC,fundamentals,
877860,NHI,fundamentals,
2043699,NHIC,fundamentals,
2043699,NHICU,current,NewHold Investment Corp. III
2043699,NHICW,current,NewHold Investment Corp. III
2099767,NHIV,fundamentals,
2099767,NHIVU,current,NewHold Investment Corp IV
1561032,NHP,fundamentals,
1561032,NHPAP,current,"National Healthcare Properties, Inc."
1561032,NHPBP,current,"National Healthcare Properties, Inc."
912061,NHTC,fundamentals,
1111711,NI,fundamentals,
1174850,NIC,fundamentals,
772263,NICH,fundamentals,
1084475,NIHK,fundamentals,
1145604,NIKA,fundamentals,
720762,NIMU,fundamentals,
1532286,NINE,fundamentals,
1512228,NIOBW,current,NIOCORP DEVELOPMENTS LTD
2054696,NIQ,fundamentals,
1462223,NIXX,fundamentals,
1462223,NIXXW,current,"Nixxy, Inc."
356309,NJR,fundamentals,
320187,NKE,fundamentals,
2067627,NKLR,fundamentals,
796534,NKSH,fundamentals,
906709,NKTR,fundamentals,
1787400,NKTX,fundamentals,
72162,NL,fundamentals,
1854964,NLCP,fundamentals,
1952976,NLOP,fundamentals,
1282631,NLST,fundamentals,
1043219,NLY,fundamentals,
1043219,NLY-PF,current,ANNALY CAPITAL MANAGEMENT INC
1043219,NLY-PG,current,ANNALY CAPITAL MANAGEMENT INC
1043219,NLY-PI,current,ANNALY CAPITAL MANAGEMENT INC
1043219,NLY-PJ,current,ANNALY CAPITAL MANAGEMENT INC
2026478,NMAX,fundamentals,
1415744,NMEX,fundamentals,
1496099,NMFC,fundamentals,
1496099,NMFCZ,current,New Mountain Finance Corp
891417,NMGX,fundamentals,
1947861,NMHI,fundamentals,
1947861,NMHIW,current,Nature's Miracle Holding Inc.
1547903,NMIH,fundamentals,
2054876,NMP,fundamentals,
2054876,NMPAR,current,NMP Acquisition Corp.
2054876,NMPAU,current,NMP Acquisition Corp.
1885522,NMRA,fundamentals,
1690680,NMRK,fundamentals,
1500198,NMTC,fundamentals,
1865631,NN,fundamentals,
1865631,NNAVW,current,NEXTNAV INC.
1132509,NNAX,fundamentals,
918541,NNBR,fundamentals,
1643303,NNDM,fundamentals,
1923891,NNE,fundamentals,
1258602,NNI,fundamentals,
751364,NNN,fundamentals,
888981,NNUP,fundamentals,
1379006,NNVC,fundamentals,
72205,NOBH,fundamentals,
1133421,NOC,fundamentals,
1681206,NODK,fundamentals,
1956648,NOEM,fundamentals,
1956648,NOEMR,current,CO2 Energy Transition Corp.
1956648,NOEMU,current,CO2 Energy Transition Corp.
1956648,NOEMW,current,CO2 Energy Transition Corp.
1104485,NOG,fundamentals,
1994214,NOMA,fundamentals,
1011060,NORD,fundamentals,
1823466,NOTE,fundamentals,
1823466,NOTEW,current,"FiscalNote Holdings, Inc."
720154,NOTV,current,"Inotiv, Inc."
720154,NOTVQ,fundamentals,
1021860,NOV,fundamentals,
1076930,NOVT,fundamentals,
1076930,NOVTU,current,NOVANTA INC
1373715,NOW,fundamentals,
2067129,NP,fundamentals,
2048948,NPAC,fundamentals,
2048948,NPACU,current,New Providence Acquisition Corp. III/Cayman
2048948,NPACW,current,New Providence Acquisition Corp. III/Cayman
1336706,NPB,fundamentals,
1528287,NPCE,fundamentals,
1119643,NPHC,fundamentals,
80172,NPK,fundamentals,
71829,NPKI,fundamentals,
1978111,NPLY,fundamentals,
1164863,NPO,fundamentals,
1845437,NPWR,fundamentals,
1845437,NPWR-WT,current,NET Power Inc.
70487,NRC,fundamentals,
1759546,NRDE,fundamentals,
1625278,NRDS,fundamentals,
1819404,NRDY,fundamentals,
1786248,NREF,fundamentals,
1786248,NREF-PA,current,"NexPoint Real Estate Finance, Inc."
1013871,NRG,fundamentals,
1828536,NRGV,fundamentals,
1680689,NRHI,fundamentals,
1163370,NRIM,fundamentals,
1603793,NRIS,fundamentals,
1549595,NRIX,fundamentals,
709005,NROM,fundamentals,
1171486,NRP,fundamentals,
72633,NRT,fundamentals,
70502,NRUC,fundamentals,
1719406,NRXP,fundamentals,
1933567,NRXS,fundamentals,
1618563,NSA,fundamentals,
1618563,NSA-PA,current,National Storage Affiliates Trust
1618563,NSA-PB,current,National Storage Affiliates Trust
13372,NSARO,fundamentals,
13372,NSARP,current,NSTAR ELECTRIC CO
702165,NSC,fundamentals,
932696,NSIT,fundamentals,
1000753,NSP,fundamentals,
1433607,NSPR,fundamentals,
1302084,NSRCF,fundamentals,
69633,NSSC,fundamentals,
912544,NSTM,fundamentals,
1881592,NSTS,fundamentals,
722313,NSYS,fundamentals,
1002047,NTAP,fundamentals,
1933359,NTCS,fundamentals,
1078075,NTCT,fundamentals,
1122904,NTGR,fundamentals,
1979414,NTHI,fundamentals,
875582,NTIC,fundamentals,
1065078,NTIP,fundamentals,
1652130,NTLA,fundamentals,
1618732,NTNX,fundamentals,
1604821,NTRA,fundamentals,
1676047,NTRB,fundamentals,
1676047,NTRBW,current,NutriBand Inc.
788611,NTRP,fundamentals,
1512886,NTRR,fundamentals,
73124,NTRS,fundamentals,
73124,NTRSO,current,NORTHERN TRUST CORP
2063196,NTSK,fundamentals,
1798100,NTST,fundamentals,
1039280,NTWK,fundamentals,
2028027,NTWO,fundamentals,
2028027,NTWOU,current,Newbury Street II Acquisition Corp
2028027,NTWOW,current,Newbury Street II Acquisition Corp
2028336,NUAI,fundamentals,
2028336,NUAIW,current,"New ERA Energy & Digital, Inc."
2089283,NUCL,fundamentals,
2089283,NUCLW,current,Eagle Nuclear Energy Corp.
73309,NUE,fundamentals,
1543637,NUMD,fundamentals,
1021561,NUS,fundamentals,
2006468,NUTR,fundamentals,
1479681,NUTX,fundamentals,
1811063,NUVB,fundamentals,
1410708,NUVI,fundamentals,
1410708,NUVID,current,Emo Capital Corp.
1861560,NUVL,fundamentals,
71557,NUVR,fundamentals,
1506492,NUWE,fundamentals,
1859807,NVACW,current,"Profusa, Inc."
1000694,NVAX,fundamentals,
1645113,NVCR,fundamentals,
1875558,NVCT,fundamentals,
1045810,NVDA,fundamentals,
724910,NVEC,fundamentals,
1532961,NVEE,delisted_seed,"NV5 Global, Inc."
1661053,NVNO,fundamentals,
906163,NVR,fundamentals,
2104052,NVRI,fundamentals,
1757073,NVST,fundamentals,
1720635,NVT,fundamentals,
1501134,NVTA,delisted_seed,Invitae Corp
1821769,NVTS,fundamentals,
1836875,NVVE,fundamentals,
2074878,NWAX,fundamentals,
2074878,NWAX-UN,current,New America Acquisition I Corp.
2074878,NWAX-WT,current,New America Acquisition I Corp.
1471265,NWBI,fundamentals,
1072379,NWBO,fundamentals,
1993004,NWE,fundamentals,
1013272,NWFL,fundamentals,
814453,NWL,fundamentals,
1733998,NWN,fundamentals,
1289223,NWPG,fundamentals,
1163389,NWPP,fundamentals,
1001385,NWPX,fundamentals,
1564708,NWS,current,NEWS CORP
1564708,NWSA,fundamentals,
1564708,NWSLL,current,NEWS CORP
1934245,NWTG,fundamentals,
1423221,NX,fundamentals,
2067767,NXB,fundamentals,
1846069,NXDR,fundamentals,
1356115,NXDT,fundamentals,
1356115,NXDT-PA,current,NEXPOINT DIVERSIFIED REAL ESTATE TRUST
1468929,NXGL,fundamentals,
1468929,NXGLW,current,"NEXGEL, INC."
1527352,NXL,fundamentals,
1811530,NXMH,fundamentals,
1976663,NXNT,fundamentals,
1865631,NXNVW,current,NEXTNAV INC.
1413447,NXPI,fundamentals,
1058307,NXPL,fundamentals,
1620393,NXRT,fundamentals,
1142417,NXST,fundamentals,
1852131,NXT,fundamentals,
1661059,NXTC,fundamentals,
1789192,NXTS,fundamentals,
1784970,NXTT,fundamentals,
1722969,NXUR,fundamentals,
1817004,NXXT,fundamentals,
1595527,NYC,fundamentals,
71691,NYT,fundamentals,
726728,O,fundamentals,
1846253,OABI,current,"OmniAb, Inc."
1846253,OABIW,fundamentals,
2029769,OACC,fundamentals,
2029769,OACCU,current,Oaktree Acquisition Corp. III Life Sciences
2029769,OACCW,current,Oaktree Acquisition Corp. III Life Sciences
1403528,OAK-PA,fundamentals,
1403528,OAK-PB,current,"Brookfield Oaktree Holdings, LLC"
2034313,OBA,fundamentals,
1756064,OBAI,fundamentals,
2034313,OBAWU,current,Oxley Bridge Acquisition Ltd
2034313,OBAWW,current,Oxley Bridge Acquisition Ltd
1655888,OBDC,fundamentals,
1814114,OBIO,fundamentals,
1516912,OBK,fundamentals,
1754226,OBT,fundamentals,
1767057,OBTC,fundamentals,
1370946,OC,fundamentals,
1000230,OCC,fundamentals,
1869974,OCEA,fundamentals,
1004702,OCFC,fundamentals,
1372299,OCGN,fundamentals,
1419793,OCLN,fundamentals,
1414932,OCSL,fundamentals,
2083632,OCTV,fundamentals,
2083632,OCTVV,current,Octave Intelligence plc
1393434,OCUL,fundamentals,
74046,ODC,fundamentals,
878927,ODFL,fundamentals,
1610718,ODRS,fundamentals,
1882782,ODTX,fundamentals,
1577445,ODYS,fundamentals,
1626644,ODYY,fundamentals,
1609804,OEC,fundamentals,
1409375,OESX,fundamentals,
1501078,OFED,fundamentals,
1030469,OFG,fundamentals,
884624,OFIX,fundamentals,
1317945,OFLX,fundamentals,
1696556,OFRM,fundamentals,
1487918,OFS,fundamentals,
1487918,OFSSH,current,OFS Capital Corp
1487918,OFSSO,current,OFS Capital Corp
1553079,OGCP,current,"Empire State Realty OP, L.P."
1021635,OGE,fundamentals,
1174940,OGEN,fundamentals,
1821825,OGN,fundamentals,
1587732,OGS,fundamentals,
888491,OHI,fundamentals,
812074,OI,fundamentals,
73756,OII,fundamentals,
2088325,OIM,fundamentals,
2088325,OIMAU,current,OneIM Acquisition Corp.
2088325,OIMAW,current,OneIM Acquisition Corp.
1121484,OIS,fundamentals,
1039684,OKE,fundamentals,
1849056,OKLO,fundamentals,
1848334,OKMN,fundamentals,
1660134,OKTA,fundamentals,
1637715,OKUR,fundamentals,
1314196,OLB,fundamentals,
1005284,OLED,fundamentals,
1639300,OLLI,fundamentals,
1750284,OLMA,fundamentals,
74303,OLN,fundamentals,
1023994,OLOX,fundamentals,
712770,OLP,fundamentals,
1868726,OLPX,fundamentals,
1484612,OM,fundamentals,
29989,OMC,fundamentals,
1000045,OMCC,fundamentals,
926326,OMCL,fundamentals,
1611115,OMDA,fundamentals,
1285819,OMER,fundamentals,
798528,OMEX,fundamentals,
1584207,OMF,fundamentals,
278165,OMQS,fundamentals,
1404804,OMTK,fundamentals,
1097864,ON,fundamentals,
1682265,ONAR,fundamentals,
707179,ONB,fundamentals,
707179,ONBPO,current,OLD NATIONAL BANCORP /IN/
707179,ONBPP,current,OLD NATIONAL BANCORP /IN/
1651308,ONC,fundamentals,
2054272,ONCH,fundamentals,
2054272,ONCHU,current,1RT Acquisition Corp.
2054272,ONCHW,current,1RT Acquisition Corp.
1782107,ONCO,fundamentals,
1129928,ONCY,fundamentals,
1646188,ONDS,fundamentals,
1388295,ONEI,fundamentals,
1404123,ONEM,delisted_seed,1Life Healthcare Inc
1772921,ONEW,fundamentals,
1825452,ONFO,fundamentals,
1825452,ONFOP,current,"Onfolio Holdings, Inc"
1825452,ONFOW,current,"Onfolio Holdings, Inc"
873860,ONIT,fundamentals,
1873923,ONL,fundamentals,
1849380,ONMD,fundamentals,
1849380,ONMDW,current,OneMedNet Corp
1643615,ONT,fundamentals,
1110611,ONTF,fundamentals,
704532,ONTO,fundamentals,
1327688,OOMA,fundamentals,
1825024,OPAD,fundamentals,
1825024,OPADW,current,Offerpad Solutions Inc.
1842279,OPAL,fundamentals,
1722010,OPBK,fundamentals,
1014739,OPCH,fundamentals,
1801169,OPEN,fundamentals,
1801169,OPENL,current,Opendoor Technologies Inc.
1801169,OPENW,current,Opendoor Technologies Inc.
1801169,OPENZ,current,Opendoor Technologies Inc.
1818502,OPFI,fundamentals,
1818502,OPFI-WT,current,OppFi Inc.
1288855,OPHC,fundamentals,
1456772,OPI,fundamentals,
1456772,OPIRQ,current,OFFICE PROPERTIES INCOME TRUST
1456772,OPITQ,current,OFFICE PROPERTIES INCOME TRUST
944809,OPK,fundamentals,
1395942,OPLN,fundamentals,
1538716,OPRT,fundamentals,
1448431,OPRX,fundamentals,
1378140,OPTT,fundamentals,
1702780,OPTU,fundamentals,
1866816,OPTX,fundamentals,
1866816,OPTXW,current,"SYNTEC OPTICS HOLDINGS, INC."
1397016,OPXS,fundamentals,
791963,OPY,fundamentals,
1296445,ORA,fundamentals,
1892492,ORBS,fundamentals,
1518621,ORC,fundamentals,
1341439,ORCL,fundamentals,
1341439,ORCL-PD,current,ORACLE CORP
1802457,ORGN,fundamentals,
1802457,ORGNW,current,"Origin Materials, Inc."
1661181,ORGO,fundamentals,
74260,ORI,fundamentals,
1854183,ORIB,fundamentals,
1796280,ORIC,fundamentals,
2044523,ORIQ,fundamentals,
2044523,ORIQU,current,Origin Investment Corp I
2044523,ORIQW,current,Origin Investment Corp I
907654,ORKA,fundamentals,
898173,ORLY,fundamentals,
1176309,ORMP,fundamentals,
1402829,ORN,fundamentals,
826154,ORRF,fundamentals,
357173,OSBC,fundamentals,
1076691,OSBK,fundamentals,
1568651,OSCR,fundamentals,
874501,OSG,fundamentals,
1039065,OSIS,fundamentals,
775158,OSK,fundamentals,
1044777,OSPN,fundamentals,
1840425,OSRH,fundamentals,
1840425,OSRHW,current,"OSR Health, Inc."
1394056,OSS,fundamentals,
1795091,OSTX,fundamentals,
1116463,OSUR,fundamentals,
1758488,OSW,fundamentals,
2094076,OTAI,fundamentals,
2094076,OTAI-UN,current,Starlink AI Acquisition Corp
1002638,OTEX,fundamentals,
1747777,OTF,fundamentals,
2077010,OTGA,fundamentals,
2077010,OTGAU,current,OTG Acquisition Corp. I
2077010,OTGAW,current,OTG Acquisition Corp. I
1781335,OTIS,fundamentals,
908259,OTLC,fundamentals,
1649989,OTLK,fundamentals,
1466593,OTTR,fundamentals,
1546652,OUNZ,fundamentals,
1816581,OUST,fundamentals,
1579877,OUT,fundamentals,
894671,OVBC,fundamentals,
1636651,OVID,fundamentals,
1431567,OVLY,fundamentals,
1107280,OVTZ,fundamentals,
1792580,OVV,fundamentals,
1823945,OWL,fundamentals,
1816708,OWLT,fundamentals,
1816708,OWLTW,current,"Owlet, Inc."
1622244,OWPC,fundamentals,
1584831,OXBR,fundamentals,
1584831,OXBRW,current,OXBRIDGE RE HOLDINGS Ltd
75288,OXM,fundamentals,
1259429,OXSQ,fundamentals,
1259429,OXSQG,current,Oxford Square Capital Corp.
1259429,OXSQH,current,Oxford Square Capital Corp.
797468,OXY,fundamentals,
797468,OXY-WT,current,OCCIDENTAL PETROLEUM CORP /DE/
1994582,OYCG,fundamentals,
2042182,OYSE,fundamentals,
2042182,OYSER,current,Oyster Enterprises II Acquisition Corp
2042182,OYSEU,current,Oyster Enterprises II Acquisition Corp
1807046,OZ,fundamentals,
1679817,OZSC,fundamentals,
1751707,OZVN,fundamentals,
1474432,P,fundamentals,
1070423,PAA,fundamentals,
2087446,PAAC,fundamentals,
2087446,PAACU,current,Proem Acquisition Corp. I
2087446,PAACW,current,Proem Acquisition Corp. I
1070423,PAAPU,current,PLAINS ALL AMERICAN PIPELINE LP
1299130,PACB,fundamentals,
2040381,PACH,fundamentals,
2040381,PACHU,current,Pioneer Acquisition I Corp
2040381,PACHW,current,Pioneer Acquisition I Corp
1712463,PACK,fundamentals,
2001184,PACS,fundamentals,
1019849,PAG,fundamentals,
1581990,PAGP,fundamentals,
1069899,PAHC,fundamentals,
2069238,PAII,fundamentals,
2069238,PAII-UN,current,Pyrophyte Acquisition Corp. II
2069238,PAII-WT,current,Pyrophyte Acquisition Corp. II
1998768,PAL,fundamentals,
1357459,PALI,fundamentals,
1459862,PALL,fundamentals,
2101562,PALO,fundamentals,
2101562,PALOU,current,PALOMA ACQUISITION CORP I
2101562,PALOW,current,PALOMA ACQUISITION CORP I
1938569,PALX,fundamentals,
798287,PAMT,fundamentals,
1606909,PANL,fundamentals,
1327567,PANW,fundamentals,
1938109,PAPL,fundamentals,
708821,PAR,fundamentals,
2069604,PARK,fundamentals,
821483,PARR,fundamentals,
1787297,PASG,fundamentals,
1734722,PATH,fundamentals,
76605,PATK,fundamentals,
1624326,PAVM,fundamentals,
1350156,PAXH,fundamentals,
1841156,PAY,fundamentals,
1590955,PAYC,fundamentals,
1017655,PAYD,fundamentals,
1845815,PAYO,fundamentals,
1496443,PAYS,fundamentals,
723531,PAYX,fundamentals,
1068851,PB,fundamentals,
1534504,PBF,fundamentals,
1769663,PBFS,fundamentals,
1295947,PBH,fundamentals,
1609065,PBHC,fundamentals,
78814,PBI,fundamentals,
78814,PBI-PB,current,PITNEY BOWES INC /DE/
1304161,PBSV,fundamentals,
1401667,PBYI,fundamentals,
2056634,PCAP,fundamentals,
2056634,PCAPU,current,ProCap Acquisition Corp
2056634,PCAPW,current,ProCap Acquisition Corp
75362,PCAR,fundamentals,
1423869,PCB,fundamentals,
1004980,PCG,fundamentals,
1004980,PCG-PA,current,PG&E Corp
1004980,PCG-PB,current,PG&E Corp
1004980,PCG-PC,current,PG&E Corp
1004980,PCG-PD,current,PG&E Corp
1004980,PCG-PE,current,PG&E Corp
1004980,PCG-PG,current,PG&E Corp
1004980,PCG-PH,current,PG&E Corp
1004980,PCG-PI,current,PG&E Corp
1004980,PCG-PX,current,PG&E Corp
1075531,PCLN,delisted_seed,Priceline Group Inc.
1141964,PCMC,fundamentals,
1611052,PCOR,fundamentals,
1396814,PCRX,fundamentals,
1533743,PCSA,fundamentals,
2017526,PCSC,fundamentals,
1122020,PCSV,fundamentals,
1122020,PCSVD,current,"PCS Edventures!, Inc."
1830033,PCT,fundamentals,
1830033,PCTBP,current,"PureCycle Technologies, Inc."
1830033,PCTTU,current,"PureCycle Technologies, Inc."
1830033,PCTTW,current,"PureCycle Technologies, Inc."
1591698,PCTY,fundamentals,
1649094,PCVX,fundamentals,
812306,PCYN,fundamentals,
276720,PCYO,fundamentals,
1568100,PD,fundamentals,
891024,PDCO,delisted_seed,"PATTERSON COMPANIES, INC."
788920,PDEX,fundamentals,
1120914,PDFS,fundamentals,
1874071,PDLB,fundamentals,
1042776,PDM,fundamentals,
1472091,PDSB,fundamentals,
1826681,PDYN,fundamentals,
1826681,PDYNW,current,Palladyne AI Corp.
1474098,PEB,fundamentals,
1474098,PEB-PE,current,Pebblebrook Hotel Trust
1474098,PEB-PF,current,Pebblebrook Hotel Trust
1474098,PEB-PG,current,Pebblebrook Hotel Trust
1474098,PEB-PH,current,Pebblebrook Hotel Trust
1093672,PEBK,fundamentals,
318300,PEBO,fundamentals,
2088626,PECE,fundamentals,
2088626,PECER,current,Peace Acquisition Corp.
2088626,PECEU,current,Peace Acquisition Corp.
2088626,PECEW,current,Peace Acquisition Corp.
1476204,PECO,fundamentals,
1141197,PED,fundamentals,
788784,PEG,fundamentals,
1013857,PEGA,fundamentals,
1321732,PEN,fundamentals,
1616533,PENG,fundamentals,
921738,PENN,fundamentals,
77476,PEP,fundamentals,
1835597,PEPG,fundamentals,
891532,PESI,fundamentals,
1040130,PETS,fundamentals,
1512922,PETV,fundamentals,
1512922,PETVW,current,"PetVivo Holdings, Inc."
1879848,PEVM,fundamentals,
2051380,PEW,fundamentals,
2051380,PEW-WT,current,GrabAGun Digital Holdings Inc.
770460,PFBX,fundamentals,
78003,PFE,fundamentals,
1126328,PFG,fundamentals,
1618673,PFGC,fundamentals,
1137774,PFH,current,PRUDENTIAL FINANCIAL INC
1138476,PFHO,fundamentals,
1056943,PFIS,fundamentals,
1504619,PFLA,current,PennantPark Floating Rate Capital Ltd.
1504619,PFLT,fundamentals,
1212458,PFPT,delisted_seed,PROOFPOINT INC
1178970,PFS,fundamentals,
1859807,PFSA,fundamentals,
1967656,PFSB,fundamentals,
1745916,PFSI,fundamentals,
1490349,PFX,fundamentals,
1490349,PFXNZ,current,PhenixFIN Corp
80424,PG,fundamentals,
2030829,PGAC,fundamentals,
2030829,PGACR,current,PANTAGES CAPITAL ACQUISITION Corp
2030829,PGACU,current,PANTAGES CAPITAL ACQUISITION Corp
1050743,PGC,fundamentals,
1356090,PGEN,fundamentals,
1923622,PGIM,fundamentals,
1551306,PGNY,fundamentals,
1080448,PGOL,fundamentals,
80661,PGR,fundamentals,
1883085,PGY,fundamentals,
1883085,PGYWW,current,Pagaya Technologies Ltd.
76334,PH,fundamentals,
1783183,PHAT,fundamentals,
1435181,PHBI,fundamentals,
1620749,PHCI,fundamentals,
1739174,PHGE,fundamentals,
1968915,PHIN,fundamentals,
1533040,PHIO,fundamentals,
822416,PHM,fundamentals,
1412408,PHR,fundamentals,
1665300,PHUN,fundamentals,
1818643,PHXE-P,fundamentals,
1114995,PI,fundamentals,
845385,PIAC,fundamentals,
931015,PII,fundamentals,
1832511,PIII,fundamentals,
1832511,PIIIW,current,P3 Health Partners Inc.
1786117,PINE,fundamentals,
1786117,PINE-PA,current,"Alpine Income Property Trust, Inc."
1679826,PING,delisted_seed,Ping Identity Holding Corp.
1506293,PINS,fundamentals,
1230245,PIPR,fundamentals,
1626115,PJT,fundamentals,
1617406,PK,fundamentals,
1315399,PKBK,fundamentals,
76267,PKE,fundamentals,
75677,PKG,fundamentals,
76282,PKOH,fundamentals,
1600626,PKST,fundamentals,
1128189,PKTX,fundamentals,
1836833,PL,fundamentals,
810136,PLAB,fundamentals,
1117057,PLAG,fundamentals,
1540755,PLAN,delisted_seed,"Anaplan, Inc."
1525769,PLAY,fundamentals,
1168455,PLBC,fundamentals,
1803914,PLBY,fundamentals,
1041859,PLCE,fundamentals,
1045609,PLD,fundamentals,
1045609,PLDGP,current,"Prologis, Inc."
1845550,PLMJF,fundamentals,
2030482,PLMK,fundamentals,
2030482,PLMKU,current,"Plum Acquisition Corp, IV"
2030482,PLMKW,current,"Plum Acquisition Corp, IV"
1761312,PLMR,fundamentals,
1845550,PLMUF,current,Plum Acquisition Corp. III
1845550,PLMWF,current,Plum Acquisition Corp. III
1813452,PLNH,fundamentals,
1637207,PLNT,fundamentals,
1287213,PLOW,fundamentals,
80035,PLPC,fundamentals,
1746473,PLRX,fundamentals,
1625101,PLSE,fundamentals,
1552189,PLSH,fundamentals,
1828016,PLTK,fundamentals,
1690842,PLTM,fundamentals,
1321655,PLTR,fundamentals,
1093691,PLUG,fundamentals,
1158780,PLUR,fundamentals,
1022408,PLUS,fundamentals,
1006281,PLX,fundamentals,
785786,PLXS,fundamentals,
2075320,PLYX,fundamentals,
1413329,PM,fundamentals,
1157075,PMCB,fundamentals,
806517,PMDI,fundamentals,
1265521,PMHS,fundamentals,
2030617,PMI,fundamentals,
1374339,PMN,fundamentals,
1849221,PMNT,fundamentals,
1464423,PMT,fundamentals,
1464423,PMT-PA,current,PennyMac Mortgage Investment Trust
1464423,PMT-PB,current,PennyMac Mortgage Investment Trust
1464423,PMT-PC,current,PennyMac Mortgage Investment Trust
2061473,PMTR,fundamentals,
2061473,PMTRU,current,Perimeter Acquisition Corp. I
2061473,PMTRW,current,Perimeter Acquisition Corp. I
1641614,PMTS,fundamentals,
1464423,PMTU,current,PennyMac Mortgage Investment Trust
1464423,PMTV,current,PennyMac Mortgage Investment Trust
1464423,PMTW,current,PennyMac Mortgage Investment Trust
1807765,PMVC,fundamentals,
1807765,PMVCW,current,PMV Consumer Acquisition Corp.
1699382,PMVP,fundamentals,
1098146,PNBK,fundamentals,
713676,PNC,fundamentals,
2082866,PNFP,fundamentals,
2082866,PNFP-PA,current,"Pinnacle Financial Partners, Inc."
2082866,PNFP-PB,current,"Pinnacle Financial Partners, Inc."
2082866,PNFP-PC,current,"Pinnacle Financial Partners, Inc."
1383414,PNNT,fundamentals,
1654672,PNPL,fundamentals,
77360,PNR,fundamentals,
56868,PNRG,fundamentals,
2087419,PNSB,fundamentals,
1766400,PNTG,fundamentals,
764622,PNW,fundamentals,
1710495,PNXP,fundamentals,
1784058,PNYG,fundamentals,
867840,POCI,fundamentals,
1940177,PODC,fundamentals,
1145197,PODD,fundamentals,
1622345,POLA,fundamentals,
2025341,POLE,fundamentals,
2025341,POLEU,current,Andretti Acquisition Corp. II
2025341,POLEW,current,Andretti Acquisition Corp. II
2108164,PONO,fundamentals,
2108164,PONOR,current,"Pono Capital Four, Inc."
2108164,PONOU,current,"Pono Capital Four, Inc."
945841,POOL,fundamentals,
784977,POR,fundamentals,
844985,POSC,fundamentals,
1530950,POST,fundamentals,
833640,POWI,fundamentals,
80420,POWL,fundamentals,
1015383,POWW,fundamentals,
1015383,POWWP,current,Outdoor Holding Co
802481,PPC,fundamentals,
1517681,PPCB,fundamentals,
79879,PPG,fundamentals,
1903508,PPHC,fundamentals,
914122,PPIH,fundamentals,
922224,PPL,fundamentals,
922224,PPLC,current,PPL Corp
1800227,PPLI,fundamentals,
1460235,PPLT,fundamentals,
1449792,PPSI,fundamentals,
1526243,PPTA,fundamentals,
1658566,PR,fundamentals,
1127703,PRA,fundamentals,
1185348,PRAA,fundamentals,
1689548,PRAX,fundamentals,
1784535,PRCH,fundamentals,
1588978,PRCT,fundamentals,
1046568,PRDO,fundamentals,
911421,PREJF,fundamentals,
1570937,PREM,fundamentals,
1085869,PRFT,delisted_seed,PERFICIENT INC
1808834,PRG,fundamentals,
1585364,PRGO,fundamentals,
876167,PRGS,fundamentals,
1137774,PRH,current,PRUDENTIAL FINANCIAL INC
1502292,PRHI,fundamentals,
1502292,PRHIZ,current,"Presurance Holdings, Inc."
1475922,PRI,fundamentals,
1819175,PRIAF,fundamentals,
1361538,PRIM,fundamentals,
805676,PRK,fundamentals,
1297937,PRKA,fundamentals,
914139,PRKR,fundamentals,
1564902,PRKS,fundamentals,
1443669,PRLB,fundamentals,
1678660,PRLD,fundamentals,
1880319,PRM,fundamentals,
2042694,PRMB,fundamentals,
1894562,PRME,fundamentals,
1628808,PROF,fundamentals,
1850270,PROK,fundamentals,
1162896,PROP,fundamentals,
1010470,PROV,fundamentals,
868278,PRPH,fundamentals,
1643953,PRPL,fundamentals,
1043961,PRPO,fundamentals,
1137774,PRS,current,PRUDENTIAL FINANCIAL INC
79661,PRSI,fundamentals,
890394,PRSO,fundamentals,
884219,PRSU,fundamentals,
1559053,PRTA,fundamentals,
1653558,PRTH,fundamentals,
1653558,PRTHU,current,"Priority Technology Holdings, Inc."
1378950,PRTS,fundamentals,
1137774,PRU,fundamentals,
1759655,PRVA,fundamentals,
1692345,PRXA,fundamentals,
2026053,PS,fundamentals,
1393311,PSA,fundamentals,
1393311,PSA-PF,current,Public Storage
1393311,PSA-PG,current,Public Storage
1393311,PSA-PH,current,Public Storage
1393311,PSA-PI,current,Public Storage
1393311,PSA-PJ,current,Public Storage
1393311,PSA-PK,current,Public Storage
1393311,PSA-PL,current,Public Storage
1393311,PSA-PM,current,Public Storage
1393311,PSA-PN,current,Public Storage
1393311,PSA-PO,current,Public Storage
1393311,PSA-PP,current,Public Storage
1393311,PSA-PQ,current,Public Storage
1393311,PSA-PR,current,Public Storage
1393311,PSA-PS,current,Public Storage
1794776,PSBD,fundamentals,
1287032,PSEC,fundamentals,
1287032,PSEC-PA,current,PROSPECT CAPITAL CORP
1137091,PSIX,fundamentals,
2041610,PSKY,fundamentals,
1041803,PSMT,fundamentals,
275880,PSN,fundamentals,
1527753,PSNL,fundamentals,
1765651,PSPX,fundamentals,
1847064,PSQH,fundamentals,
1847064,PSQH-WT,current,"PSQ Holdings, Inc."
1474432,PSTG,delisted_seed,"PURE Storage, Inc."
1759774,PSTL,fundamentals,
1095981,PSTV,fundamentals,
1534701,PSX,fundamentals,
2099095,PTAC,fundamentals,
2099095,PTACU,current,Patriot Acquisition Corp./CI
857005,PTC,fundamentals,
1609258,PTCO,fundamentals,
1070081,PTCT,fundamentals,
889900,PTEN,fundamentals,
1377121,PTGX,fundamentals,
1919246,PTHS,fundamentals,
1022899,PTIX,fundamentals,
1871509,PTLO,fundamentals,
911216,PTN,fundamentals,
1639825,PTON,fundamentals,
2093912,PTOR,fundamentals,
2093912,PTORU,current,Praetorian Acquisition Corp.
2093912,PTORW,current,Praetorian Acquisition Corp.
1172069,PTOS,fundamentals,
1815903,PTPI,fundamentals,
1811935,PTRN,fundamentals,
1575858,PUBC,fundamentals,
1422930,PUBM,fundamentals,
1574235,PULM,fundamentals,
1680247,PUMP,fundamentals,
1006028,PURE,fundamentals,
2078856,PURR,fundamentals,
2009312,PUSA,fundamentals,
315545,PVCT,fundamentals,
78239,PVH,fundamentals,
1583648,PVLA,fundamentals,
1532619,PW,fundamentals,
1532619,PW-PA,current,Power REIT
1435617,PWDY,fundamentals,
1777835,PWP,fundamentals,
1050915,PWR,fundamentals,
1600222,PXED,fundamentals,
1040161,PXLW,fundamentals,
1633917,PYPL,fundamentals,
1782223,PYXS,fundamentals,
939930,PYYX,fundamentals,
1629210,PZG,fundamentals,
901491,PZZA,fundamentals,
2058873,Q,fundamentals,
2083217,QADR,fundamentals,
2083217,QADRU,current,QDRO Acquisition Corp.
1907982,QBTS,fundamentals,
1321834,QCLS,fundamentals,
804328,QCOM,fundamentals,
906465,QCRH,fundamentals,
1906324,QDEL,fundamentals,
1094032,QDMI,fundamentals,
1978528,QETA,fundamentals,
1978528,QETAR,current,Quetta Acquisition Corp
1978528,QETAU,current,Quetta Acquisition Corp
1995569,QETH,fundamentals,
1663038,QGAI,current,Quantum Genesis AI Corp.
1393781,QIND,fundamentals,
2102155,QLEP,fundamentals,
2102155,QLEP-UN,current,Quantum Leap Acquisition Corp
1107843,QLYS,fundamentals,
1101433,QMCI,fundamentals,
709283,QMCO,fundamentals,
750558,QNBC,fundamentals,
1662774,QNCX,fundamentals,
1671502,QNRX,fundamentals,
1117297,QNST,fundamentals,
1391933,QNTO,fundamentals,
824416,QPRC,fundamentals,
2085177,QRED,fundamentals,
2085177,QRED-RI,current,QuasarEdge Acquisition Corp
2085177,QRED-UN,current,QuasarEdge Acquisition Corp
1442236,QRHC,fundamentals,
1604778,QRVO,fundamentals,
1811414,QS,fundamentals,
2047455,QSEA,fundamentals,
2047455,QSEAR,current,Quartzsea Acquisition Corp
2047455,QSEAU,current,Quartzsea Acquisition Corp
1103795,QSEP,fundamentals,
1816431,QSI,fundamentals,
1816431,QSIAW,current,Quantum-Si Inc
1753391,QSJC,fundamentals,
2074409,QSOL,fundamentals,
1618755,QSP,fundamentals,
1618756,QSR,fundamentals,
1844505,QTI,fundamentals,
1844505,QTIWW,current,"QT IMAGING HOLDINGS, INC."
1370702,QTNA,delisted_seed,QUANTENNA COMMUNICATIONS INC
1503274,QTRX,fundamentals,
1661998,QTTB,fundamentals,
1410384,QTWO,fundamentals,
1663038,QTZM,fundamentals,
1481792,QUAD,fundamentals,
1758009,QUBT,fundamentals,
1874252,QUCY,fundamentals,
882508,QUIK,fundamentals,
2070900,QUMS,fundamentals,
2070900,QUMSR,current,Quantumsphere Acquisition Corp
2070900,QUMSU,current,Quantumsphere Acquisition Corp
1590560,QURE,fundamentals,
1549631,QURT,fundamentals,
1355096,QVCAQ,fundamentals,
1254699,QVCCQ,fundamentals,
1254699,QVCDQ,current,QVC INC
1355096,QVCGQ,current,"QVC Group, Inc."
1355096,QVCPQ,current,"QVC Group, Inc."
1487091,QWTR,fundamentals,
797542,QXL,fundamentals,
1236275,QXO,fundamentals,
1236275,QXO-PB,current,"QXO, Inc."
85961,R,fundamentals,
2052161,RAAQ,fundamentals,
2052161,RAAQU,current,Real Asset Acquisition Corp.
2052161,RAAQW,current,Real Asset Acquisition Corp.
2047497,RAC,fundamentals,
2047497,RAC-UN,current,Rithm Acquisition Corp.
2047497,RAC-WT,current,Rithm Acquisition Corp.
2057381,RADC,fundamentals,
1320854,RAIL,fundamentals,
2028293,RAIN,fundamentals,
2028293,RAINW,current,"Rain Enhancement Technologies Holdco, Inc."
1872292,RAKR,fundamentals,
2041385,RAL,fundamentals,
733269,RAMP,fundamentals,
81955,RAND,fundamentals,
2035644,RANG,fundamentals,
2035644,RANGR,current,Range Capital Acquisition Corp.
2035644,RANGU,current,Range Capital Acquisition Corp.
1856725,RANI,fundamentals,
1415397,RAPH,fundamentals,
2012593,RAPP,fundamentals,
1515673,RARE,fundamentals,
1515673,RARX,delisted_seed,Ultragenyx Pharmaceutical Inc.
718332,RAVE,fundamentals,
1046102,RBA,fundamentals,
1499422,RBB,fundamentals,
1708055,RBBN,fundamentals,
1324948,RBC,fundamentals,
921557,RBCAA,fundamentals,
1410172,RBCN,fundamentals,
1751783,RBKB,fundamentals,
1315098,RBLX,fundamentals,
1812173,RBOT,fundamentals,
1812173,RBOTW,current,Vicarious Surgical Inc.
1943896,RBRK,fundamentals,
1594204,RBTK,fundamentals,
1527590,RC,fundamentals,
1527590,RC-PC,current,Ready Capital Corp
1527590,RC-PE,current,Ready Capital Corp
748268,RCAT,fundamentals,
1527590,RCD,current,Ready Capital Corp
1762303,RCEL,fundamentals,
1281895,RCKT,fundamentals,
1281895,RCKTW,current,"ROCKET PHARMACEUTICALS, INC."
895456,RCKY,fundamentals,
884887,RCL,fundamentals,
700841,RCMT,fundamentals,
1442620,RCON,fundamentals,
1724521,RCUS,fundamentals,
2018145,RDAC,fundamentals,
2018145,RDACR,current,Rising Dragon Acquisition Corp.
2018145,RDACU,current,Rising Dragon Acquisition Corp.
2055459,RDAG,fundamentals,
2055459,RDAGU,current,Republic Digital Acquisition Co
2055459,RDAGW,current,Republic Digital Acquisition Co
1384365,RDAR,fundamentals,
1376804,RDCT,fundamentals,
1713445,RDDT,fundamentals,
812152,RDGAD,fundamentals,
1449349,RDGL,fundamentals,
716634,RDI,fundamentals,
716634,RDIB,current,READING INTERNATIONAL INC
890926,RDN,fundamentals,
790526,RDNT,fundamentals,
1596961,RDNW,fundamentals,
2056016,RDSC,fundamentals,
1720116,RDVT,fundamentals,
1819810,RDW,fundamentals,
1868640,RDZN,fundamentals,
1868640,RDZNW,current,Roadzen Inc.
2095743,REA,fundamentals,
1573221,REAL,fundamentals,
1707910,REBN,fundamentals,
1140215,REED,fundamentals,
1419806,REEMF,fundamentals,
1889112,REEUF,current,Cartesian Growth Corp II
1889112,REEWF,current,Cartesian Growth Corp II
1867949,REFI,fundamentals,
793524,REFR,fundamentals,
910606,REG,fundamentals,
910606,REGCO,current,REGENCY CENTERS CORP
910606,REGCP,current,REGENCY CENTERS CORP
872589,REGN,fundamentals,
1384195,REI,fundamentals,
1697851,REKR,fundamentals,
355948,RELL,fundamentals,
1782170,RELY,fundamentals,
1889112,RENEF,fundamentals,
1468327,RENT,fundamentals,
1959023,RENX,fundamentals,
1811115,RENXF,current,Renalytix plc
1737953,REPL,fundamentals,
1001614,REPX,fundamentals,
742278,RES,fundamentals,
1810560,REVB,fundamentals,
1810560,REVBW,current,"REVELATION BIOSCIENCES, INC."
1687221,REVG,delisted_seed,"REV Group, Inc."
744187,REX,fundamentals,
1571283,REXR,fundamentals,
1571283,REXR-PB,current,"Rexford Industrial Realty, Inc."
1571283,REXR-PC,current,"Rexford Industrial Realty, Inc."
1786431,REYN,fundamentals,
1740332,REZI,fundamentals,
1281761,RF,fundamentals,
1281761,RF-PC,current,REGIONS FINANCIAL CORP
1281761,RF-PE,current,REGIONS FINANCIAL CORP
1281761,RF-PF,current,REGIONS FINANCIAL CORP
2012807,RFAI,fundamentals,
2012807,RFAIR,current,RF Acquisition Corp II
2012807,RFAIU,current,RF Acquisition Corp II
2091712,RFAM,fundamentals,
2091712,RFAMR,current,RF Acquisition Corp III
2091712,RFAMU,current,RF Acquisition Corp III
740664,RFIL,fundamentals,
1713863,RFL,fundamentals,
898174,RGA,fundamentals,
1589150,RGBP,fundamentals,
1589150,RGBPP,current,Regen BioPharma Inc
1069533,RGCO,fundamentals,
730272,RGEN,fundamentals,
85535,RGLD,fundamentals,
1590877,RGNX,fundamentals,
1084765,RGP,fundamentals,
1357878,RGPX,fundamentals,
95029,RGR,fundamentals,
716643,RGS,fundamentals,
1838359,RGTI,fundamentals,
1838359,RGTIW,current,"Rigetti Computing, Inc."
1528849,RH,fundamentals,
1004724,RHEP,fundamentals,
1004724,RHEPA,current,"REGIONAL HEALTH PROPERTIES, INC"
1004724,RHEPB,current,"REGIONAL HEALTH PROPERTIES, INC"
1004724,RHEPZ,current,"REGIONAL HEALTH PROPERTIES, INC"
315213,RHI,fundamentals,
2039497,RHLD,fundamentals,
1785493,RHNO,fundamentals,
1040829,RHP,fundamentals,
1087423,RHT,delisted_seed,RED HAT INC
2035016,RIBB,fundamentals,
2035016,RIBBR,current,Ribbon Acquisition Corp.
2035016,RIBBU,current,Ribbon Acquisition Corp.
935419,RICK,fundamentals,
1451505,RIG,fundamentals,
1034842,RIGL,fundamentals,
1464790,RILY,fundamentals,
1464790,RILYG,current,"BRC Group Holdings, Inc."
1464790,RILYL,current,"BRC Group Holdings, Inc."
1464790,RILYN,current,"BRC Group Holdings, Inc."
1464790,RILYP,current,"BRC Group Holdings, Inc."
1464790,RILYT,current,"BRC Group Holdings, Inc."
1464790,RILYZ,current,"BRC Group Holdings, Inc."
923601,RIME,fundamentals,
1167419,RIOT,fundamentals,
1096296,RITE,fundamentals,
1556593,RITM,fundamentals,
1556593,RITM-PA,current,Rithm Capital Corp.
1556593,RITM-PB,current,Rithm Capital Corp.
1556593,RITM-PC,current,Rithm Capital Corp.
1556593,RITM-PD,current,Rithm Capital Corp.
1556593,RITM-PE,current,Rithm Capital Corp.
1556593,RITM-PF,current,Rithm Capital Corp.
1342936,RIVF,fundamentals,
1874178,RIVN,fundamentals,
810332,RJET,fundamentals,
720005,RJF,fundamentals,
1469443,RKDA,fundamentals,
1819994,RKLB,fundamentals,
1805284,RKT,fundamentals,
1711786,RKTO,fundamentals,
1037038,RL,fundamentals,
1812364,RLAY,fundamentals,
34285,RLBY,fundamentals,
1893657,RLEA,fundamentals,
1171155,RLGT,fundamentals,
84246,RLI,fundamentals,
1511337,RLJ,fundamentals,
1511337,RLJ-PA,current,RLJ Lodging Trust
1553643,RLMD,fundamentals,
1739410,RLYB,fundamentals,
1519401,RM,fundamentals,
1581091,RMAX,fundamentals,
1767837,RMBI,fundamentals,
917273,RMBS,fundamentals,
1616262,RMCF,fundamentals,
1843656,RMCO,fundamentals,
1843656,RMCOW,current,Royalty Management Holding Corp
943819,RMD,fundamentals,
1358654,RMESF,fundamentals,
2034288,RMGL,fundamentals,
1452804,RMHI,fundamentals,
2094433,RMIX,fundamentals,
1635282,RMNI,fundamentals,
1644378,RMR,fundamentals,
1412126,RMSL,fundamentals,
1760026,RMTG,fundamentals,
1041024,RMTI,fundamentals,
1970743,RMXI,fundamentals,
2093101,RNA,fundamentals,
1453687,RNAC,fundamentals,
1829635,RNAZ,fundamentals,
1384905,RNG,fundamentals,
1434740,RNGC,fundamentals,
1438943,RNGE,fundamentals,
1699039,RNGR,fundamentals,
2078653,RNGT,fundamentals,
2078653,RNGTU,current,Range Capital Acquisition Corp II
2078653,RNGTW,current,Range Capital Acquisition Corp II
1811115,RNLXY,fundamentals,
913144,RNR,fundamentals,
913144,RNR-PF,current,RENAISSANCERE HOLDINGS LTD
913144,RNR-PG,current,RENAISSANCERE HOLDINGS LTD
715072,RNST,fundamentals,
1420565,RNTX,fundamentals,
1574094,RNXT,fundamentals,
1718227,ROAD,fundamentals,
2077709,ROC,fundamentals,
912562,ROCK,fundamentals,
84748,ROG,fundamentals,
1635088,ROIV,fundamentals,
1024478,ROK,fundamentals,
1428439,ROKU,fundamentals,
84839,ROL,fundamentals,
1947210,ROLR,fundamentals,
1788882,ROOT,fundamentals,
882835,ROP,fundamentals,
745732,ROST,fundamentals,
1694617,ROYL,fundamentals,
1286225,RP,delisted_seed,REALPAGE INC
1720592,RPAY,fundamentals,
1841968,RPC,fundamentals,
1560327,RPD,fundamentals,
1910975,RPDL,fundamentals,
1380106,RPID,fundamentals,
110621,RPM,fundamentals,
1437283,RPMT,fundamentals,
1802768,RPRX,fundamentals,
1614806,RPT,fundamentals,
1614806,RPT-PC,current,Rithm Property Trust Inc.
1963685,RR,fundamentals,
1071236,RRBI,fundamentals,
315852,RRC,fundamentals,
1171759,RRGB,fundamentals,
1653653,RRR,fundamentals,
82811,RRX,fundamentals,
861884,RS,fundamentals,
1103090,RSCF,fundamentals,
1060391,RSG,fundamentals,
1793659,RSI,fundamentals,
84112,RSKIA,fundamentals,
943819,RSMDF,current,RESMED INC
83350,RSRV,fundamentals,
1386301,RSSS,fundamentals,
1618755,RSTRF,current,Restaurant Brands International Limited Partnership
1824403,RSVR,fundamentals,
1824403,RSVRW,current,"Reservoir Media, Inc."
2035173,RTAC,fundamentals,
2035173,RTACU,current,Renatus Tactical Acquisition Corp I
2035173,RTACW,current,Renatus Tactical Acquisition Corp I
1419275,RTB,fundamentals,
1733861,RTEZ,fundamentals,
1836295,RTGN,fundamentals,
1047122,RTN,delisted_seed,RAYTHEON CO/
1580262,RTON,fundamentals,
101829,RTX,fundamentals,
1830081,RUM,fundamentals,
1830081,RUMBW,current,RUM Group Inc.
1469367,RUN,fundamentals,
1012019,RUSHA,fundamentals,
1012019,RUSHB,current,RUSH ENTERPRISES INC \TX\
1746618,RVLV,fundamentals,
1628171,RVMD,fundamentals,
1628171,RVMDW,current,"Revolution Medicines, Inc."
946563,RVP,fundamentals,
1742927,RVPH,fundamentals,
1839140,RVRC,fundamentals,
1641601,RVRF,fundamentals,
1041368,RVSB,fundamentals,
31791,RVTY,fundamentals,
1119190,RWAX,fundamentals,
1653384,RWAY,fundamentals,
1653384,RWAYI,current,Runway Growth Finance Corp.
1653384,RWAYL,current,Runway Growth Finance Corp.
1448038,RWDMU,fundamentals,
930236,RWT,fundamentals,
930236,RWT-PA,current,REDWOOD TRUST INC
930236,RWTN,current,REDWOOD TRUST INC
930236,RWTO,current,REDWOOD TRUST INC
930236,RWTP,current,REDWOOD TRUST INC
930236,RWTQ,current,REDWOOD TRUST INC
930236,RWTS,current,REDWOOD TRUST INC
1929561,RXO,fundamentals,
1601830,RXRX,fundamentals,
1111485,RXST,fundamentals,
1810019,RXT,fundamentals,
1597672,RYAM,fundamentals,
1849253,RYAN,fundamentals,
1424864,RYES,fundamentals,
1800637,RYM,fundamentals,
52827,RYN,fundamentals,
1649904,RYTM,fundamentals,
1481582,RYZ,fundamentals,
898174,RZB,current,REINSURANCE GROUP OF AMERICA INC
898174,RZC,current,REINSURANCE GROUP OF AMERICA INC
1509261,RZLT,fundamentals,
1583708,S,fundamentals,
2091222,SAAQ,fundamentals,
2091222,SAAQU,current,Space Asset Acquisition Corp.
2091222,SAAQW,current,Space Asset Acquisition Corp.
1597033,SABR,fundamentals,
1833214,SABS,fundamentals,
1833214,SABSW,current,"SAB Biotherapeutics, Inc."
2082844,SAC,fundamentals,
2082844,SAC-UN,current,Safeguard Acquisition Corp.
2082844,SAC-WT,current,Safeguard Acquisition Corp.
1682220,SACH,fundamentals,
1682220,SACH-PA,current,Sachem Capital Corp.
1095651,SAFE,fundamentals,
1172052,SAFT,fundamentals,
2019793,SAFX,fundamentals,
2083452,SAGU,fundamentals,
2083452,SAGU-RI,current,Shreya Acquisition Group
2083452,SAGU-UN,current,Shreya Acquisition Group
2083452,SAGU-WT,current,Shreya Acquisition Group
1043509,SAH,fundamentals,
1177702,SAIA,fundamentals,
1571123,SAIC,fundamentals,
1847075,SAIH,fundamentals,
1847075,SAIHW,current,SAIHEAT Ltd
2030781,SAIL,fundamentals,
1377936,SAJ,current,SARATOGA INVESTMENT CORP.
1050606,SALM,fundamentals,
949870,SAM,fundamentals,
1549966,SAMG,fundamentals,
1770121,SANA,fundamentals,
897723,SANM,fundamentals,
1377936,SAR,fundamentals,
2025410,SARO,fundamentals,
1377936,SAT,current,SARATOGA INVESTMENT CORP.
1920406,SATA,current,"Strive, Inc."
1874315,SATL,fundamentals,
1874315,SATLW,current,Satellogic Inc.
1415404,SATS,current,EchoStar CORP
1661600,SATT,fundamentals,
1377936,SAV,current,SARATOGA INVESTMENT CORP.
1377936,SAY,current,SARATOGA INVESTMENT CORP.
1377936,SAZ,current,SARATOGA INVESTMENT CORP.
1034054,SBAC,fundamentals,
1930313,SBC,fundamentals,
730708,SBCF,fundamentals,
1930313,SBCWW,current,SBC Medical Group Holdings Inc
1870600,SBDS,fundamentals,
1981535,SBET,fundamentals,
1553788,SBEV,fundamentals,
1553788,SBEVW,current,"SPLASH BEVERAGE GROUP, INC."
767405,SBFG,fundamentals,
1402328,SBFM,fundamentals,
1402328,SBFMW,current,Sunshine Biopharma Inc.
1971213,SBGI,fundamentals,
1368458,SBH,fundamentals,
1801602,SBIG,fundamentals,
1801602,SBIGW,current,"SpringBig Holdings, Inc."
2067674,SBMT,fundamentals,
2036060,SBMW,fundamentals,
1492298,SBRA,fundamentals,
705432,SBSI,fundamentals,
829224,SBUX,fundamentals,
2015947,SBXD,fundamentals,
2015947,SBXD-UN,current,SilverBox Corp IV
2015947,SBXD-WT,current,SilverBox Corp IV
2081909,SBXE,fundamentals,
2081909,SBXE-UN,current,SilverBox Corp V
2081909,SBXE-WT,current,SilverBox Corp V
1682220,SCCD,current,Sachem Capital Corp.
1682220,SCCE,current,Sachem Capital Corp.
1682220,SCCF,current,Sachem Capital Corp.
1682220,SCCG,current,Sachem Capital Corp.
1001838,SCCO,fundamentals,
1341878,SCDA,fundamentals,
92103,SCE-PG,current,SOUTHERN CALIFORNIA EDISON Co
92103,SCE-PL,current,SOUTHERN CALIFORNIA EDISON Co
92103,SCE-PM,fundamentals,
92103,SCE-PN,current,SOUTHERN CALIFORNIA EDISON Co
754737,SCG,delisted_seed,SCANA CORP
1276531,SCGY,fundamentals,
866729,SCHL,fundamentals,
316709,SCHW,fundamentals,
316709,SCHW-PD,current,SCHWAB CHARLES CORP
316709,SCHW-PJ,current,SCHWAB CHARLES CORP
89089,SCI,fundamentals,
830616,SCIA,fundamentals,
2076739,SCII,fundamentals,
2076739,SCIIR,current,SC II Acquisition Corp.
2076739,SCIIU,current,SC II Acquisition Corp.
944075,SCKT,fundamentals,
94049,SCL,fundamentals,
1820190,SCLX,fundamentals,
1820190,SCLXW,current,Scilex Holding Co
1551901,SCM,fundamentals,
87802,SCND,fundamentals,
1611747,SCNI,fundamentals,
1382574,SCNX,fundamentals,
1415311,SCO,current,ProShares Trust II
1158172,SCOR,fundamentals,
2083143,SCPQ,fundamentals,
2083143,SCPQU,current,Social Commerce Partners Corp
2083143,SCPQW,current,Social Commerce Partners Corp
918965,SCSC,fundamentals,
1703157,SCTH,fundamentals,
895447,SCVL,current,SHOE STATION GROUP INC
933972,SCWO,fundamentals,
1178253,SCYX,fundamentals,
1408146,SCYYF,fundamentals,
1349436,SD,fundamentals,
1022505,SDCH,fundamentals,
1389545,SDEV,fundamentals,
1490978,SDGR,fundamentals,
1982518,SDHC,fundamentals,
2034037,SDHI,fundamentals,
2034037,SDHIR,current,Siddhi Acquisition Corp (Cayman Islands)
2034037,SDHIU,current,Siddhi Acquisition Corp (Cayman Islands)
1701756,SDOT,fundamentals,
1737706,SDRL,fundamentals,
1831979,SDST,fundamentals,
1831979,SDSTW,current,Stardust Power Inc.
1163609,SDSYA,fundamentals,
1564902,SEAS,delisted_seed,"SeaWorld Entertainment, Inc."
1856031,SEAT,fundamentals,
1856031,SEATW,current,Vivid Seats Inc.
1763660,SEAV,fundamentals,
88121,SEB,fundamentals,
1419612,SEDG,fundamentals,
1726445,SEER,fundamentals,
2009684,SEG,fundamentals,
1673481,SEGG,fundamentals,
1697500,SEI,fundamentals,
350894,SEIC,fundamentals,
819926,SEII,fundamentals,
1031235,SELF,fundamentals,
1320414,SEM,fundamentals,
1831840,SEMR,fundamentals,
88948,SENEA,fundamentals,
88948,SENEB,current,Seneca Foods Corp
88948,SENEL,current,Seneca Foods Corp
88948,SENEM,current,Seneca Foods Corp
1576197,SENR,fundamentals,
1616543,SENS,fundamentals,
1984086,SEPN,fundamentals,
1708599,SER,fundamentals,
1534969,SERA,fundamentals,
1832483,SERV,fundamentals,
1819142,SES,fundamentals,
1819142,SES-WT,current,SES AI Corp
1786471,SEV,fundamentals,
1452477,SEVN,fundamentals,
1662991,SEZL,fundamentals,
720672,SF,fundamentals,
720672,SF-PB,current,STIFEL FINANCIAL CORP
720672,SF-PC,current,STIFEL FINANCIAL CORP
720672,SF-PD,current,STIFEL FINANCIAL CORP
720672,SFB,current,STIFEL FINANCIAL CORP
1541119,SFBC,fundamentals,
1430723,SFBS,fundamentals,
1624985,SFCX,fundamentals,
91388,SFD,fundamentals,
818677,SFDL,fundamentals,
86115,SFES,fundamentals,
1576942,SFIX,fundamentals,
1575515,SFM,fundamentals,
90498,SFNC,fundamentals,
1106213,SFRX,fundamentals,
1090009,SFST,fundamentals,
1477815,SG,fundamentals,
886136,SGA,fundamentals,
95574,SGC,fundamentals,
1060736,SGEN,delisted_seed,Seagen Inc.
1531177,SGHT,fundamentals,
1206264,SGI,fundamentals,
1433551,SGLA,fundamentals,
1422892,SGLY,fundamentals,
1001233,SGMO,fundamentals,
1400118,SGMT,fundamentals,
1450923,SGOL,fundamentals,
1778922,SGP,fundamentals,
1004989,SGRP,fundamentals,
1638833,SGRY,fundamentals,
1852575,SGST,fundamentals,
1895251,SGTM,fundamentals,
1002590,SGU,fundamentals,
1620533,SHAK,fundamentals,
2068385,SHAZ,fundamentals,
2068385,SHAZW,current,SharonAI Holdings Inc.
1035092,SHBI,fundamentals,
1822479,SHC,fundamentals,
354963,SHEN,fundamentals,
2032609,SHFH,fundamentals,
1854963,SHFS,fundamentals,
1854963,SHFSW,current,"SHF Holdings, Inc."
1874138,SHGI,fundamentals,
1887944,SHIM,fundamentals,
1831651,SHLS,fundamentals,
1295810,SHO,fundamentals,
1295810,SHO-PH,current,"Sunstone Hotel Investors, Inc."
1295810,SHO-PI,current,"Sunstone Hotel Investors, Inc."
895447,SHOE,fundamentals,
913241,SHOO,fundamentals,
1594805,SHOP,fundamentals,
1757499,SHPH,fundamentals,
89800,SHW,fundamentals,
1699350,SI,fundamentals,
1459839,SIBN,fundamentals,
1879726,SIDU,fundamentals,
65596,SIEB,fundamentals,
90168,SIF,fundamentals,
832988,SIG,fundamentals,
1010086,SIGA,fundamentals,
230557,SIGI,fundamentals,
230557,SIGIP,current,SELECTIVE INSURANCE GROUP INC
1642159,SIGY,fundamentals,
1567925,SILA,fundamentals,
1514183,SILO,fundamentals,
2014982,SIMA,fundamentals,
2014982,SIMAU,current,SIM Acquisition Corp. I
2014982,SIMAW,current,SIM Acquisition Corp. I
1269026,SINT,fundamentals,
2036042,SION,fundamentals,
908937,SIRI,fundamentals,
894315,SITC,fundamentals,
1650729,SITE,fundamentals,
1451809,SITM,fundamentals,
1468978,SITS,fundamentals,
1450922,SIVR,fundamentals,
1753673,SJ,fundamentals,
91419,SJM,fundamentals,
1128281,SKAS,fundamentals,
1794942,SKFG,fundamentals,
1774675,SKIL,fundamentals,
1818093,SKIN,fundamentals,
1546853,SKKY,fundamentals,
1801661,SKLZ,current,Firy Inc.
899715,SKT,fundamentals,
1085277,SKVI,fundamentals,
1519449,SKWD,fundamentals,
90896,SKY,fundamentals,
1737995,SKYA,fundamentals,
1737995,SKYAW,current,"SkyAI, Inc."
1516551,SKYE,fundamentals,
1823587,SKYH,fundamentals,
1823587,SKYH-WT,current,Sky Harbour Group Corp
1555017,SKYI,fundamentals,
1812447,SKYQ,fundamentals,
1819974,SKYT,fundamentals,
793733,SKYW,fundamentals,
1598981,SKYX,fundamentals,
1038074,SLAB,fundamentals,
87347,SLB,fundamentals,
1657642,SLBK,fundamentals,
1707502,SLDB,fundamentals,
1427644,SLDC,fundamentals,
1886428,SLDE,fundamentals,
1844862,SLDP,fundamentals,
1844862,SLDPW,current,"Solid Power, Inc."
1621672,SLE,fundamentals,
1040971,SLG,fundamentals,
1040971,SLG-PI,current,SL GREEN REALTY CORP
849869,SLGN,fundamentals,
1032033,SLM,fundamentals,
1032033,SLMBP,current,SLM Corp
1479615,SLN,fundamentals,
1479615,SLNCF,current,Silence Therapeutics plc
1883814,SLND,fundamentals,
1883814,SLND-WT,current,"Southland Holdings, Inc."
1043186,SLNG,fundamentals,
64463,SLNH,fundamentals,
64463,SLNHP,current,"Soluna Holdings, Inc"
1484565,SLNO,fundamentals,
1023459,SLP,fundamentals,
1794783,SLQT,fundamentals,
1418076,SLRC,fundamentals,
1390478,SLS,fundamentals,
883107,SLSN,fundamentals,
1508786,SLTN,fundamentals,
1330568,SLV,fundamentals,
1856485,SLVM,fundamentals,
2022416,SLXN,fundamentals,
2022416,SLXNW,current,Silexion Therapeutics Corp
893538,SM,fundamentals,
1585389,SMA,fundamentals,
1366561,SMAR,delisted_seed,SMARTSHEET INC
916907,SMBC,fundamentals,
1038773,SMBK,fundamentals,
2024218,SMC,fundamentals,
1375365,SMCI,fundamentals,
825542,SMG,fundamentals,
1690334,SMHI,fundamentals,
924719,SMID,fundamentals,
1599298,SMMT,fundamentals,
1913577,SMNR,fundamentals,
1913577,SMNRW,current,"Semnur Pharmaceuticals, Inc."
93389,SMP,fundamentals,
1702744,SMPL,fundamentals,
1822966,SMR,fundamentals,
1837014,SMRT,fundamentals,
948708,SMSI,fundamentals,
88941,SMTC,fundamentals,
714256,SMTI,fundamentals,
1817760,SMTK,fundamentals,
1519472,SMXT,fundamentals,
1957132,SN,fundamentals,
91440,SNA,fundamentals,
1886894,SNAL,fundamentals,
1564408,SNAP,fundamentals,
1358633,SNBH,fundamentals,
827187,SNBR,current,Sleep Number Corp
827187,SNBRQ,fundamentals,
1743907,SNCY,fundamentals,
1529628,SND,fundamentals,
1043000,SNDA,fundamentals,
2023554,SNDK,fundamentals,
1692063,SNDR,fundamentals,
1395937,SNDX,fundamentals,
1680378,SNES,fundamentals,
913760,SNEX,fundamentals,
318673,SNFCA,fundamentals,
812796,SNGX,fundamentals,
1313938,SNNC,fundamentals,
2072421,SNNF,fundamentals,
1367083,SNOA,fundamentals,
1640147,SNOW,fundamentals,
883241,SNPS,fundamentals,
1343465,SNPW,fundamentals,
1652539,SNRG,fundamentals,
1829802,SNSE,current,"Faeth Therapeutics, Inc."
1854270,SNTI,fundamentals,
889353,SNTL,fundamentals,
1619096,SNTW,fundamentals,
1417663,SNWV,fundamentals,
1177394,SNX,fundamentals,
1562733,SNYR,fundamentals,
92122,SO,fundamentals,
1853070,SOAR,fundamentals,
1853070,SOARW,current,"Volato Group, Inc."
1425627,SOBR,fundamentals,
1831481,SOC,fundamentals,
2065948,SOCA,fundamentals,
2065948,SOCAU,current,Solarius Capital Acquisition Corp.
2065948,SOCAW,current,Solarius Capital Acquisition Corp.
91668,SODI,fundamentals,
1818874,SOFI,fundamentals,
1313536,SOHOB,fundamentals,
1301236,SOHON,fundamentals,
1301236,SOHOO,current,Sotherly Hotels Inc.
92122,SOJC,current,SOUTHERN CO
92122,SOJD,current,SOUTHERN CO
92122,SOJE,current,SOUTHERN CO
92122,SOJF,current,SOUTHERN CO
2041869,SOLC,fundamentals,
2064953,SOLS,fundamentals,
1964738,SOLV,fundamentals,
92122,SOMN,current,SOUTHERN CO
91767,SON,fundamentals,
1178697,SONM,fundamentals,
1314727,SONO,fundamentals,
1407973,SONX,fundamentals,
1817511,SOPAQ,fundamentals,
2086263,SORN,fundamentals,
2086263,SORNU,current,Soren Acquisition Corp.
2086263,SORNW,current,Soren Acquisition Corp.
806172,SOTK,fundamentals,
2025608,SOUL,fundamentals,
2025608,SOUL-RI,current,Soulpower Acquisition Corp.
2025608,SOUL-UN,current,Soulpower Acquisition Corp.
1840856,SOUN,fundamentals,
1840856,SOUNW,current,"SOUNDHOUND AI, INC."
1490161,SOWG,fundamentals,
1471824,SOYB,current,Teucrium Commodity Trust
2011208,SPAI,fundamentals,
109177,SPB,fundamentals,
1706946,SPCE,fundamentals,
2028735,SPEG,fundamentals,
2028735,SPEGR,current,Silver Pegasus Acquisition Corp.
2028735,SPEGU,current,Silver Pegasus Acquisition Corp.
1163668,SPFI,fundamentals,
1807893,SPFX,fundamentals,
1063761,SPG,fundamentals,
1063761,SPG-PJ,current,SIMON PROPERTY GROUP INC.
64040,SPGI,fundamentals,
1005210,SPH,fundamentals,
1795250,SPHR,fundamentals,
1816017,SPIR,fundamentals,
1884046,SPKL,fundamentals,
1884046,SPKLU,current,Spark I Acquisition Corp
1884046,SPKLW,current,Spark I Acquisition Corp
1353283,SPLK,delisted_seed,SPLUNK INC
867038,SPND,fundamentals,
1576018,SPNT,fundamentals,
1289945,SPOK,fundamentals,
803097,SPQS,fundamentals,
1683553,SPRB,fundamentals,
1701108,SPRO,fundamentals,
747540,SPRS,fundamentals,
1772720,SPRU,fundamentals,
1671858,SPRY,fundamentals,
1092699,SPSC,fundamentals,
1192323,SPST,fundamentals,
1517375,SPT,fundamentals,
2042347,SPTX,fundamentals,
1840102,SPTY,fundamentals,
1132105,SPWH,fundamentals,
1838987,SPWR,fundamentals,
1838987,SPWRW,current,SunPower Inc.
88205,SPXC,fundamentals,
1080657,SQFT,fundamentals,
1080657,SQFTP,current,"Presidio Property Trust, Inc."
1080657,SQFTW,current,"Presidio Property Trust, Inc."
1605888,SQLLW,current,ATLANTIC INTERNATIONAL CORP.
1496963,SQSP,delisted_seed,"Squarespace, Inc."
1126956,SR,fundamentals,
1951276,SRBK,fundamentals,
34782,SRCE,fundamentals,
318299,SRCO,fundamentals,
1032208,SRE,fundamentals,
1032208,SREA,current,SEMPRA
1936224,SRFM,fundamentals,
1628063,SRG,fundamentals,
1628063,SRG-PA,current,Seritage Growth Properties
1401835,SRGZ,fundamentals,
1043337,SRI,fundamentals,
1126956,SRJN,current,SPIRE INC
873303,SRPT,fundamentals,
1083490,SRRE,fundamentals,
1727196,SRRK,fundamentals,
1779128,SRTA,fundamentals,
1494891,SRTS,fundamentals,
1471727,SRXH,fundamentals,
1824893,SRZN,fundamentals,
1824893,SRZNW,current,"Surrozen, Inc./DE"
2081300,SSAC,fundamentals,
2081300,SSACR,current,SPACSphere Acquisition Corp.
2081300,SSACU,current,SPACSphere Acquisition Corp.
2081300,SSACW,current,SPACSphere Acquisition Corp.
764038,SSB,fundamentals,
920371,SSD,fundamentals,
2059165,SSEA,fundamentals,
2059165,SSEAR,current,STARRY SEA ACQUISITION CORP
2059165,SSEAU,current,STARRY SEA ACQUISITION CORP
1584693,SSGC,fundamentals,
1975222,SSHT,fundamentals,
1676163,SSII,fundamentals,
1051514,SSKN,fundamentals,
1840416,SSM,fundamentals,
1402436,SSNC,fundamentals,
832428,SSP,fundamentals,
921638,SSRGF,current,SSR MINING INC.
921638,SSRM,fundamentals,
1509470,SSSS,fundamentals,
1509470,SSSSL,current,SURO CAPITAL CORP.
1805833,SST,fundamentals,
1351636,SSTI,fundamentals,
1549346,SSTK,fundamentals,
1805833,SSTPW,current,"System1, Inc."
1477294,ST,fundamentals,
718937,STAA,fundamentals,
1479094,STAG,fundamentals,
1994624,STAI,fundamentals,
719220,STBA,fundamentals,
94344,STC,fundamentals,
1539850,STCB,fundamentals,
1757898,STE,fundamentals,
1511820,STEK,fundamentals,
1473844,STEL,fundamentals,
1758766,STEM,fundamentals,
1796022,STEP,fundamentals,
1530766,STEX,fundamentals,
876883,STGW,fundamentals,
1953366,STHO,fundamentals,
1881551,STI,fundamentals,
1227636,STIM,fundamentals,
1399520,STKS,fundamentals,
93451,STL,delisted_seed,STERLING BANCORP
1022671,STLD,fundamentals,
779227,STLE,fundamentals,
797465,STLY,fundamentals,
1493712,STME,fundamentals,
1623526,STOK,fundamentals,
847942,STQN,fundamentals,
1013934,STRA,fundamentals,
1050446,STRC,current,Strategy Inc
1050446,STRD,current,Strategy Inc
1050446,STRF,current,Strategy Inc
1803096,STRG,fundamentals,
1050446,STRK,current,Strategy Inc
874238,STRL,fundamentals,
1382101,STRO,fundamentals,
1210708,STRR,fundamentals,
1210708,STRRP,current,"Star Equity Holdings, Inc."
885508,STRS,fundamentals,
933034,STRT,fundamentals,
1782430,STRW,fundamentals,
929351,STRZ,fundamentals,
1698538,STSR,fundamentals,
1737995,STSS,current,"SkyAI, Inc."
93751,STT,fundamentals,
93751,STT-PG,current,STATE STREET CORP
1680367,STTK,fundamentals,
1337634,STUB,fundamentals,
1465128,STWD,fundamentals,
1999261,STWI,fundamentals,
1137789,STX,fundamentals,
1289340,STXS,fundamentals,
16918,STZ,fundamentals,
912593,SUI,fundamentals,
1394108,SUIC,fundamentals,
1425355,SUIG,fundamentals,
1571371,SUM,delisted_seed,"Summit Materials, LLC"
2105838,SUMA,fundamentals,
2105838,SUMAR,current,SUMA Acquisition Corp
2105838,SUMAU,current,SUMA Acquisition Corp
1552275,SUN,fundamentals,
2083785,SUNB,fundamentals,
2089661,SUNC,fundamentals,
1171838,SUND,fundamentals,
22701,SUNE,fundamentals,
2012706,SUNS,fundamentals,
1356576,SUPN,fundamentals,
1392694,SURG,fundamentals,
2074850,SVAC,fundamentals,
2074850,SVACU,current,Spring Valley Acquisition Corp. III
2074850,SVACW,current,Spring Valley Acquisition Corp. III
2085659,SVAQ,fundamentals,
2085659,SVAQU,current,Silicon Valley Acquisition Corp.
2085659,SVAQW,current,Silicon Valley Acquisition Corp.
1031093,SVBL,fundamentals,
945394,SVC,fundamentals,
2033593,SVCC,fundamentals,
2033593,SVCCU,current,Stellar V Capital Corp. (Cayman Islands)
2033593,SVCCW,current,Stellar V Capital Corp. (Cayman Islands)
1943289,SVCO,fundamentals,
2098242,SVIV,fundamentals,
2098242,SVIVU,current,Spring Valley Acquisition Corp. IV
2098242,SVIVW,current,Spring Valley Acquisition Corp. IV
1647822,SVMB,fundamentals,
1160308,SVRA,fundamentals,
1883313,SVV,fundamentals,
1495584,SVVC,fundamentals,
1415311,SVXY,current,ProShares Trust II
2005951,SW,fundamentals,
1872525,SWAG,fundamentals,
1872525,SWAGW,current,"Stran & Company, Inc."
1642545,SWAV,delisted_seed,"Shockwave Medical, Inc."
1092796,SWBI,fundamentals,
1711929,SWDR,current,"Starwood Real Estate Income Trust, Inc."
1711929,SWDS,fundamentals,
1833197,SWIM,fundamentals,
93556,SWK,fundamentals,
1089907,SWKH,current,SWK Holdings Corp
1089907,SWKHL,fundamentals,
4127,SWKS,fundamentals,
2092574,SWMR,fundamentals,
1692115,SWX,fundamentals,
1514705,SXC,fundamentals,
310354,SXI,fundamentals,
310142,SXT,fundamentals,
1946563,SXTP,fundamentals,
1946563,SXTPW,current,"60 DEGREES PHARMACEUTICALS, INC."
835324,SYBT,fundamentals,
1527599,SYBX,fundamentals,
1601712,SYF,fundamentals,
1601712,SYF-PA,current,Synchrony Financial
1601712,SYF-PB,current,Synchrony Financial
310764,SYK,fundamentals,
1837240,SYM,fundamentals,
817720,SYNA,fundamentals,
864240,SYPR,fundamentals,
1922335,SYRA,fundamentals,
1636282,SYRE,fundamentals,
96021,SYY,fundamentals,
2030663,SZZL,fundamentals,
2030663,SZZLR,current,Sizzle Acquisition Corp. II
2030663,SZZLU,current,Sizzle Acquisition Corp. II
732717,T,fundamentals,
732717,T-PA,current,AT&T INC.
732717,T-PC,current,AT&T INC.
1386044,TAAG,fundamentals,
2009183,TACH,fundamentals,
2009183,TACHU,current,Titan Acquisition Corp.
2009183,TACHW,current,Titan Acquisition Corp.
2033122,TACO,fundamentals,
2033122,TACOU,current,Berto Acquisition Corp.
2033122,TACOW,current,Berto Acquisition Corp.
1017303,TACT,fundamentals,
1471824,TAGS,current,Teucrium Commodity Trust
942126,TAIT,fundamentals,
1803901,TALK,fundamentals,
1803901,TALKW,current,"Talkspace, Inc."
1724965,TALO,fundamentals,
1571934,TAOX,fundamentals,
24545,TAP,fundamentals,
24545,TAP-A,current,MOLSON COORS BEVERAGE CO
1359931,TARA,fundamentals,
1819790,TARS,fundamentals,
1829864,TASK,fundamentals,
2020385,TAVI,fundamentals,
2020385,TAVIR,current,Tavia Acquisition Corp.
2020385,TAVIU,current,Tavia Acquisition Corp.
96536,TAYD,fundamentals,
732717,TBB,current,AT&T INC.
1295401,TBBK,fundamentals,
1493761,TBCH,fundamentals,
1903595,TBH,fundamentals,
1056285,TBHC,fundamentals,
768899,TBI,fundamentals,
1840502,TBLA,fundamentals,
1840502,TBLAW,current,Taboola.com Ltd.
1934945,TBMC,fundamentals,
1997652,TBN,fundamentals,
1997652,TBNRL,current,Tamboran Resources Corp
1583107,TBPH,fundamentals,
1169445,TBRG,fundamentals,
1090396,TBTC,fundamentals,
1077428,TCBI,fundamentals,
1077428,TCBIO,current,TEXAS CAPITAL BANCSHARES INC/TX
356171,TCBK,fundamentals,
1849466,TCBS,fundamentals,
1781730,TCBX,fundamentals,
733590,TCI,fundamentals,
1027838,TCMD,fundamentals,
1754195,TCNNF,current,Trulieve Cannabis Corp.
1370755,TCPC,fundamentals,
1879270,TCRG,fundamentals,
1481443,TCRI,fundamentals,
1107421,TCRT,fundamentals,
1783328,TCRX,fundamentals,
909494,TCX,fundamentals,
1926599,TDAC,fundamentals,
1926599,TDACU,current,Translational Development Acquisition Corp.
1926599,TDACW,current,Translational Development Acquisition Corp.
1579684,TDAY,fundamentals,
816761,TDC,fundamentals,
98222,TDDWW,current,TIDEWATER INC
1260221,TDG,fundamentals,
98222,TDGMW,current,TIDEWATER INC
1477449,TDOC,fundamentals,
2064314,TDOG,fundamentals,
1051512,TDS,fundamentals,
1051512,TDS-PU,current,TELEPHONE & DATA SYSTEMS INC /DE/
1051512,TDS-PV,current,TELEPHONE & DATA SYSTEMS INC /DE/
1484778,TDUP,fundamentals,
98222,TDW,fundamentals,
2076616,TDWD,fundamentals,
2076616,TDWDR,current,Tailwind 2.0 Acquisition Corp.
2076616,TDWDU,current,Tailwind 2.0 Acquisition Corp.
1094285,TDY,fundamentals,
1992243,TE,fundamentals,
1992243,TE-WT,current,T1 Energy Inc.
1454938,TEAD,fundamentals,
1650372,TEAM,fundamentals,
842023,TECH,fundamentals,
1681087,TECX,fundamentals,
1385157,TEL,fundamentals,
1561921,TELA,fundamentals,
1971532,TELO,fundamentals,
1717115,TEM,fundamentals,
1660280,TENB,fundamentals,
34956,TENX,fundamentals,
97210,TER,fundamentals,
1514056,TESI,fundamentals,
1900679,TETEF,fundamentals,
1992508,TETH,fundamentals,
1900679,TETUF,current,Technology & Telecommunication Acquisition Corp
1900679,TETWF,current,Technology & Telecommunication Acquisition Corp
818686,TEVA,fundamentals,
818686,TEVJF,current,TEVA PHARMACEUTICAL INDUSTRIES LTD
97216,TEX,fundamentals,
92230,TFC,fundamentals,
92230,TFC-PI,current,TRUIST FINANCIAL CORP
92230,TFC-PO,current,TRUIST FINANCIAL CORP
92230,TFC-PR,current,TRUIST FINANCIAL CORP
1539638,TFIN,fundamentals,
1539638,TFIN-P,current,"Triumph Financial, Inc."
1577134,TFSA,fundamentals,
1381668,TFSL,fundamentals,
96943,TFX,fundamentals,
850429,TG,fundamentals,
1815632,TGCB,fundamentals,
1537435,TGEN,fundamentals,
1905956,TGL,fundamentals,
1066684,TGLO,fundamentals,
1534675,TGLS,fundamentals,
846377,TGNT,fundamentals,
27419,TGT,fundamentals,
1001316,TGTX,fundamentals,
1712189,TH,fundamentals,
70318,THC,fundamentals,
714562,THFF,fundamentals,
944695,THG,fundamentals,
1134115,THM,fundamentals,
711034,THMG,fundamentals,
730263,THO,fundamentals,
1489096,THR,fundamentals,
1409253,THRC,current,"Havana Roasters Coffee Companies, Inc."
903129,THRM,fundamentals,
1556739,THRY,fundamentals,
2029303,THTG,fundamentals,
2032966,TIC,fundamentals,
2032966,TICAW,current,"TIC Solutions, Inc."
98246,TIF,delisted_seed,TIFFANY & CO
1789769,TIL,fundamentals,
715787,TILE,fundamentals,
1393726,TIPT,fundamentals,
318833,TISI,fundamentals,
1409171,TITN,fundamentals,
109198,TJX,fundamentals,
1429393,TKLS,fundamentals,
1850902,TKNO,fundamentals,
1973266,TKO,fundamentals,
1094084,TKOI,fundamentals,
98362,TKR,fundamentals,
909724,TLF,fundamentals,
1879814,TLGUF,current,TLGY ACQUISITION CORP
1879814,TLGWF,current,TLGY ACQUISITION CORP
1879814,TLGYF,fundamentals,
1761510,TLLTF,fundamentals,
1622536,TLN,fundamentals,
2073340,TLNC,fundamentals,
2073340,TLNCU,current,Talon Capital Corp.
2073340,TLNCW,current,Talon Capital Corp.
1427925,TLPH,fundamentals,
1731348,TLRY,fundamentals,
320121,TLS,fundamentals,
1826667,TLSI,fundamentals,
1826667,TLSIW,current,"TriSalus Life Sciences, Inc."
1463208,TLSS,fundamentals,
1524025,TLYS,fundamentals,
1798562,TMC,fundamentals,
1630627,TMCI,fundamentals,
1798562,TMCWW,current,TMC the metals Co Inc.
1756262,TMDX,fundamentals,
1434601,TMGI,fundamentals,
1562476,TMHC,fundamentals,
97745,TMO,fundamentals,
1005817,TMP,fundamentals,
1543418,TMQ,fundamentals,
1445942,TMRC,fundamentals,
2048951,TMS,fundamentals,
2097364,TMTS,fundamentals,
2097364,TMTSU,current,Spartacus Acquisition Corp. II
2097364,TMTSW,current,Spartacus Acquisition Corp. II
1283699,TMUS,fundamentals,
1283699,TMUSI,current,"T-Mobile US, Inc."
1283699,TMUSL,current,"T-Mobile US, Inc."
1283699,TMUSZ,current,"T-Mobile US, Inc."
1452011,TNBI,fundamentals,
97134,TNC,fundamentals,
1438133,TNDM,fundamentals,
937098,TNET,fundamentals,
1819133,TNGX,fundamentals,
1361658,TNL,fundamentals,
1560293,TNON,fundamentals,
1560293,TNONW,current,"Tenon Medical, Inc."
1430306,TNXP,fundamentals,
1858848,TNYA,fundamentals,
730349,TOFB,fundamentals,
1349706,TOGI,fundamentals,
1349706,TOGIW,current,"TurnOnGreen, Inc."
1799191,TOI,fundamentals,
1799191,TOIIW,current,"Oncology Institute, Inc."
794170,TOL,fundamentals,
314227,TOMZ,fundamentals,
1566610,TONX,fundamentals,
1355848,TOON,fundamentals,
1960847,TOPP,fundamentals,
1650164,TOST,fundamentals,
894158,TOVX,fundamentals,
2028835,TOXR,fundamentals,
1290677,TPB,fundamentals,
77543,TPC,fundamentals,
1328792,TPCS,fundamentals,
1898766,TPET,fundamentals,
1880661,TPG,fundamentals,
1880661,TPGXL,current,TPG Inc.
1561680,TPH,fundamentals,
724742,TPHS,fundamentals,
1455684,TPICQ,fundamentals,
1811074,TPL,fundamentals,
1116132,TPR,fundamentals,
1544227,TPST,fundamentals,
1674356,TPTA,current,"Terra Property Trust, Inc."
1674356,TPTS,fundamentals,
1595893,TPTX,delisted_seed,"Turning Point Therapeutics, Inc."
1580345,TPVG,fundamentals,
1206264,TPX,delisted_seed,"TEMPUR SEALY INTERNATIONAL, INC."
98677,TR,fundamentals,
2085485,TRAD,fundamentals,
2085485,TRAD-RI,current,APEX Tech Acquisition Inc.
2085485,TRAD-UN,current,APEX Tech Acquisition Inc.
50471,TRAK,fundamentals,
1130598,TRAW,fundamentals,
2091349,TRAX,fundamentals,
96869,TRC,fundamentals,
1045942,TRCK,fundamentals,
1689375,TRDA,fundamentals,
1434621,TREE,fundamentals,
1069878,TREX,fundamentals,
1389170,TRGP,fundamentals,
2098780,TRGS,fundamentals,
2098780,TRGSR,current,TRG Latin America Acquisitions Corp.
2098780,TRGSU,current,TRG Latin America Acquisitions Corp.
1786108,TRIN,fundamentals,
1786108,TRINI,current,Trinity Capital Inc.
1786108,TRINZ,current,Trinity Capital Inc.
1526520,TRIP,fundamentals,
1550453,TRLC,fundamentals,
1648636,TRLEF,fundamentals,
1754195,TRLV,fundamentals,
864749,TRMB,fundamentals,
36146,TRMK,fundamentals,
99780,TRN,fundamentals,
1476150,TRNO,fundamentals,
1785056,TRNR,fundamentals,
99302,TRNS,fundamentals,
98677,TROLB,current,TOOTSIE ROLL INDUSTRIES INC
1956744,TRON,fundamentals,
1113169,TROW,fundamentals,
1530804,TROX,fundamentals,
842633,TRS,fundamentals,
1758699,TRSO,fundamentals,
357301,TRST,fundamentals,
732026,TRT,fundamentals,
1660734,TRTN-PA,fundamentals,
1660734,TRTN-PB,current,Triton International Ltd
1660734,TRTN-PC,current,Triton International Ltd
1660734,TRTN-PD,current,Triton International Ltd
1660734,TRTN-PE,current,Triton International Ltd
1660734,TRTN-PF,current,Triton International Ltd
1660734,TRTN-PG,current,Triton International Ltd
1630472,TRTX,fundamentals,
1630472,TRTX-PC,current,"TPG RE Finance Trust, Inc."
1552033,TRU,fundamentals,
1857086,TRUG,fundamentals,
1371285,TRUP,fundamentals,
86312,TRV,fundamentals,
1563880,TRVI,fundamentals,
1916558,TRWD,fundamentals,
1437750,TRXA,fundamentals,
1046050,TSBK,fundamentals,
916365,TSCO,fundamentals,
1519061,TSEOF,current,Trinseo PLC
1519061,TSEOQ,fundamentals,
1806310,TSHA,fundamentals,
1318605,TSLA,fundamentals,
1508655,TSLX,fundamentals,
100493,TSN,fundamentals,
1778129,TSNDF,fundamentals,
2028834,TSOL,fundamentals,
1823593,TSPH,fundamentals,
1499832,TSQ,fundamentals,
721683,TSS,delisted_seed,TOTAL SYSTEM SERVICES INC
1320760,TSSI,fundamentals,
2061626,TSUI,fundamentals,
1466258,TT,fundamentals,
1638826,TTAN,fundamentals,
737758,TTC,fundamentals,
1671933,TTD,fundamentals,
1013880,TTEC,fundamentals,
831641,TTEK,fundamentals,
2018064,TTGT,fundamentals,
844965,TTI,fundamentals,
1116942,TTMI,fundamentals,
2023016,TTRX,fundamentals,
1552800,TTSH,fundamentals,
946581,TTWO,fundamentals,
875355,TULP,fundamentals,
1679268,TUSK,fundamentals,
2033991,TVA,fundamentals,
2033991,TVACU,current,Texas Ventures Acquisition III Corp
2033991,TVACW,current,Texas Ventures Acquisition III Corp
1872228,TVAI,fundamentals,
1872228,TVAIR,current,Thayer Ventures Acquisition Corp II
1872228,TVAIU,current,Thayer Ventures Acquisition Corp II
1376986,TVC,current,Tennessee Valley Authority
1952670,TVCN,fundamentals,
1376986,TVE,fundamentals,
1860871,TVGN,fundamentals,
1860871,TVGNW,current,Tevogen Bio Holdings Inc.
1346830,TVRD,fundamentals,
1438533,TVTX,fundamentals,
1758730,TW,fundamentals,
746210,TWAV,fundamentals,
2007596,TWFG,fundamentals,
899751,TWI,fundamentals,
100378,TWIN,fundamentals,
1447669,TWLO,fundamentals,
2052243,TWLV,fundamentals,
2052243,TWLVR,current,Twelve Seas Investment Co III/Cayman
2052243,TWLVU,current,Twelve Seas Investment Co III/Cayman
2011954,TWNPQ,fundamentals,
1465740,TWO,fundamentals,
1465740,TWO-PA,current,TWO HARBORS INVESTMENT CORP.
1465740,TWO-PB,current,TWO HARBORS INVESTMENT CORP.
1465740,TWO-PC,current,TWO HARBORS INVESTMENT CORP.
1465740,TWOD,current,TWO HARBORS INVESTMENT CORP.
1494413,TWOH,fundamentals,
1581280,TWST,fundamentals,
1418091,TWTR,delisted_seed,Twitter Inc
1105705,TWX,delisted_seed,TIME WARNER LLC
1770787,TXG,fundamentals,
25743,TXMD,fundamentals,
97476,TXN,fundamentals,
1108426,TXNM,fundamentals,
1559432,TXO,fundamentals,
1289460,TXRH,fundamentals,
1133798,TXRP,fundamentals,
217346,TXT,fundamentals,
1725262,TYFG,fundamentals,
1855447,TYGO,fundamentals,
860731,TYL,fundamentals,
1863127,TYRA,fundamentals,
1133311,TZOO,fundamentals,
1810806,U,fundamentals,
1336917,UA,current,"Under Armour, Inc."
1336917,UAA,fundamentals,
2098669,UAC,fundamentals,
2098669,UAC-UN,current,United Acquisition Corp. I
2098669,UAC-WT,current,United Acquisition Corp. I
100517,UAL,fundamentals,
101538,UAMY,fundamentals,
1425292,UAN,fundamentals,
8504,UAVS,fundamentals,
731653,UBCP,fundamentals,
1543151,UBER,fundamentals,
1137547,UBFO,fundamentals,
1511737,UBNT,delisted_seed,"Ubiquiti Networks, Inc."
1087456,UBOH,fundamentals,
729986,UBSI,fundamentals,
787496,UBYH,fundamentals,
1723517,UCASU,fundamentals,
857855,UCB,fundamentals,
1901203,UCFI,fundamentals,
1901203,UCFIW,current,CN Healthy Food Tech Group Corp.
1543623,UCLE,fundamentals,
1415311,UCO,current,ProShares Trust II
1275014,UCTT,fundamentals,
1607939,UDMY,fundamentals,
1383149,UDN,fundamentals,
74208,UDR,fundamentals,
1611547,UE,fundamentals,
1334933,UEC,fundamentals,
1096938,UEEC,fundamentals,
101984,UEIC,fundamentals,
101199,UFCS,fundamentals,
100726,UFI,fundamentals,
912767,UFPI,fundamentals,
914156,UFPT,fundamentals,
101295,UG,fundamentals,
1396878,UGA,fundamentals,
884614,UGI,fundamentals,
1415311,UGL,current,ProShares Trust II
1706524,UGRO,current,"Flash Sports & Media Holdings, Inc."
4457,UHAL,fundamentals,
4457,UHAL-B,current,U-Haul Holding Co /NV/
1830188,UHG,fundamentals,
1830188,UHGWW,current,"United Homes Group, Inc."
352915,UHS,fundamentals,
798783,UHT,fundamentals,
1511737,UI,fundamentals,
746838,UIS,fundamentals,
875657,ULBI,fundamentals,
1670076,ULCC,fundamentals,
1415311,ULE,current,ProShares Trust II
1308208,ULH,fundamentals,
1901440,ULS,fundamentals,
1403568,ULTA,fundamentals,
1603652,ULYX,fundamentals,
1956955,UMAC,fundamentals,
101382,UMBF,fundamentals,
101382,UMBFO,current,UMB FINANCIAL CORP
1114936,UMEW,fundamentals,
752642,UMH,fundamentals,
752642,UMH-PD,current,"UMH PROPERTIES, INC."
706863,UNB,fundamentals,
1766140,UNCY,fundamentals,
717954,UNF,fundamentals,
1020859,UNFI,fundamentals,
1376227,UNG,fundamentals,
731766,UNH,fundamentals,
2020795,UNIT,fundamentals,
1405513,UNL,fundamentals,
5513,UNM,fundamentals,
5513,UNMA,current,Unum Group
100885,UNP,fundamentals,
798949,UNTC,fundamentals,
798949,UNTCW,current,UNIT CORP
920427,UNTY,fundamentals,
1751707,UNXP,current,OZ VISION INC.
1041657,UONE,fundamentals,
1041657,UONEK,current,"URBAN ONE, INC."
1819516,UP,fundamentals,
2022626,UPB,fundamentals,
933036,UPBD,fundamentals,
1505155,UPLD,fundamentals,
1090727,UPS,fundamentals,
1647639,UPST,fundamentals,
1627475,UPWK,fundamentals,
1775194,UPXI,fundamentals,
1677897,UPYY,fundamentals,
912615,URBN,fundamentals,
1375205,URG,fundamentals,
1668243,URGN,fundamentals,
1067701,URI,fundamentals,
2084261,URSB,fundamentals,
1522727,USAC,fundamentals,
856984,USAQ,fundamentals,
1970622,USAR,fundamentals,
27093,USAU,fundamentals,
36104,USB,fundamentals,
36104,USB-PA,current,US BANCORP \DE\
36104,USB-PH,current,US BANCORP \DE\
36104,USB-PP,current,US BANCORP \DE\
36104,USB-PQ,current,US BANCORP \DE\
36104,USB-PR,current,US BANCORP \DE\
36104,USB-PS,current,US BANCORP \DE\
1074828,USBC,fundamentals,
1901637,USCB,fundamentals,
1479247,USCI,fundamentals,
1610682,USDP,fundamentals,
1977837,USDW,fundamentals,
101594,USEG,current,BIG SKY INDUSTRIAL INC.
1665918,USFD,fundamentals,
1947244,USGO,fundamentals,
1088034,USIO,fundamentals,
1405528,USL,fundamentals,
82020,USLM,fundamentals,
896264,USNA,fundamentals,
1327068,USO,fundamentals,
885978,USPH,fundamentals,
832480,UTGN,fundamentals,
1082554,UTHR,fundamentals,
1261654,UTI,fundamentals,
1919182,UTKN,fundamentals,
755001,UTL,fundamentals,
706698,UTMD,fundamentals,
1739566,UTZ,fundamentals,
1383151,UUP,fundamentals,
102109,UUU,fundamentals,
1385849,UUUU,fundamentals,
891166,UVE,fundamentals,
102212,UVSP,fundamentals,
102037,UVV,fundamentals,
1415311,UVXY,current,ProShares Trust II
898171,UWHR,fundamentals,
1783398,UWMC,fundamentals,
2036973,UYSC,fundamentals,
2036973,UYSCR,current,UY Scuti Acquisition Corp.
2036973,UYSCU,current,UY Scuti Acquisition Corp.
821130,UZD,current,"ARRAY DIGITAL INFRASTRUCTURE, INC."
821130,UZE,current,"ARRAY DIGITAL INFRASTRUCTURE, INC."
821130,UZF,current,"ARRAY DIGITAL INFRASTRUCTURE, INC."
1403161,V,fundamentals,
1572334,VABK,fundamentals,
1524358,VAC,fundamentals,
2006815,VACH,fundamentals,
2006815,VACHU,current,Voyager Acquisition Corp./Cayman Islands
2006815,VACHW,current,Voyager Acquisition Corp./Cayman Islands
2080023,VACI,fundamentals,
2080023,VACI-UN,current,Viking Acquisition Corp I
2080023,VACI-WT,current,Viking Acquisition Corp I
314808,VAL,fundamentals,
314808,VAL-WT,current,Valaris Ltd
717720,VALU,fundamentals,
1266806,VANI,fundamentals,
839087,VASO,fundamentals,
1006837,VATE,fundamentals,
2060717,VAVX,fundamentals,
1787740,VBIO,fundamentals,
1111335,VC,fundamentals,
887359,VCEL,fundamentals,
1205922,VCNX,fundamentals,
1570827,VCTR,fundamentals,
1384101,VCYT,fundamentals,
2033264,VDTA,fundamentals,
2081690,VECA,fundamentals,
2081690,VECA-RI,current,Vernal Capital Acquisition Corp.
2081690,VECA-UN,current,Vernal Capital Acquisition Corp.
103145,VECO,fundamentals,
1840317,VEEA,fundamentals,
1840317,VEEAW,current,VEEA INC.
1855509,VEEE,fundamentals,
1393052,VEEV,fundamentals,
1692376,VEL,fundamentals,
1825079,VELO,fundamentals,
1800392,VENAF,current,MicroAlgo Inc.
1770501,VENU,fundamentals,
1831828,VERA,fundamentals,
1615165,VERI,fundamentals,
1409269,VERO,fundamentals,
863894,VERU,fundamentals,
1806837,VERX,fundamentals,
1594968,VEST,fundamentals,
103379,VFC,fundamentals,
1584549,VFF,fundamentals,
2007855,VG,fundamentals,
1841425,VGAS,fundamentals,
1841425,VGASW,current,"Verde Clean Fuels, Inc."
1746119,VGES,fundamentals,
1091326,VGLS,fundamentals,
1091326,VGLSD,current,"SB Technology Holdings, Inc."
2078008,VGNT,fundamentals,
783324,VGZ,fundamentals,
1880431,VHABW,current,Vocodia Holdings Corp
1880431,VHAI,fundamentals,
1880431,VHAIW,current,Vocodia Holdings Corp
1082324,VHC,fundamentals,
2086264,VHCP,fundamentals,
2086264,VHCPU,current,Vine Hill Capital Investment Corp. II
2086264,VHCPW,current,Vine Hill Capital Investment Corp. II
59255,VHI,fundamentals,
1972234,VHUB,fundamentals,
1603015,VIA,fundamentals,
813828,VIAB,delisted_seed,VIACOM INC
1606268,VIASP,fundamentals,
912093,VIAV,fundamentals,
1705696,VICI,fundamentals,
1468639,VICP,fundamentals,
751978,VICR,fundamentals,
1973062,VIDA,fundamentals,
1470129,VIIQ,fundamentals,
1832161,VIPZ,fundamentals,
1706431,VIR,fundamentals,
751365,VIRC,fundamentals,
1592386,VIRT,fundamentals,
1565228,VISL,fundamentals,
1082733,VISM,fundamentals,
1517228,VISN,fundamentals,
1579733,VITL,fundamentals,
1703073,VIVC,fundamentals,
1450704,VIVK,fundamentals,
1497253,VIVS,fundamentals,
1415311,VIXM,current,ProShares Trust II
1415311,VIXY,current,ProShares Trust II
1607678,VKTX,fundamentals,
1825079,VLDXW,current,"Velo3D, Inc."
103595,VLGEA,fundamentals,
1035002,VLO,fundamentals,
1967680,VLTO,fundamentals,
714310,VLY,fundamentals,
714310,VLYPN,current,VALLEY NATIONAL BANCORP
714310,VLYPO,current,VALLEY NATIONAL BANCORP
714310,VLYPP,current,VALLEY NATIONAL BANCORP
1396009,VMC,fundamentals,
1892747,VMCAF,fundamentals,
1892747,VMCUF,current,Valuence Merger Corp. I
1892747,VMCWF,current,Valuence Merger Corp. I
1729149,VMD,fundamentals,
102729,VMI,fundamentals,
1605057,VMNT,fundamentals,
1124610,VMW,delisted_seed,"VMWARE, INC."
1579157,VNCE,fundamentals,
1347178,VNDA,fundamentals,
1532383,VNJA,fundamentals,
2055879,VNME,fundamentals,
2055879,VNMEU,current,Vendome Acquisition Corp I
2055879,VNMEW,current,Vendome Acquisition Corp I
899689,VNO,fundamentals,
899689,VNO-PL,current,VORNADO REALTY TRUST
899689,VNO-PM,current,VORNADO REALTY TRUST
899689,VNO-PN,current,VORNADO REALTY TRUST
899689,VNO-PO,current,VORNADO REALTY TRUST
2074176,VNOM,fundamentals,
899689,VNORP,current,VORNADO REALTY TRUST
1699709,VNOV,fundamentals,
93314,VNRX,fundamentals,
1786842,VNT,fundamentals,
1817229,VOR,fundamentals,
1535929,VOYA,fundamentals,
1535929,VOYA-PB,current,"Voya Financial, Inc."
1788060,VOYG,fundamentals,
1487952,VPG,fundamentals,
1410738,VPLM,fundamentals,
1376231,VPRB,fundamentals,
1495320,VRA,fundamentals,
1660334,VRCA,fundamentals,
1590750,VRDN,fundamentals,
1506929,VRDR,fundamentals,
924901,VRE,fundamentals,
1771706,VREOD,current,Vireo Growth Inc.
1771706,VREOF,fundamentals,
1681622,VREX,fundamentals,
1580864,VRM,fundamentals,
1104038,VRME,fundamentals,
1580864,VRMWW,current,"Vroom, Inc."
1848416,VRNO,fundamentals,
1848416,VRNOD,current,Verano Holdings Corp.
1361113,VRNS,fundamentals,
1682745,VRRM,fundamentals,
1442145,VRSK,fundamentals,
1014473,VRSN,fundamentals,
1879001,VRSSF,fundamentals,
1674101,VRT,fundamentals,
883237,VRTS,fundamentals,
1599489,VRTV,delisted_seed,Veritiv Corp
875320,VRTX,fundamentals,
1701963,VS,fundamentals,
797721,VSAT,fundamentals,
1697884,VSBC,fundamentals,
102752,VSEC,fundamentals,
102752,VSECU,current,VSE CORP
1864531,VSEE,fundamentals,
1864531,VSEEW,current,"VSEE HEALTH, INC."
103730,VSH,fundamentals,
2067876,VSNT,fundamentals,
2028541,VSOL,fundamentals,
1692819,VST,fundamentals,
1898604,VSTD,fundamentals,
1526119,VSTM,fundamentals,
1967649,VSTS,fundamentals,
1856437,VSXY,fundamentals,
1716621,VTAK,fundamentals,
1411685,VTGN,fundamentals,
1606242,VTIX,fundamentals,
1525221,VTOL,fundamentals,
740260,VTR,fundamentals,
1792044,VTRS,fundamentals,
1944558,VTS,fundamentals,
1085243,VTSI,fundamentals,
1641489,VTVT,fundamentals,
1463972,VUZI,fundamentals,
1716166,VVOS,fundamentals,
1674910,VVV,fundamentals,
1601548,VVX,fundamentals,
2038439,VWAV,fundamentals,
2038439,VWAVW,current,"VisionWave Holdings, Inc."
1913838,VWFB,fundamentals,
72444,VXRT,fundamentals,
1424768,VYCO,fundamentals,
1640266,VYGR,fundamentals,
19617,VYLD,current,JPMORGAN CHASE & CO
1745078,VYND,fundamentals,
1566044,VYNE,fundamentals,
1308027,VYST,fundamentals,
70866,VYX,fundamentals,
732712,VZ,fundamentals,
1616707,W,fundamentals,
943452,WAB,fundamentals,
311094,WABC,fundamentals,
936528,WAFD,fundamentals,
936528,WAFDP,current,WAFD INC
1212545,WAL,fundamentals,
1212545,WAL-PA,current,WESTERN ALLIANCE BANCORPORATION
1840199,WALD,fundamentals,
1840199,WALDW,current,Waldencast plc
1893899,WAMFF,fundamentals,
737468,WASH,fundamentals,
1515139,WAST,fundamentals,
1000697,WAT,fundamentals,
1575793,WATT,fundamentals,
1990354,WAY,fundamentals,
1437107,WBD,fundamentals,
885275,WBHC,fundamentals,
2064947,WBI,fundamentals,
801337,WBS,fundamentals,
801337,WBS-PF,current,WEBSTER FINANCIAL CORP
801337,WBS-PG,current,WEBSTER FINANCIAL CORP
1645155,WBSR,fundamentals,
1997859,WBTN,fundamentals,
929008,WCC,fundamentals,
1279363,WCG,delisted_seed,"WELLCARE HEALTH PLANS, INC."
1318220,WCN,fundamentals,
1497770,WD,fundamentals,
1327811,WDAY,fundamentals,
106040,WDC,fundamentals,
105132,WDFC,fundamentals,
1281984,WDLF,fundamentals,
1813744,WDSP,fundamentals,
1471824,WEAT,current,Teucrium Commodity Trust
1609151,WEAV,fundamentals,
783325,WEC,fundamentals,
766704,WELL,fundamentals,
1877557,WELNF,fundamentals,
107815,WELPM,current,WISCONSIN ELECTRIC POWER CO
107815,WELPP,fundamentals,
30697,WEN,fundamentals,
2104260,WENC,fundamentals,
2104260,WENC-RI,current,West Enclave Merger Corp.
2104260,WENC-UN,current,West Enclave Merger Corp.
2057043,WENN,fundamentals,
2057043,WENNU,current,WEN Acquisition Corp
2057043,WENNW,current,WEN Acquisition Corp
793074,WERN,fundamentals,
1423902,WES,fundamentals,
1806347,WEST,fundamentals,
1826660,WETH,fundamentals,
1616156,WEWA,fundamentals,
1309108,WEX,fundamentals,
106532,WEYS,fundamentals,
72971,WFC,fundamentals,
72971,WFC-PA,current,WELLS FARGO & COMPANY/MN
72971,WFC-PC,current,WELLS FARGO & COMPANY/MN
72971,WFC-PD,current,WELLS FARGO & COMPANY/MN
72971,WFC-PL,current,WELLS FARGO & COMPANY/MN
72971,WFC-PY,current,WELLS FARGO & COMPANY/MN
72971,WFC-PZ,current,WELLS FARGO & COMPANY/MN
1360565,WFCF,fundamentals,
72971,WFCNP,current,WELLS FARGO & COMPANY/MN
1603923,WFRD,fundamentals,
107687,WGO,fundamentals,
2030763,WGRX,fundamentals,
1818331,WGS,fundamentals,
1818331,WGSWW,current,GeneDx Holdings Corp.
1722684,WH,fundamentals,
1699136,WHD,fundamentals,
943535,WHEN,fundamentals,
1552198,WHF,fundamentals,
1552198,WHFCL,current,"WhiteHorse Finance, Inc."
1165002,WHG,fundamentals,
1013706,WHLM,fundamentals,
1527541,WHLR,fundamentals,
1527541,WHLRD,current,"Wheeler Real Estate Investment Trust, Inc."
1527541,WHLRL,current,"Wheeler Real Estate Investment Trust, Inc."
1527541,WHLRP,current,"Wheeler Real Estate Investment Trust, Inc."
1025771,WHLT,fundamentals,
106640,WHR,fundamentals,
106640,WHR-PA,current,WHIRLPOOL CORP /DE/
1422142,WHWK,fundamentals,
908315,WINA,fundamentals,
1636222,WING,fundamentals,
946486,WINT,fundamentals,
1854463,WINV,fundamentals,
1854463,WINVR,current,WinVest Acquisition Corp.
1854463,WINVU,current,WinVest Acquisition Corp.
1854463,WINVW,current,WinVest Acquisition Corp.
850460,WIRE,delisted_seed,ENCORE WIRE CORP
1445305,WK,fundamentals,
789460,WKC,fundamentals,
1425287,WKHS,fundamentals,
1096275,WKSP,fundamentals,
1370450,WLDN,fundamentals,
1018164,WLFC,fundamentals,
2083946,WLII,fundamentals,
2083946,WLIIU,current,Willow Lane Acquisition Corp. II
2083946,WLIIW,current,Willow Lane Acquisition Corp. II
1262823,WLK,fundamentals,
1604665,WLKP,fundamentals,
1887912,WLSS,fundamentals,
1524566,WLTH,fundamentals,
107140,WLY,fundamentals,
107140,WLYB,current,"JOHN WILEY & SONS, INC."
823768,WM,fundamentals,
107263,WMB,fundamentals,
1319161,WMG,fundamentals,
105418,WMK,fundamentals,
1604028,WMS,fundamentals,
104169,WMT,fundamentals,
879526,WNC,fundamentals,
1071840,WNDW,fundamentals,
1157647,WNEB,fundamentals,
1528188,WNFT,fundamentals,
1528188,WNFTD,current,Worldwide NFT Inc.
1503658,WNHK,fundamentals,
1558740,WNLV,fundamentals,
895419,WOLF,fundamentals,
1826470,WOOF,fundamentals,
108516,WOR,fundamentals,
1674227,WORX,fundamentals,
2081536,WPAC,fundamentals,
2081536,WPAC-RI,current,White Pearl Acquisition Corp.
2081536,WPAC-UN,current,White Pearl Acquisition Corp.
1025378,WPC,fundamentals,
1702924,WRAP,fundamentals,
11544,WRB,fundamentals,
11544,WRB-PE,current,BERKLEY W R CORP
11544,WRB-PF,current,BERKLEY W R CORP
11544,WRB-PG,current,BERKLEY W R CORP
11544,WRB-PH,current,BERKLEY W R CORP
1504776,WRBY,fundamentals,
108385,WRLD,fundamentals,
1968487,WS,fundamentals,
203596,WSBC,fundamentals,
203596,WSBCO,current,WESBANCO INC
1569994,WSBF,fundamentals,
2047235,WSBK,fundamentals,
1647088,WSC,fundamentals,
828944,WSFS,fundamentals,
719955,WSM,fundamentals,
105016,WSO,fundamentals,
105016,WSO-B,current,WATSCO INC
1175535,WSR,fundamentals,
105770,WST,fundamentals,
2076192,WSTN,fundamentals,
2076192,WSTNR,current,Westin Acquisition Corp
2076192,WSTNU,current,Westin Acquisition Corp
1621906,WSTRF,fundamentals,
1819516,WSUPW,current,Wheels Up Experience Inc.
880631,WT,fundamentals,
1166928,WTBA,fundamentals,
1532390,WTER,fundamentals,
1015328,WTFC,fundamentals,
1015328,WTFCN,current,WINTRUST FINANCIAL CORP
2053927,WTG,fundamentals,
2053927,WTGUR,current,Wintergreen Acquisition Corp.
2053927,WTGUU,current,Wintergreen Acquisition Corp.
1288403,WTI,fundamentals,
776867,WTM,fundamentals,
78128,WTRG,fundamentals,
795403,WTS,fundamentals,
1693256,WTTR,fundamentals,
1140536,WTW,fundamentals,
1365135,WU,fundamentals,
1083301,WULF,fundamentals,
1631574,WVE,fundamentals,
838875,WVVI,fundamentals,
838875,WVVIP,current,WILLAMETTE VALLEY VINEYARDS INC
105319,WW,fundamentals,
108312,WWD,fundamentals,
1091907,WWE,delisted_seed,"WORLD WRESTLING ENTERTAINMENT, LLC"
839470,WWR,fundamentals,
110471,WWW,fundamentals,
106535,WY,fundamentals,
2042022,WYFI,fundamentals,
723533,WYGC,fundamentals,
1361658,WYN,delisted_seed,WYNDHAM WORLDWIDE CORP
1174922,WYNN,fundamentals,
1560143,WYTC,fundamentals,
1034760,WYY,fundamentals,
1163302,X,delisted_seed,UNITED STATES STEEL LLC
1023458,XAEIU,fundamentals,
1842939,XAGE,fundamentals,
1842939,XAGEW,current,"Longevity Health Holdings, Inc."
1641631,XAIR,fundamentals,
1534525,XBIO,fundamentals,
1626878,XBIT,fundamentals,
1839530,XBP,fundamentals,
1839530,XBPEW,current,"XBP Global Holdings, Inc."
2083493,XCBE,fundamentals,
2083493,XCBEU,current,X3 Acquisition Corp. Ltd.
2083493,XCBEW,current,X3 Acquisition Corp. Ltd.
1698530,XCUR,fundamentals,
2088896,XE,fundamentals,
72903,XEL,fundamentals,
1083220,XELB,fundamentals,
72903,XELLL,current,XCEL ENERGY INC
1582313,XENE,fundamentals,
1481504,XERI,fundamentals,
1867096,XERS,fundamentals,
2088103,XFLH,fundamentals,
2088103,XFLH-RI,current,XFLH Capital Corp
2088103,XFLH-UN,current,XFLH Capital Corp
1501697,XFOR,fundamentals,
1274737,XGN,fundamentals,
2030954,XHLD,fundamentals,
1616000,XHR,fundamentals,
1603145,XIFR,fundamentals,
1651932,XITO,fundamentals,
743988,XLNX,delisted_seed,"XILINX, INCORPORATED"
1840233,XLO,fundamentals,
1473334,XMAX,fundamentals,
1657573,XMTR,fundamentals,
1326732,XNCR,fundamentals,
34088,XOM,fundamentals,
791908,XOMA,fundamentals,
791908,XOMAO,current,XOMA Royalty Corp
791908,XOMAP,current,XOMA Royalty Corp
1819493,XOS,fundamentals,
1819493,XOSWW,current,"Xos, Inc."
1767258,XPEL,fundamentals,
1788999,XPER,fundamentals,
917225,XPL,fundamentals,
1166003,XPO,fundamentals,
1802156,XPOF,fundamentals,
1894954,XPON,fundamentals,
1575828,XPRO,fundamentals,
818479,XRAY,fundamentals,
1533615,XRN,fundamentals,
1533615,XRN-PA,current,Chiron Real Estate Inc.
1533615,XRN-PB,current,Chiron Real Estate Inc.
2039525,XRP,fundamentals,
2044009,XRPN,fundamentals,
2044009,XRPNU,current,Armada Acquisition Corp. II
2044009,XRPNW,current,Armada Acquisition Corp. II
1770450,XRX,fundamentals,
1770450,XRXDW,current,Xerox Holdings Corp
2088807,XSLL,fundamentals,
2088807,XSLLU,current,Xsolla SPAC 1
2088807,XSLLW,current,Xsolla SPAC 1
1288770,XTGRF,fundamentals,
1529113,XTIA,fundamentals,
1453593,XTNT,fundamentals,
1410428,XWEL,fundamentals,
931755,XXAAU,fundamentals,
2070457,XXI,fundamentals,
1347858,XXII,fundamentals,
1524472,XYL,fundamentals,
1512673,XYZ,fundamentals,
1873951,XZO,fundamentals,
895464,YBGJ,fundamentals,
1644903,YCBD,fundamentals,
1415311,YCL,current,ProShares Trust II
1415311,YCS,current,ProShares Trust II
2075336,YCY,fundamentals,
2075336,YCY-UN,current,AA Mission Acquisition Corp. II
2075336,YCY-WT,current,AA Mission Acquisition Corp. II
1345016,YELP,fundamentals,
1670592,YETI,fundamentals,
1614178,YEXT,fundamentals,
1843165,YHC,fundamentals,
1042187,YHGJ,fundamentals,
2020987,YHNA,fundamentals,
2020987,YHNAR,current,YHN Acquisition I Ltd
2020987,YHNAU,current,YHN Acquisition I Ltd
108985,YORW,fundamentals,
1907730,YOTA,fundamentals,
1856314,YOU,fundamentals,
2071489,YSGL,fundamentals,
2086587,YSS,fundamentals,
1859836,YSWY,fundamentals,
1311673,YTFD,fundamentals,
1041061,YUM,fundamentals,
1673358,YUMC,fundamentals,
1674440,YYAI,fundamentals,
1617640,Z,current,"ZILLOW GROUP, INC."
1327978,ZARE,fundamentals,
1136869,ZBH,fundamentals,
1953926,ZBIO,fundamentals,
877212,ZBRA,fundamentals,
1854275,ZCAR,fundamentals,
1854275,ZCARW,current,"Zoomcar Holdings, Inc."
1720265,ZCSH,fundamentals,
1084048,ZD,fundamentals,
1667313,ZDGE,fundamentals,
1279620,ZDPY,fundamentals,
1865506,ZEO,fundamentals,
1865506,ZEOWW,current,Zeo Energy Corp.
1557376,ZEOX,fundamentals,
1851003,ZETA,fundamentals,
1617640,ZG,fundamentals,
1794276,ZHJD,fundamentals,
1794515,ZI,delisted_seed,ZoomInfo Technologies Inc.
1465311,ZICX,fundamentals,
109380,ZION,fundamentals,
109380,ZIONP,current,"ZIONS BANCORPORATION, NATIONAL ASSOCIATION /UT/"
1617553,ZIP,fundamentals,
1101026,ZIVO,fundamentals,
1101026,ZIVOW,current,"Zivo Bioscience, Inc."
2087447,ZKP,fundamentals,
2087447,ZKPU,current,Lafayette Digital Acquisition Corp. I
2087447,ZKPW,current,Lafayette Digital Acquisition Corp. I
1704292,ZLAB,fundamentals,
1489300,ZLME,fundamentals,
1585521,ZM,fundamentals,
1131312,ZNOG,fundamentals,
1131312,ZNOGW,current,ZION OIL & GAS INC
1725160,ZNTL,fundamentals,
1684144,ZOMDF,fundamentals,
1956741,ZONE,fundamentals,
1843714,ZPTA,fundamentals,
1843714,ZPTAW,current,"Zapata Quantum, Inc."
1713683,ZS,fundamentals,
1415311,ZSL,current,ProShares Trust II
1637147,ZSPC,fundamentals,
1759186,ZSQR,fundamentals,
1790169,ZSTK,fundamentals,
1555280,ZTS,fundamentals,
1318008,ZUMZ,fundamentals,
1855644,ZURA,fundamentals,
1854139,ZVIA,fundamentals,
1434647,ZVRA,fundamentals,
1859007,ZVSA,fundamentals,
1439288,ZWS,fundamentals,
1937653,ZYME,fundamentals,
846475,ZYXIQ,fundamentals,
